,Time,10,20,30,40,50,60,70,80,90,100,200,300,400,500,600,700,800,900,1000
0,0.0,50.000000494999995,50.000000495,50.000000495,50.000000494999995,50.000000495,50.000000494999995,50.000000495,50.000000494999995,50.000000494999995,50.000000495,50.000000495,50.000000494999995,50.000000494999995,50.000000495,,,,,
1,0.154896,1.4557156098105918e-06,3.1552669888539725e-06,1.4490480473593985e-06,1.0133763025184072e-06,1.0804791156524305e-06,4.2873238305235867e-07,1.0295055544560206e-06,1.015065043379703e-06,1.0242457339928061e-06,9.689624673584161e-07,1.0505835383384985e-06,1.1938761092119816e-06,1.1225285061515822e-06,1.1611200656123335e-06,,,,,
2,0.644304,1.0656622010437819e-06,2.3136300127440212e-06,1.06072676252939e-06,7.407835877410056e-07,7.90020640151109e-07,3.1189855726209273e-07,7.52617048049767e-07,7.419897876649703e-07,7.487485593414142e-07,7.081559388744933e-07,7.680956950359834e-07,8.733284539581142e-07,8.209329572685757e-07,8.492758238251007e-07,,,,,
3,0.999,4.949027194613884e-06,1.0704762339729734e-05,4.926130724233573e-06,3.4504288487304224e-06,3.6773937682878044e-06,1.4737562771465446e-06,3.5049729009565372e-06,3.4558813236171668e-06,3.4871103605785455e-06,3.2999000136922943e-06,3.5763652868817073e-06,4.061750812886697e-06,3.820081917186769e-06,3.950818518775579e-06,,,,,
4,1.153896,1.453822126285242e-06,3.1531199115960226e-06,1.4470448235718787e-06,1.011357414898428e-06,1.0783501155453195e-06,4.2794820297235243e-07,1.027457032051907e-06,1.0129539986830254e-06,1.022180668937358e-06,9.669107103420716e-07,1.048534687316242e-06,1.1918418507191455e-06,1.120491153939085e-06,1.1590910202226656e-06,,,,,
5,1.643304,1.0646562092804003e-06,2.3128861320215036e-06,1.059637695324242e-06,7.395763161941957e-07,7.887502691630551e-07,3.1144004211736603e-07,7.51392995044861e-07,7.407169961504038e-07,7.47510997201095e-07,7.069143739415043e-07,7.668764388937378e-07,8.721550904943034e-07,8.197397311267975e-07,8.480981664557272e-07,,,,,
6,1.998,4.945627604595505e-06,1.0704021101302593e-05,4.922339956106866e-06,3.4457477371230317e-06,3.672478900061639e-06,1.4720197284333514e-06,3.5002303714224633e-06,3.450904761489662e-06,3.4823011197060253e-06,3.2950277800545737e-06,3.571661182684983e-06,4.05737215844807e-06,3.815554764388242e-06,3.946393800209728e-06,,,,,
7,2.152896,1.4531990282165323e-06,3.1537269752439774e-06,1.4463037774308669e-06,1.010247102196482e-06,1.0771883167092783e-06,4.275514109893156e-07,1.0263334570620934e-06,1.0117583892910123e-06,1.0210360229408072e-06,9.657337318783564e-07,1.0474274880442883e-06,1.1908658418270332e-06,1.1194537623711027e-06,1.1580933204620422e-06,,,,,
8,2.642304,1.0645819582618832e-06,2.314165067216767e-06,1.0594743209296707e-06,7.390345213375848e-07,7.881883452247097e-07,3.1126535745515866e-07,7.508463627349762e-07,7.401145278364857e-07,7.469475155542004e-07,7.063133266442153e-07,7.663468993268818e-07,8.717572495250372e-07,8.192791427678475e-07,8.476762448355169e-07,,,,,
9,2.997,4.946523662211919e-06,1.0712615042869146e-05,4.922816850603857e-06,3.4441318046682852e-06,3.6708272284354416e-06,1.4715907949127245e-06,3.4986078848301953e-06,3.44901513230363e-06,3.4805964601291675e-06,3.293105107300943e-06,3.570133951364669e-06,4.0565668998923676e-06,3.8144028651009167e-06,3.945451079124321e-06,,,,,
10,3.151896,1.4538444232430703e-06,3.1570931863021624e-06,1.4468229502214717e-06,1.010041182255657e-06,1.0769893613879602e-06,4.275405111181104e-07,1.0261304172784565e-06,1.0114734361941674e-06,1.0208073316385253e-06,9.654268565681066e-07,1.047257642790008e-06,1.1909445213425047e-06,1.119412436747731e-06,1.1581232736505514e-06,,,,,
11,3.641304,1.065440055540773e-06,2.3174748609164546e-06,1.0602371807908632e-06,7.391565895023721e-07,7.883332183532166e-07,3.1137402336806684e-07,7.509753982432898e-07,7.401803499186369e-07,7.470563159367974e-07,7.063507752197826e-07,7.665054313728706e-07,8.721339993503647e-07,8.195499289810376e-07,8.480089905372655e-07,,,,,
12,3.996,4.951724626241603e-06,1.0730595414464161e-05,4.927570305859538e-06,3.4455783086780255e-06,3.672436142375848e-06,1.4724692592576575e-06,3.5001021513142094e-06,3.4502078192261045e-06,3.4819928580031594e-06,3.294127219517451e-06,3.5717808785394348e-06,4.059336173910295e-06,3.816625545206489e-06,3.947990730963461e-06,,,,,
13,4.150896,1.455763031254786e-06,3.163238038198757e-06,1.4486069384775294e-06,1.0107402881073955e-06,1.077754013340682e-06,4.2791605225410645e-07,1.0268484129992593e-06,1.0120992362819834e-06,1.0214950188741437e-06,9.65990069810726e-07,1.0480258458829459e-06,1.1920798944968476e-06,1.1203685604461706e-06,1.1591826198620553e-06,,,,,
14,4.640304,1.067235977014555e-06,2.322834257330762e-06,1.0619316430734065e-06,7.399444419854334e-07,7.891869987623564e-07,3.1176706212643425e-07,7.517819542695728e-07,7.409160067227831e-07,7.478391874149049e-07,7.070281168922004e-07,7.673540547847138e-07,8.732884993684103e-07,8.205547037636e-07,8.490993271547918e-07,,,,,
15,4.995,4.961262279065375e-06,1.0758063093134534e-05,4.936631552052366e-06,3.4501008283169206e-06,3.6773203937589882e-06,1.4746618431887395e-06,3.5047265262500504e-06,3.4544947142979695e-06,3.4865033507195236e-06,3.2981051187205323e-06,3.5766161704695715e-06,4.0657000216687264e-06,3.822240040421435e-06,3.954031575160341e-06,,,,,
16,5.149896,1.458966251971054e-06,3.1721957758081058e-06,1.451666962171264e-06,1.0123498841357787e-06,1.0794881761484267e-06,4.28680638154106e-07,1.0284928707994042e-06,1.0136407709240615e-06,1.0231044097206976e-06,9.674280249246744e-07,1.0497378001127187e-06,1.194279566492362e-06,1.1223288203994774e-06,1.1612785619769365e-06,,,,,
17,5.639304,1.0699801429478581e-06,2.330272955483424e-06,1.064567978866249e-06,7.41403566378938e-07,7.907555909891705e-07,3.124470137479332e-07,7.53271519085015e-07,7.423266457810693e-07,7.493015359286338e-07,7.083501920064185e-07,7.688984862486758e-07,8.75228047084025e-07,8.222999982976062e-07,8.509542142307225e-07,,,,,
18,5.994,4.975191363432227e-06,1.0795169944026746e-05,4.950054588146157e-06,3.4577294723300143e-06,3.6855123219855193e-06,1.4781823060830584e-06,3.5125112131742323e-06,3.461904402882982e-06,3.4941577364933975e-06,3.3050657575223628e-06,3.5846711682020904e-06,4.075697678442752e-06,3.83128174984127e-06,3.963611148860096e-06,,,,,
19,6.148896,1.4634723206280195e-06,3.1840158574878462e-06,1.4560210201361105e-06,1.0148803469771229e-06,1.0822029803346506e-06,4.2983896484915317e-07,1.0310742234205001e-06,1.0161079802736616e-06,1.0256458092833986e-06,9.69750113095897e-07,1.0524043002391392e-06,1.1975568505776205e-06,1.1253053033727075e-06,1.1644238685287457e-06,,,,,
20,6.638304,1.0736880596789881e-06,2.3398320105006455e-06,1.068161503432222e-06,7.43543095930591e-07,7.930487790856791e-07,3.1341797194107045e-07,7.554532955620845e-07,7.44421092611136e-07,7.514524624165133e-07,7.103253547142159e-07,7.711482213902779e-07,8.779641805159398e-07,8.24796353507323e-07,8.535847452742354e-07,,,,,
21,6.993,4.993590326104201e-06,1.0842120876157949e-05,4.967916922587789e-06,3.4685113104473385e-06,3.6970623164287806e-06,1.4830516385290813e-06,3.5235036949865565e-06,3.4724825747390632e-06,3.5050030010342266e-06,3.315052428384255e-06,3.5959947935600087e-06,4.089388121558937e-06,3.843804734515278e-06,3.976786232792897e-06,,,,,
22,7.147896,1.4693065556849005e-06,3.198763626238241e-06,1.4616941366484916e-06,1.0183471132823097e-06,1.0859149415874836e-06,4.313978864578808e-07,1.0346080578786198e-06,1.0195159052586338e-06,1.0291346493577783e-06,9.729705980105768e-07,1.056041385800121e-06,1.2019309534308376e-06,1.1293156655317174e-06,1.1686370519976961e-06,,,,,
23,7.637304,1.0783805305719372e-06,2.351564393120934e-06,1.0727327860718865e-06,7.463759390044851e-07,7.960803650945907e-07,3.1468564134902176e-07,7.583403312986886e-07,7.472119761576443e-07,7.543048917587904e-07,7.129655920680962e-07,7.741166686998319e-07,8.815128386271865e-07,8.280584675840968e-07,8.570063023871938e-07,,,,,
24,7.992,5.016562387100143e-06,1.0899176644912429e-05,4.9903206366767685e-06,3.4825110396921445e-06,3.7120395287346635e-06,1.489298355812673e-06,3.5377694046469127e-06,3.4862926724490906e-06,3.5191039824073235e-06,3.3281253796471618e-06,3.6106542385450113e-06,4.10685089069089e-06,3.8598824738981755e-06,3.993633642801182e-06,,,,,
25,8.146896,1.4765017048001709e-06,3.216521207044087e-06,1.4687187054121616e-06,1.0227708981846247e-06,1.0906461941931416e-06,4.333665110962757e-07,1.0391153356387465e-06,1.0238849009650434e-06,1.0335917067591591e-06,9.771088186917933e-07,1.0606705671801871e-06,1.2074272426063663e-06,1.1343833796757451e-06,1.173942627132727e-06,,,,,
26,8.636304,1.084083941561847e-06,2.365535721743692e-06,1.0783079339363867e-06,7.499189620140114e-07,7.998683644111726e-07,3.162574175724117e-07,7.619497032236262e-07,7.5071590817287e-07,7.578757558992789e-07,7.162866946388105e-07,7.778213388566619e-07,8.858945839059604e-07,8.321054022909491e-07,8.6123877148314e-07,,,,,
27,8.991,5.044236961751975e-06,1.0966657473351532e-05,5.017393797742696e-06,3.4998119029815457e-06,3.7305328535436674e-06,1.4969588989354679e-06,3.555392652863241e-06,3.503416794182263e-06,3.5365442914462896e-06,3.3443626744844855e-06,3.6287359161049973e-06,4.1281872016723995e-06,3.8796088997788064e-06,4.014251307476797e-06,,,,,
28,9.145896,1.4850983979240378e-06,3.237388653618154e-06,1.4771349397612849e-06,1.0281779901917203e-06,1.0964248057851348e-06,4.3575632937673104e-07,1.0446226906176292e-06,1.0292409270140277e-06,1.0390433990408076e-06,9.82189465870616e-07,1.066319130844987e-06,1.2140776029708857e-06,1.1405380665620245e-06,1.1803714560027297e-06,,,,,
29,9.635304,1.0908306286478524e-06,2.3818251861244722e-06,1.0849189571138495e-06,7.5419323064084e-07,8.044352631678363e-07,3.1814249206340174e-07,7.663027615401838e-07,7.54953721268531e-07,7.621862359663977e-07,7.203084831626702e-07,7.822840944247605e-07,8.911348928971493e-07,8.369608534424914e-07,8.663068237156782e-07,,,,,
30,9.99,5.076771472404486e-06,1.1044947587494114e-05,5.049292258801521e-06,3.520516884302097e-06,3.7526522035364463e-06,1.50607815370229e-06,3.5764778372871725e-06,3.523956874705431e-06,3.5574275120537204e-06,3.363861315558953e-06,3.6503466973533427e-06,4.153521382999101e-06,3.90309973485775e-06,4.038759660169534e-06,,,,,
31,10.144896,1.495145719315875e-06,3.261485374898895e-06,1.4869914408367478e-06,1.0346006303373806e-06,1.1032851817654582e-06,4.385813788913027e-07,1.0511628129314135e-06,1.035615922664614e-06,1.0455221654607027e-06,9.88242939258194e-07,1.07302053183817e-06,1.2219208915173954e-06,1.1478159190777262e-06,1.1879611888766051e-06,,,,,
32,10.634304,1.0986593370012618e-06,2.4005266874291417e-06,1.092604224609872e-06,7.592243158013199e-07,8.098083445301328e-07,3.203519846858681e-07,7.714254395407333e-07,7.599507720283219e-07,7.672620698806421e-07,7.250550973071271e-07,7.875314665972445e-07,8.972645224031116e-07,8.426534927680481e-07,8.722402706017227e-07,,,,,
33,10.989,5.11435359775726e-06,1.1134500787871989e-05,5.086201892445335e-06,3.544750212675025e-06,3.7785301131438514e-06,1.5167101017971532e-06,3.60115096580331e-06,3.5480361765375547e-06,3.581878713750323e-06,3.386738665780388e-06,3.675615468534323e-06,4.183002673433878e-06,3.930494171875293e-06,4.067303382634949e-06,,,,,
34,11.143896,1.5067019137590194e-06,3.28895188010437e-06,1.498345898928234e-06,1.042077485883842e-06,1.111268570366108e-06,4.418584491215904e-07,1.0587749288015725e-06,1.0430482768414427e-06,1.0530669435387928e-06,9.95305795440712e-07,1.0808148841769635e-06,1.231003502808467e-06,1.1562602307171637e-06,1.1967568128213358e-06,,,,,
35,11.633304,1.107615784085759e-06,2.4217502260469645e-06,1.1014090235516943e-06,7.650426727504789e-07,8.160200928455076e-07,3.2289910755980794e-07,7.77348637786379e-07,7.657373175065558e-07,7.731339338846881e-07,7.305553544917563e-07,7.935950476622054e-07,9.043199613244173e-07,8.492173904904721e-07,8.790745025185439e-07,,,,,
36,11.988,5.157204021096759e-06,1.1235847212231485e-05,5.12834131987557e-06,3.5726592164721544e-06,3.8083237152084067e-06,1.5289186217604674e-06,3.6295615359983883e-06,3.5758011325180305e-06,3.61004631827531e-06,3.4131342045127357e-06,3.7046950506974634e-06,4.2168074300540535e-06,3.961956939491882e-06,4.100053548224657e-06,,,,,
37,12.142896,1.519835246377066e-06,3.319951891330268e-06,1.5112659472777157e-06,1.0506542317760194e-06,1.1204236824164978e-06,4.456073324612696e-07,1.0675053899898953e-06,1.0515834062049265e-06,1.061723754486328e-06,1.0034212989048908e-06,1.089749562792946e-06,1.241380060703542e-06,1.165922043030985e-06,1.2068113232203445e-06,,,,,
38,12.632304,1.117753342465334e-06,2.445623576676212e-06,1.1113862372024638e-06,7.716841040190249e-07,8.231086870390427e-07,3.257993647936101e-07,7.841086934871972e-07,7.723489757483508e-07,7.79837908759947e-07,7.368431889067755e-07,8.00511970246418e-07,9.123439808083052e-07,8.566925304951277e-07,8.868510228792934e-07,,,,,
39,12.987,5.205579754656326e-06,1.1349601483924947e-05,5.1759652118727685e-06,3.604416580874439e-06,3.842217146834509e-06,1.5427784625802238e-06,3.661884824302162e-06,3.607423592307011e-06,3.6421043733763726e-06,3.4432116693161582e-06,3.737764536654064e-06,4.255141809221276e-06,3.9976808135085345e-06,4.137210225317301e-06,,,,,
40,13.141896,1.534625040466002e-06,3.3546748851387204e-06,1.5258301926172652e-06,1.0603842565634706e-06,1.1308074436229136e-06,4.498511285403024e-07,1.0774083897031565e-06,1.0612744579005132e-06,1.0715464143363132e-06,1.012640092061224e-06,1.0998799342985818e-06,1.2531142561399838e-06,1.1768609305909497e-06,1.2181865374205299e-06,,,,,
41,13.631304,1.1291338619747137e-06,2.4722943001737566e-06,1.1225971613453682e-06,7.791903196804394e-07,8.311185976325285e-07,3.2907079390605493e-07,7.917479487636584e-07,7.798272837709756e-07,7.874160443206864e-07,7.439581835477587e-07,8.083254872897248e-07,9.213862986550501e-07,8.651254330553112e-07,8.956180934859634e-07,,,,,
42,13.986,5.259778136924309e-06,1.1476472489496287e-05,5.229368257954574e-06,3.6402230749695486e-06,3.880424455252496e-06,1.558376418473601e-06,3.6983246522072074e-06,3.6431035390506154e-06,3.6782553007569566e-06,3.4771616463992646e-06,3.775032113958544e-06,4.29824499901845e-06,4.037889647140841e-06,4.179005617318774e-06,,,,,
43,14.140896,1.551162923914526e-06,3.3933391400144473e-06,1.542129452833977e-06,1.0713295138145518e-06,1.142485901751388e-06,4.5461661088273027e-07,1.0885468262808038e-06,1.0721831579334778e-06,1.0825973919500717e-06,1.0230210042452416e-06,1.1112702383130107e-06,1.2662798557877723e-06,1.1891459467689913e-06,1.2309540746296538e-06,,,,,
44,14.630304,1.1418286558673138e-06,2.501932154074366e-06,1.1351124835075703e-06,7.876096118983007e-07,8.40101305438216e-07,3.327342562174477e-07,8.003154349743933e-07,7.882203698987828e-07,7.959170392593961e-07,7.519462113808531e-07,8.170856702718564e-07,9.315043779807952e-07,8.745699038915792e-07,9.054315104982129e-07,,,,,
45,14.985,5.320141623987298e-06,1.1617275090070141e-05,5.2888899240932835e-06,3.680310831939819e-06,3.923193092566623e-06,1.5758127406901814e-06,3.739116714180312e-06,3.6830723593929794e-06,3.718733202246654e-06,3.5152046891341618e-06,3.816738460178189e-06,4.34639310157786e-06,4.082842012776349e-06,4.225707834905913e-06,,,,,
46,15.139896,1.5695543224431116e-06,3.4361953858816223e-06,1.5602682397669733e-06,1.0835615453945958e-06,1.1555353167974618e-06,4.5993466721885564e-07,1.1009933414064176e-06,1.0843808314612488e-06,1.0949488404682299e-06,1.0346320247793522e-06,1.1239946466072386e-06,1.2809619126694756e-06,1.2028567595333588e-06,1.2451965322890365e-06,,,,,
47,15.629304,1.1559196817258943e-06,2.534731979288682e-06,1.1490134556273113e-06,7.96997665010563e-07,8.501161645624559e-07,3.368137853323583e-07,8.098676946650161e-07,7.975837616482199e-07,8.053970577596892e-07,7.60860205860273e-07,8.268502476634697e-07,9.427643851872617e-07,8.850879330975591e-07,9.163555353716085e-07,,,,,
48,15.984,5.3870635263969845e-06,1.1772944148166419e-05,5.354920149587472e-06,3.724947287002387e-06,3.970808110833125e-06,1.5952028312460362e-06,3.784532573398171e-06,3.7275967712127403e-06,3.7638078296454313e-06,3.5575950642144924e-06,3.863160818631324e-06,4.399903788609356e-06,4.132835571064647e-06,4.2776254203962935e-06,,,,,
49,16.138896,1.5899202475130486e-06,3.48353117628841e-06,1.5803665347067345e-06,1.0971627096922705e-06,1.170043469370229e-06,4.6584082764489216e-07,1.1148315663926394e-06,1.097949628001304e-06,1.1086838355406133e-06,1.0475514715774914e-06,1.1381385342636854e-06,1.2972582177112032e-06,1.2180850138750399e-06,1.2610088968067345e-06,,,,,
50,16.628304,1.1715009557030233e-06,2.5709171602854584e-06,1.1643932985054515e-06,8.074185278348383e-07,8.61231438131096e-07,3.413370051593646e-07,8.204697681986287e-07,8.079813557808014e-07,8.159207097637729e-07,7.707610861942857e-07,8.376856111803191e-07,9.552423386560254e-07,8.96750773457091e-07,9.284640113133983e-07,,,,,
51,16.983,5.460994881489784e-06,1.1944551349522239e-05,5.427906171907054e-06,3.774439904570161e-06,4.023597197445831e-06,1.6166792749708417e-06,3.834884458632131e-06,3.7769835402352067e-06,3.813789350712618e-06,3.604625250589327e-06,3.914617890466758e-06,4.4591418848869664e-06,4.188212312785734e-06,4.335112774724827e-06,,,,,
52,17.137896,1.6123994389558217e-06,3.5356761350029115e-06,1.6025619162980083e-06,1.1122276563850125e-06,1.1861112315722175e-06,4.723758984641688e-07,1.1301576187177738e-06,1.112983993048582e-06,1.1238978622436728e-06,1.0618693948834677e-06,1.1538000058320811e-06,1.3152810411706279e-06,1.234935966869876e-06,1.2785002362458855e-06,,,,,
53,17.627304,1.1886802485622614e-06,2.610743781400959e-06,1.1813588862317721e-06,8.189457817842485e-07,8.735255424980167e-07,3.4633563186835864e-07,8.32196379131819e-07,8.194865840377478e-07,8.275622287409641e-07,7.817188693364723e-07,8.496680245517196e-07,9.690254876867199e-07,9.096402353013347e-07,9.418417036855338e-07,,,,,
54,17.982,5.5424527001396036e-06,1.2133325425202506e-05,5.508360717112442e-06,3.829141860299131e-06,4.081936727203771e-06,1.640394280885088e-06,3.890531030286747e-06,3.831585150818452e-06,3.869034078233458e-06,3.6566313488938977e-06,3.97147571427582e-06,4.524526074573258e-06,4.249364856697742e-06,4.398576676537119e-06,,,,,
55,18.136896,1.6371509379796177e-06,3.5930082688196802e-06,1.6270121160695899e-06,1.1288651002160825e-06,1.2038544562379946e-06,4.795867242002478e-07,1.147081902027544e-06,1.129592438461262e-06,1.140700603559604e-06,1.077689266102582e-06,1.1710917307020463e-06,1.3351592256532836e-06,1.2535304533942072e-06,1.2977957349815624e-06,,,,,
56,18.626304,1.2075811247056911e-06,2.6545056346295836e-06,1.2000327714233292e-06,8.316639472488278e-07,8.870885451336289e-07,3.518460779797086e-07,8.451333613901381e-07,8.321838169206344e-07,8.404068897365167e-07,7.938140091264502e-07,8.62885078669719e-07,9.84213971597845e-07,9.238502448406619e-07,9.565859129017178e-07,,,,,
57,18.981,5.6320298900489825e-06,1.2340676541951757e-05,5.596871856241088e-06,3.8894588877032985e-06,4.146259054279451e-06,1.666522622758065e-06,3.951884328229709e-06,3.891806640150665e-06,3.929951373444744e-06,3.7139996010329713e-06,4.0341547498795975e-06,4.596536976889914e-06,4.316744035148757e-06,4.468484133138275e-06,,,,,
58,19.135896,1.6643571863453138e-06,3.655961590348456e-06,1.6538980968450596e-06,1.1471999602985252e-06,1.2234062553393861e-06,4.875271062807941e-07,1.165731277053975e-06,1.1478996779915396e-06,1.1592180974394883e-06,1.0951300150648476e-06,1.1901431564118593e-06,1.357040708898526e-06,1.27400725601162e-06,1.3190391463623322e-06,,,,,
59,19.625304,1.2283454018366106e-06,2.702540276843736e-06,1.2205556284901932e-06,8.456701821795133e-07,9.020239736099513e-07,3.5791018169177305e-07,8.593793829386123e-07,8.461700593436313e-07,8.545527220483449e-07,8.071390139421979e-07,8.774374488399572e-07,1.0009228223747744e-06,9.394887255787762e-07,9.728084214653321e-07,,,,,
60,19.98,5.730407239624005e-06,1.2568225841101226e-05,5.694114909573818e-06,3.955857556170837e-06,4.217061328129439e-06,1.695265193147088e-06,4.019418171993703e-06,3.95811386214039e-06,3.997011992677623e-06,3.77717427401455e-06,4.103138441937056e-06,4.675726904664431e-06,4.390868062311616e-06,4.545371868236504e-06,,,,,
61,20.134896,1.6942277737093417e-06,3.7250353625817398e-06,1.683427775360348e-06,1.1673759497432254e-06,1.2449197578209608e-06,4.962589147109548e-07,1.186251689437585e-06,1.1680492125844943e-06,1.1795953478896566e-06,1.1143284964723933e-06,1.211103187485884e-06,1.3810955759522869e-06,1.2965259727214796e-06,1.3423957602666012e-06,,,,,
62,20.624304,1.2511361304075213e-06,2.7552363903436573e-06,1.243089213538058e-06,8.610763418150949e-07,9.18451009064539e-07,3.645760909703252e-07,8.750480358520916e-07,8.615570069555133e-07,8.70112585991283e-07,8.218004085164355e-07,8.934410253415967e-07,1.019284391838623e-06,9.566798789701593e-07,9.906378539072577e-07,,,,,
63,20.979,5.838367953765061e-06,1.281784138602772e-05,5.800866887450232e-06,4.028875322083562e-06,4.294916197060921e-06,1.7268533172385146e-06,4.0936783598251755e-06,4.03104352199573e-06,4.07075822148717e-06,3.846667233440296e-06,4.178983616295156e-06,4.76273170704969e-06,4.4723336625028765e-06,4.629857836807728e-06,,,,,
64,21.133896,1.727003989533132e-06,3.8008053668718496e-06,1.7158405446490028e-06,1.1895587244224573e-06,1.2685714626832973e-06,5.058534393246422e-07,1.208811364781331e-06,1.1902064740323162e-06,1.2019994997078249e-06,1.1354424891554666e-06,1.2341434421769043e-06,1.4075197684902351e-06,1.321270502752469e-06,1.3680560098280455e-06,,,,,
65,21.623304,1.2761412203361668e-06,2.8130427748118226e-06,1.267819967713319e-06,8.780114882730333e-07,9.36507158574752e-07,3.718993403816702e-07,8.922703827400032e-07,8.784735516681603e-07,8.872167031314e-07,8.37921124408325e-07,9.110295089170551e-07,1.0394513074911915e-06,9.755669623015126e-07,1.0102225509358432e-06,,,,,
66,21.978,5.956815374648793e-06,1.3091682149927286e-05,5.918024097368869e-06,4.1091327937172235e-06,4.380484868485817e-06,1.7615540151291195e-06,4.175295113372371e-06,4.111215421245831e-06,4.151816240217873e-06,3.923069626316537e-06,4.262333164134551e-06,4.85828521369174e-06,4.561829645213709e-06,4.722655270244244e-06,,,,,
67,22.132896,1.762964381534134e-06,3.883937715699152e-06,1.7514127971169357e-06,1.2139397315136096e-06,1.2945653370048389e-06,5.16393040811074e-07,1.2336047135281854e-06,1.2145626673336996e-06,1.2266237185542027e-06,1.158654362077576e-06,1.2594622323367597e-06,1.4365396163516502e-06,1.3484533056910088e-06,1.3962398778904508e-06,,,,,
68,22.622304,1.3035778801505441e-06,2.876479398013859e-06,1.2949634283000587e-06,8.966249650492558e-07,9.563515288833666e-07,3.7994416990375396e-07,9.111980761585353e-07,8.970688511923161e-07,9.060157558812221e-07,8.556434286898872e-07,9.303575899713253e-07,1.061600092027661e-06,9.96315690805623e-07,1.0317340891135404e-06,,,,,
69,22.977,6.086794709594132e-06,1.3392252174622594e-05,6.0466237352609514e-06,4.197348782678199e-06,4.474533135428906e-06,1.799676457639836e-06,4.264998348655035e-06,4.1993474847313076e-06,4.240911297952506e-06,4.007066218622578e-06,4.353931605225517e-06,4.963236952323368e-06,4.660153559112981e-06,4.824589905468741e-06,,,,,
70,23.131896,1.8024315836065586e-06,3.975205892817022e-06,1.7904647099068094e-06,1.240740941074737e-06,1.3231378539257844e-06,5.279731799227086e-07,1.2608571314310698e-06,1.2413394946151765e-06,1.253691960944386e-06,1.184175581601988e-06,1.2872894555898612e-06,1.4684174062384695e-06,1.3783206362075427e-06,1.4272023122990196e-06,,,,,
71,23.621304,1.3336980843202118e-06,2.9461510667836884e-06,1.324769662250353e-06,9.170901868492406e-07,9.78168861556296e-07,3.887851500663932e-07,9.320072034910803e-07,9.175161126732726e-07,9.266847079664217e-07,8.751325340923369e-07,9.516048667509825e-07,1.085935622929575e-06,1.0191184300129563e-06,1.0553716176767018e-06,,,,,
72,23.976,6.229519842665766e-06,1.3722467707687982e-05,6.187870532270491e-06,4.294358892657254e-06,4.57795116826045e-06,1.8415799368176883e-06,4.363636534344813e-06,4.296274318677719e-06,4.338886451028127e-06,4.099453102580499e-06,4.4546443052175526e-06,5.07857402017119e-06,4.768232253504014e-06,4.936621254478234e-06,,,,,
73,24.130896,1.8457807584799882e-06,4.075511922644021e-06,1.8333686361374305e-06,1.2702207015076005e-06,1.3545642269029068e-06,5.407049278798169e-07,1.2908309397490053e-06,1.270795000932856e-06,1.2834648767446092e-06,1.2122522893802283e-06,1.3178926483910875e-06,1.5034582699579958e-06,1.4111590201266909e-06,1.4612399247394132e-06,,,,,
74,24.620304,1.3667953531750124e-06,3.0227644631959797e-06,1.357530005183118e-06,9.396093432100535e-07,1.0021745407587985e-06,3.9850919829125396e-07,9.54903058447488e-07,9.400172884355472e-07,9.494275456338402e-07,8.965810795949647e-07,9.749807073077213e-07,1.1126966647653334e-06,1.044199397279075e-06,1.0813672388142723e-06,,,,,
75,24.975,6.386406653095565e-06,1.408574105260346e-05,6.343169873355777e-06,4.401138638764282e-06,4.691778128591105e-06,1.8876837758482517e-06,4.472200144047078e-06,4.402970290828158e-06,4.446725866399172e-06,4.201159719436052e-06,4.565481371911388e-06,5.2054482732858375e-06,4.88714744288267e-06,5.059869046858092e-06,,,,,
76,25.129896,1.8934501128036801e-06,4.1859128723896395e-06,1.8805595575636722e-06,1.3026810384841537e-06,1.3891661802876542e-06,5.547180946036922e-07,1.3238327890522356e-06,1.3032308607890368e-06,1.3162471659901625e-06,1.2431722551706071e-06,1.3515845297097056e-06,1.5420187666745272e-06,1.4473033243075683e-06,1.4986993374437925e-06,,,,,
77,25.619304,1.4032132239630106e-06,3.1071495442516687e-06,1.3935854826599561e-06,9.644192803240541e-07,1.0286208549934397e-06,4.0921809946112965e-07,9.801261071401557e-07,9.648089476210446e-07,9.744832058521752e-07,9.20214733226201e-07,1.0007303280384558e-06,1.1421627839580604e-06,1.0718211640669742e-06,1.1099927327783801e-06,,,,,
78,25.974,6.559114740324192e-06,1.448608615286176e-05,6.514169278868021e-06,4.518832424723343e-06,4.817233017573537e-06,1.938479745698873e-06,4.5918510476144115e-06,4.520578456722573e-06,4.565584026306125e-06,4.3132764615403764e-06,4.687627599758106e-06,5.345210388489872e-06,5.018167738101697e-06,5.19564635788883e-06,,,,,
79,26.128896,1.945954097588903e-06,4.3076543102328535e-06,1.9325482088464876e-06,1.3384768257293198e-06,1.4273217120299706e-06,5.701651578595006e-07,1.3602229607381547e-06,1.339001532717963e-06,1.352396821363491e-06,1.2772736124869152e-06,1.388732477236091e-06,1.5845176608529824e-06,1.4871468926235486e-06,1.5399876658825813e-06,,,,,
80,26.618304,1.4433559222557942e-06,3.2002866579737316e-06,1.4333374207103997e-06,9.917989170917626e-07,1.0578048915937073e-06,4.2103168284881195e-07,1.0079595094864937e-06,9.921696788667698e-07,1.0021330499554411e-06,9.462992560607832e-07,1.0291424560092611e-06,1.1746630628638565e-06,1.10229285142963e-06,1.1415680334086754e-06,,,,,
81,26.973,6.7496001193701185e-06,1.4928252737203285e-05,6.702810801707829e-06,4.648790170863981e-06,4.955753666150016e-06,1.9945477545225824e-06,4.723959658122191e-06,4.6504471205494425e-06,4.696822639296775e-06,4.437089560786762e-06,4.822480311667261e-06,5.499452896813492e-06,5.162789120251344e-06,5.3455014644450685e-06,,,,,
82,27.127896,2.0039001239509102e-06,4.442212934773583e-06,1.9899376998482788e-06,1.3780274083288121e-06,1.4694774662724482e-06,5.872262413597388e-07,1.400427154571851e-06,1.3785258611349088e-06,1.3923368408955692e-06,1.3149559299296574e-06,1.4297705349043662e-06,1.6314495754861604e-06,1.5311543879303292e-06,1.585585798701527e-06,,,,,
83,27.617304,1.4877019265147025e-06,3.303341231488017e-06,1.477260935539046e-06,1.0220786803228859e-06,1.090078579851548e-06,4.3409186251799656e-07,1.0387386872069561e-06,1.0224295076816361e-06,1.0327103708648067e-06,9.75149489082976e-07,1.060559075054115e-06,1.2105871805517308e-06,1.1359805529728938e-06,1.176472006169439e-06,,,,,
84,27.972,6.960182386750179e-06,1.5417898424176304e-05,6.911397825950572e-06,4.792614043472073e-06,5.109046474194537e-06,2.0565758563432216e-06,4.8701523170353705e-06,4.794176474661889e-06,4.842057724286039e-06,4.5741255963981945e-06,4.971697624622858e-06,5.670065055269169e-06,5.322786556934598e-06,5.511271218316584e-06,,,,,
85,28.126896,2.068009931448022e-06,4.591351437074385e-06,2.0534447686945334e-06,1.421831475160093e-06,1.5161645632390982e-06,6.06115481960176e-07,1.4449515691962953e-06,1.4223019199212339e-06,1.4365702126875967e-06,1.3566943765745674e-06,1.4752147729249728e-06,1.683402452294541e-06,1.5798782174487108e-06,1.6360653815218136e-06,,,,,
86,28.616304,1.5368213801648814e-06,3.4177086095523245e-06,1.5259222530327478e-06,1.0556526278266367e-06,1.125861594142256e-06,4.4856782668201166e-07,1.0728636157947742e-06,1.0559819954376477e-06,1.0666126069407155e-06,1.0071408995396539e-06,1.0953879449421925e-06,1.2503996422266136e-06,1.173320721753932e-06,1.2151562896190544e-06,,,,,
87,28.971,7.193631196674278e-06,1.596181189762315e-05,7.142681088095061e-06,4.952218677850811e-06,5.27915050700704e-06,2.1253860270156183e-06,5.032372353531294e-06,4.953678700685391e-06,5.003220281673265e-06,4.726208851380148e-06,5.137260635369689e-06,5.859303522814431e-06,5.500280496283233e-06,5.69514979625233e-06,,,,,
88,29.125896,2.13914718785207e-06,4.757189884311295e-06,2.1239272385286604e-06,1.470486287640495e-06,1.5680190641016543e-06,6.270892584588859e-07,1.4944023969752892e-06,1.4709262018293855e-06,1.4856992858557183e-06,1.4030580353905888e-06,1.5256831413036969e-06,1.7410801129284108e-06,1.6339797604782227e-06,1.6921107639035256e-06,,,,,
89,29.615304,1.5913986835622966e-06,3.545072677792984e-06,1.5800011856126882e-06,1.092994194196725e-06,1.1656581113216575e-06,4.646627748795459e-07,1.1108147871480323e-06,1.09329995209141e-06,1.1043172031065828e-06,1.0427245766096558e-06,1.1341188567963023e-06,1.2946582495295886e-06,1.214837550033228e-06,1.2581632632628023e-06,,,,,
90,29.97,7.453278832113696e-06,1.6568205713902325e-05,7.399970681408205e-06,5.129909656736057e-06,5.468521013564341e-06,2.201967738832696e-06,5.212959639871877e-06,5.131256279918398e-06,5.182635342582798e-06,4.895536049996999e-06,5.3215544318254925e-06,6.06988440290807e-06,5.697823478968496e-06,5.899778240109191e-06,,,,,
91,30.124896,2.218353543319165e-06,4.942299724699066e-06,2.2024198932527334e-06,1.5247128257373386e-06,1.6258087309507416e-06,6.504569477855063e-07,1.5495113137627364e-06,1.5251187100261612e-06,1.5404510981897413e-06,1.4547338504484023e-06,1.5819214247986568e-06,1.8053317441010018e-06,1.694257115941661e-06,1.7545476836179044e-06,,,,,
92,30.614304,1.6522621534608637e-06,3.68748347316166e-06,1.6403206477455838e-06,1.1346768854344885e-06,1.2100788327326978e-06,4.826227684771797e-07,1.1531741855791714e-06,1.1349560847504577e-06,1.1464024533705748e-06,1.0824469385908417e-06,1.1773449906153634e-06,1.3440383599407416e-06,1.2611658006951584e-06,1.3061496486296087e-06,,,,,
93,30.969,7.743168525696709e-06,1.7247105437647938e-05,7.687283666950338e-06,5.328487029619395e-06,5.680139582627095e-06,2.2875222268725113e-06,5.4147555127182905e-06,5.329705277583192e-06,5.3831262221528266e-06,5.084774934382875e-06,5.527474918122856e-06,6.305104572770523e-06,5.9185143313971794e-06,6.128362495677946e-06,,,,,
94,31.123896,2.306896317514211e-06,5.149829231664842e-06,2.2901819408341282e-06,1.5853890863670197e-06,1.69046845871459e-06,6.765951613503383e-07,1.6111692263466964e-06,1.5857561798950524e-06,1.6017109087955027e-06,1.512558335154582e-06,1.644837600779349e-06,1.8771909146963656e-06,1.761681827570423e-06,1.8243812266979648e-06,,,,,
95,31.613304,1.7204234673419664e-06,3.847461356980274e-06,1.7078859193080564e-06,1.1814018343247085e-06,1.2598703038485914e-06,5.027485092893246e-07,1.2006532125519916e-06,1.1816504878513887e-06,1.1935752477020215e-06,1.1269759711235306e-06,1.225791343201794e-06,1.3993651654062983e-06,1.3130811922028442e-06,1.3599179142771444e-06,,,,,
96,31.968,8.068252497900272e-06,1.8010874183012252e-05,8.009541218077112e-06,5.551383704307394e-06,5.917661390407245e-06,2.383521636077657e-06,5.641243011505049e-06,5.5524534000466115e-06,5.6081538642262275e-06,5.297196036084786e-06,5.758571573228327e-06,6.569003764085898e-06,6.166150746238686e-06,6.384831109738624e-06,,,,,
97,32.122896,2.4063324421127196e-06,5.383673366609231e-06,2.388760673700553e-06,1.653594789706446e-06,1.7631478404748314e-06,7.059668483694905e-07,1.680471572502292e-06,1.6539166758065954e-06,1.6705672095461752e-06,1.5775601395064908e-06,1.7155479505791618e-06,1.9579279199938645e-06,1.8374481642180513e-06,1.9028467575174591e-06,,,,,
98,32.612304,1.7971308738606579e-06,4.028138989820169e-06,1.7839376275281458e-06,1.2340350222998945e-06,1.3159545145853895e-06,5.254112411971046e-07,1.2541303995371915e-06,1.2342477711162211e-06,1.246708544447541e-06,1.1771366662535955e-06,1.280353113582921e-06,1.4616572597169035e-06,1.3715414194428417e-06,1.4204586674561e-06,,,,,
99,32.967,8.434660287435355e-06,1.8874930873013484e-05,8.372835821037413e-06,5.802853217067997e-06,6.185614962153785e-06,2.4917892256392564e-06,5.89673711305107e-06,5.803747280913392e-06,5.862005862441137e-06,5.536851445410062e-06,6.019241067934878e-06,6.8665842947287715e-06,6.445436183647343e-06,6.674049036743093e-06,,,,,
100,33.121896,2.5185955071833833e-06,5.648707548599991e-06,2.500078158234994e-06,1.730672325061177e-06,1.8452760026500858e-06,7.391473228879726e-07,1.7587800624421062e-06,1.7309403774470516e-06,1.7483730727692239e-06,1.6510180735937614e-06,1.7954398945346773e-06,2.049121079722602e-06,1.9230402608899877e-06,1.991479296601927e-06,,,,,
101,33.611304,1.8839421166628382e-06,4.2334581330642405e-06,1.8700243814019037e-06,1.293658366577024e-06,1.3794832436700445e-06,5.51074561544386e-07,1.314703156914411e-06,1.2938280088404525e-06,1.3068927889398248e-06,1.2339596571288016e-06,1.3421483641486184e-06,1.5321863822307837e-06,1.4377424196756742e-06,1.4890087907954946e-06,,,,,
102,33.966,8.850068293292318e-06,1.9858751115548528e-05,8.784799385298438e-06,6.088228721544534e-06,6.489677663072167e-06,2.614609922578337e-06,6.1866470562506055e-06,6.088910755347983e-06,6.150057109606707e-06,5.808821356590069e-06,6.3149941980452485e-06,7.204113866706236e-06,6.762265062909461e-06,7.002112299069961e-06,,,,,
103,34.120896,2.646116269257254e-06,5.951115245985269e-06,2.6265512906323576e-06,1.8183112577318923e-06,1.9386514920562167e-06,7.768603285474929e-07,1.8478082674339152e-06,1.8185138496191396e-06,1.836831193359685e-06,1.734541552519078e-06,1.886259077820755e-06,2.1527555064293162e-06,2.020325153562153e-06,2.092209638077697e-06,,,,,
104,34.610304,1.9828261488152598e-06,4.468447668419156e-06,1.968104119473393e-06,1.3616410939436238e-06,1.4519139718806817e-06,5.803248725904455e-07,1.3837600533814884e-06,1.3617579070510828e-06,1.3755077309948676e-06,1.2987491567695398e-06,1.412591557623642e-06,1.6125608038229368e-06,1.5131969266645078e-06,1.5671325933674947e-06,,,,,
105,34.965,9.324218035742141e-06,2.0987289494507936e-05,9.255119691513156e-06,6.414286822773843e-06,6.837062655662653e-06,2.7548855183175373e-06,6.5178447625117104e-06,6.414707616151023e-06,6.479135862189286e-06,6.11956037450107e-06,6.652830689832718e-06,7.589550512722481e-06,7.124123117213585e-06,7.376761555808054e-06,,,,,
106,35.119896,2.791992649572081e-06,6.298856456948401e-06,2.771261223416037e-06,1.9186677508308907e-06,2.045569280715843e-06,8.200289659350076e-07,1.9497425363947604e-06,1.9187891038544328e-06,1.938114032246589e-06,1.8301842623705862e-06,1.990232372578955e-06,2.2713625345313275e-06,2.131684154011064e-06,2.2075000509661597e-06,,,,,
107,35.609304,2.0963078287191574e-06,4.739624818229865e-06,2.08068834333553e-06,1.4397414624796117e-06,1.5351180554192056e-06,6.139147468817317e-07,1.4630837980287116e-06,1.4397922081883673e-06,1.4543247479263467e-06,1.3731797701849472e-06,1.4934983043483903e-06,1.704844037296711e-06,1.5998463378625694e-06,1.6568373524017131e-06,,,,,
108,35.964,9.869657962304293e-06,2.229304586210583e-05,9.796279916583497e-06,6.789769341709057e-06,7.23707372933735e-06,2.9163570515018923e-06,6.899193016329606e-06,6.789861712511255e-06,6.858048538317845e-06,6.477394069107863e-06,7.0417763934689245e-06,8.033151304966158e-06,7.540661064626596e-06,7.80797458230015e-06,,,,,
109,36.118896,2.9602346708169047e-06,6.702353215587773e-06,2.9381975860933964e-06,2.034536971852476e-06,2.169004087098648e-06,8.698491534310007e-07,2.0674165051539427e-06,2.0345554438249697e-06,2.055037208147175e-06,1.940608231588884e-06,2.1102453487431498e-06,2.408220772470442e-06,2.260202352598561e-06,2.3405399795735257e-06,,,,,
110,36.608304,2.227678388284878e-06,5.055588329890444e-06,2.211052010667405e-06,1.5302550305357847e-06,1.6315383691284476e-06,6.528260803850812e-07,1.555001296308353e-06,1.530221460676745e-06,1.545655938636612e-06,1.4594375839032368e-06,1.587237946576385e-06,1.8117276531056513e-06,1.7002236263873717e-06,1.7607415374073686e-06,,,,,
111,36.963,1.050282998496533e-05,2.3819143551869915e-05,1.0424642352304574e-05,7.226149210577779e-06,7.70191957288067e-06,3.1039309423693587e-06,7.342320510072237e-06,7.22582020008087e-06,7.298349790681817e-06,6.893247740340473e-06,7.493671318530201e-06,8.54836471852194e-06,8.024535919537815e-06,8.308834955788294e-06,,,,,
112,37.117896,3.1561259222234587e-06,7.175519217510142e-06,3.1326190742881062e-06,2.1696080953689817e-06,2.312881467390738e-06,9.278981775922034e-07,2.2045691161317664e-06,2.1694935687111647e-06,2.191315862060392e-06,2.0693264620204227e-06,2.2501045912593557e-06,2.5676530738602402e-06,2.4099486384779786e-06,2.4955351491641817e-06,,,,,
113,37.607304,2.381309407691372e-06,5.427920051481631e-06,2.363546818072781e-06,1.6362363707200073e-06,1.7444249876158676e-06,6.983644330246366e-07,1.662607950642041e-06,1.6360929223689348e-06,1.6525769837597707e-06,1.5604311044092415e-06,1.696961563690306e-06,1.936789331255901e-06,1.8176967040986667e-06,1.8823260421272872e-06,,,,,
114,37.962,1.1245703321743476e-05,2.562404900585392e-05,1.116207890803445e-05,7.738785018891767e-06,8.247940971930744e-06,3.3241701051298787e-06,7.862789718452133e-06,7.737903753621289e-06,7.81550287465963e-06,7.381744776187897e-06,8.024356678833014e-06,9.153173827252228e-06,8.592677884351374e-06,8.896839807982115e-06,,,,,
115,38.116896,3.386771794290043e-06,7.737353487571995e-06,3.361600670861754e-06,2.3288520676445956e-06,2.482489948697377e-06,9.962995767890792e-07,2.3662368081333065e-06,2.3285618490981872e-06,2.351954326105052e-06,2.221071805234063e-06,2.4149362803401255e-06,2.755477422131026e-06,2.58640103710335e-06,2.678146577538597e-06,,,,,
116,38.606304,2.5631349816719633e-06,5.872599683823306e-06,2.544082598937196e-06,1.7618404889525253e-06,1.8781980224949323e-06,7.52304134992449e-07,1.79011291068489e-06,1.7615506181451715e-06,1.7792701739717306e-06,1.6801160131417456e-06,1.8269527921766761e-06,2.084889584828337e-06,1.9568427395194283e-06,2.0263204875893717e-06,,,,,
117,38.961,1.2128306727617833e-05,2.778905350263076e-05,1.2038499779686268e-05,8.348715538440548e-06,8.897517763603443e-06,3.5860563601815932e-06,8.481911306090235e-06,8.347093734542822e-06,8.430682367989211e-06,7.962913455789784e-06,8.655518355924184e-06,9.872180470204874e-06,9.268257087817037e-06,9.595929348991547e-06,,,,,
118,39.115896,3.6619576735078e-06,8.414494781208054e-06,3.634890826372723e-06,2.5191304294353257e-06,2.6851279372726603e-06,1.0779816922495124e-06,2.5593689908189157e-06,2.518602591410231e-06,2.543857632521178e-06,2.402375991167693e-06,2.611811436422581e-06,2.979713586264455e-06,2.7971136709106215e-06,2.8961787478537897e-06,,,,,
119,39.605304,2.7814174903865124e-06,6.412309196552758e-06,2.760892418935698e-06,1.912866801515263e-06,2.0390255575197574e-06,8.171191676045623e-07,1.943388872153762e-06,1.912376937111898e-06,1.9315706616017835e-06,1.824012461451695e-06,1.9831862478762434e-06,2.2628026419082123e-06,2.124043737535329e-06,2.199317652479404e-06,,,,,
120,39.96,1.3192793556800377e-05,3.043060665424344e-05,1.3095915826008668e-05,9.085550207831848e-06,9.682139483429753e-06,3.9022167183163985e-06,9.229665064514346e-06,9.082909651038192e-06,9.17367624275066e-06,8.664935405254728e-06,9.417653241778576e-06,1.0739955530288586e-05,1.008384692367201e-05,1.0439749973105843e-05,,,,,
121,40.114896,3.995542810870846e-06,9.24548787607939e-06,3.966304773321256e-06,2.7501876521364787e-06,2.931157795186626e-06,1.1770984555275678e-06,2.793830654994892e-06,2.749329780604774e-06,2.776827646437205e-06,2.622513137497255e-06,2.850763952212772e-06,3.2517324870295605e-06,3.0528022201846183e-06,3.1606991522480476e-06,,,,,
122,40.604304,3.0480127357174767e-06,7.08035601953972e-06,3.0257976615547483e-06,2.097661253115305e-06,2.2357817540781963e-06,8.963654343943025e-07,2.1308832957771543e-06,2.0968903907438087e-06,2.117871783208089e-06,2.000062681638659e-06,2.1742525548348998e-06,2.4802603148987227e-06,2.32847263867498e-06,2.4107903549829883e-06,,,,,
123,40.959,1.450024360466414e-05,3.372161707348272e-05,1.4395241943132746e-05,9.99232492899252e-06,1.0647561963754665e-05,4.290979955693071e-06,1.0149603728340687e-05,9.988240732360817e-06,1.0087757911854794e-05,9.528761333321027e-06,1.0355046552878385e-05,1.1806653733332018e-05,1.1086729186541698e-05,1.1477124285454023e-05,,,,,
124,41.113896,4.407825235473785e-06,1.0288268505555003e-05,4.376090713206635e-06,3.0363418913362273e-06,3.2358011048677304e-06,1.2997450483088434e-06,3.0841094772781713e-06,3.0350111459728684e-06,3.0652591053914447e-06,2.8951067734102743e-06,3.146522950935326e-06,3.588209568814241e-06,3.36919002190304e-06,3.4879414655025168e-06,,,,,
125,41.603304,3.380560675297795e-06,7.927717569988039e-06,3.3564008913849e-06,2.3286855660930946e-06,2.4817128058523994e-06,9.953444417962467e-07,2.365202329759971e-06,2.3275064137131933e-06,2.3506986964529184e-06,2.2201222754943227e-06,2.4129652653555494e-06,2.7517628850387166e-06,2.583805324125193e-06,2.674856007032343e-06,,,,,
126,41.958,1.614262299061436e-05,3.7930375185698784e-05,1.602827245191254e-05,1.1134081367119558e-05,1.1862914128505213e-05,4.780002762730264e-06,1.1307510417136839e-05,1.1127877430530307e-05,1.1238287373520439e-05,1.0616263062000236e-05,1.1534553202781827e-05,1.3147905387726643e-05,1.234824800998964e-05,1.278169060772894e-05,,,,,
127,42.112896,4.929770607484267e-06,1.1634107324810855e-05,4.8951657603577575e-06,3.399523839264616e-06,3.6223638696940426e-06,1.4552413854593711e-06,3.452381539491073e-06,3.3974895162931545e-06,3.431185388368201e-06,3.241017025023515e-06,3.521621665343537e-06,4.0146249178859305e-06,3.7703188836334673e-06,3.902716775138789e-06,,,,,
128,42.602304,3.8065015090326724e-06,9.036547276145268e-06,3.780110830397436e-06,2.625410109413331e-06,2.7975065310865875e-06,1.1223238736640911e-06,2.6660281107717555e-06,2.6236127041259056e-06,2.6496066549497986e-06,2.5027081434309934e-06,2.7193182433451957e-06,3.0999062736997754e-06,2.9113691330540643e-06,3.013519759783968e-06,,,,,
129,42.957,1.8265125660003503e-05,4.349682711486078e-05,1.8140081116843466e-05,1.261398894677264e-05,1.3437802036019284e-05,5.413066673305896e-06,1.2807651928586798e-05,1.2604531986368162e-05,1.2728858326741331e-05,1.2025545352369616e-05,1.3062070258276307e-05,1.4883338565218073e-05,1.398134292891335e-05,1.4469959363360482e-05,,,,,
130,43.111896,5.6110781275114464e-06,1.3435607925982354e-05,5.573206801357245e-06,3.875109890108529e-06,4.128423812700473e-06,1.6585891285274314e-06,3.934390044940079e-06,3.871977902189594e-06,3.910118787547612e-06,3.6938798404719905e-06,4.012353687129127e-06,4.571956255390731e-06,4.294887015905384e-06,4.44493911929612e-06,,,,,
131,43.601304,4.370977650319576e-06,1.0548304377234063e-05,4.3420741681175154e-06,3.020045947382186e-06,3.217370720463399e-06,1.2909488649146033e-06,3.0658926974948183e-06,3.017261666458247e-06,3.046917081004835e-06,2.8784402964868905e-06,3.126333265372139e-06,3.5619469426385387e-06,3.3463627595972327e-06,3.4630763361707344e-06,,,,,
132,43.956,2.1111188321223235e-05,5.11959774630157e-05,2.0974229585732762e-05,1.4606074329835732e-05,1.5557008286380554e-05,6.263832290849403e-06,1.4825734712802656e-05,1.4591332073173309e-05,1.4734037602150673e-05,1.3922011934636147e-05,1.511590256374073e-05,1.7214011483609316e-05,1.6176028287116406e-05,1.673782080978711e-05,,,,,
133,44.110896,6.536868996088251e-06,1.5968621239978023e-05,6.495420884198535e-06,4.524089860726074e-06,4.818727260780406e-06,1.935579116169582e-06,4.5916919595362944e-06,4.519135752171882e-06,4.563216557573074e-06,4.3116540438533815e-06,4.681167171105133e-06,5.33057208075593e-06,5.009423609177195e-06,5.183177732310967e-06,,,,,
134,44.600304,5.153851524383525e-06,1.2729048223534267e-05,5.122292231659829e-06,3.5700027131722976e-06,3.8022327035023506e-06,1.5254622249841632e-06,3.622708522283436e-06,3.5655284202518637e-06,3.6001652755021006e-06,3.4018603144495088e-06,3.692734357135541e-06,4.203991891038866e-06,3.9513216505578146e-06,4.087955222719819e-06,,,,,
135,44.955,2.5122489187164644e-05,6.253184343941986e-05,2.4973417158580523e-05,1.7428654067915968e-05,1.8558274288558257e-05,7.466568086339469e-06,1.7682727391305352e-05,1.7404635909865308e-05,1.757269891882887e-05,1.6608010691980488e-05,1.802140048818812e-05,2.050589765124262e-05,1.92786578680594e-05,1.994201697955351e-05,,,,,
136,45.109896,7.866082659123013e-06,1.9788135598465427e-05,7.821223046021469e-06,5.461368367017016e-06,5.8151568660574736e-06,2.3346158873828117e-06,5.540092988107267e-06,5.45312024435294e-06,5.505527206777426e-06,5.203455712257084e-06,5.645399209009673e-06,6.42233584927724e-06,6.038789554596333e-06,6.245994144365541e-06,,,,,
137,45.599304,6.311028445032782e-06,1.6145357210975818e-05,6.27729852283692e-06,4.3885178112755965e-06,4.6721553820540425e-06,1.8734709621450466e-06,4.450514192407581e-06,4.380848244146352e-06,4.422641263812801e-06,4.18045953691044e-06,4.533993199033169e-06,5.155626693307095e-06,4.849048162975685e-06,5.01453277090058e-06,,,,,
138,45.954,3.11923124070366e-05,8.085815299138313e-05,3.10352718022821e-05,2.1732967462698503e-05,2.3131856174864227e-05,9.294623047001855e-06,2.2034073711605693e-05,2.169076368905482e-05,2.1895969943639352e-05,2.0701540054691018e-05,2.2441898640798664e-05,2.550257521148611e-05,2.3994340244091132e-05,2.4807875341007772e-05,,,,,
139,46.108896,9.933642421981046e-06,2.6200908700115296e-05,9.887501547090894e-06,6.932237436227042e-06,7.377593364311179e-06,2.958458971241053e-06,7.0262901867392875e-06,6.917240305855421e-06,6.982118568392122e-06,6.601977395548399e-06,7.154560712795705e-06,8.126555387954869e-06,7.648050332463307e-06,7.90591623615532e-06,,,,,
140,46.598304,8.19323451830618e-06,2.225557609879555e-05,8.160437278684767e-06,5.734311426922689e-06,6.101065213119465e-06,2.4430256973396506e-06,5.809206210484158e-06,5.719619647084535e-06,5.772515093139109e-06,5.4595237694259866e-06,5.9127074442967364e-06,6.710173320158894e-06,6.318251871077303e-06,6.529135513838228e-06,,,,,
141,46.953,4.144092432309341e-05,0.00011548427548666405,4.1298722734589085e-05,2.9092500759717955e-05,3.0942798727651005e-05,1.2403428960439587e-05,2.9458851438456054e-05,2.9007901262461283e-05,2.927238784832935e-05,2.769363363435256e-05,2.997154859297118e-05,3.398149754355549e-05,3.201372931057006e-05,3.307109066486209e-05,,,,,
142,47.107896,1.3587244840382292e-05,3.919011642005461e-05,1.3550824506590365e-05,9.570559245474665e-06,1.017632062874127e-05,4.0702944526172986e-06,9.6856269111141e-06,9.538625746106912e-06,9.6240710688119e-06,9.107515949778228e-06,9.849391811145106e-06,1.1156017577320858e-05,1.0516064396538651e-05,1.085930329474214e-05,,,,,
143,47.597304,1.1788580099003992e-05,3.6302543307590126e-05,1.1772963933971673e-05,8.355765826287248e-06,8.879410072045833e-06,3.5431506734857017e-06,8.447340490376251e-06,8.32109283947057e-06,8.393269543414897e-06,7.947060642627535e-06,8.582441885580708e-06,9.70270107570721e-06,9.156006032755499e-06,9.448219238469669e-06,,,,,
144,47.952,6.242392445830312e-05,0.0002054505682278677,6.242339985612803e-05,4.4530228577017146e-05,4.7290703242356766e-05,1.8856661341831833e-05,4.4971587475441165e-05,4.431048884582991e-05,4.468218899462997e-05,4.233170996626535e-05,4.565024646169022e-05,5.15082111975685e-05,4.865972623314148e-05,5.017696731277457e-05,,,,,
145,48.106896,2.1777190135606822e-05,7.945745828405766e-05,2.181850546737934e-05,1.5672685398773e-05,1.6630626762974693e-05,6.607203964630031e-06,1.5804699213255376e-05,1.5577908481059773e-05,1.5702168699883046e-05,1.488771467653063e-05,1.6023020728564155e-05,1.8031032586611653e-05,1.7059769109571563e-05,1.7574354581559276e-05,,,,,
146,48.596304,2.137601184654501e-05,0.00010226530781579568,2.150606314828138e-05,1.568973198036554e-05,1.6617321933327968e-05,6.557218067305829e-06,1.5769255446502476e-05,1.555519315234262e-05,1.5665139745551563e-05,1.4878807728188924e-05,1.594214139918798e-05,1.7833604444418166e-05,1.6930129470504107e-05,1.740253896606561e-05,,,,,
147,48.951,0.0001294442847394976,0.0010083054346990785,0.00013091362123623357,9.743446727670693e-05,0.00010293972281240459,4.029745892733911e-05,9.750603946904693e-05,9.628144091178173e-05,9.684879600276353e-05,9.220028284486754e-05,9.821882498387142e-05,0.0001090358666022411,0.00010396021857247537,0.00010656149567354972,,,,,
148,49.105896,5.106965066926846e-05,15.77094511949334,5.2417773479169545e-05,4.214203856328785e-05,4.409802823551408e-05,1.6661816256702758e-05,4.139828970261584e-05,4.104199826019547e-05,4.106807995145492e-05,3.944754948293708e-05,4.1054051945622436e-05,4.42685135044588e-05,4.2920882979024304e-05,4.351466262530453e-05,,,,,
149,49.595304,35.70666759089958,46.97018605263015,41.29502094726724,31.178730859635007,32.21042189232372,36.513823690877025,34.09578146849098,33.86922697884586,35.25871854105393,34.50018099120607,38.18426832942414,44.40758459146283,39.0257354835336,41.86718501933648,,,,,
150,49.95,50.41133850224962,48.888027298780806,49.503417302661425,49.63698525514631,49.371434702145024,49.118918871325775,49.104840564146755,49.16069302295828,48.96962511030676,48.84395965919085,48.51853134338095,48.303843558763816,48.459549199176955,48.32746554947019,,,,,
151,50.104896,51.26348767740793,49.75825765307647,50.40149978886958,50.54893835151915,50.236175279006275,49.98284295940047,49.98531152552909,50.04755791468019,49.849822969905794,49.71353324781092,49.366280963309926,49.1470072625815,49.313130767361365,49.173182811582116,,,,,
152,50.594304,54.091832849354894,52.69785645063122,53.37632194115171,53.568747611717356,53.1365553795309,52.89387283399625,52.949536206652645,53.02059257125243,52.80828775178369,52.64406094140857,52.23657545792441,52.01043992843303,52.20364487089758,52.04351876862901,,,,,
153,50.949,56.23469020655883,54.96197425852216,55.611579696794756,55.83214359386961,55.35581057513076,55.13439677584326,55.223142371853896,55.287910526144465,55.072764431891486,54.896942761870584,54.464241033490154,54.241411458384604,54.44446544600844,54.27696788589555,,,,,
154,51.103896,57.186197228643806,55.97228608007811,56.59707474837362,56.827513425262815,56.3441448542893,56.13517207413226,56.235529480882015,56.29456654871951,56.08017747404168,55.90192499017924,55.465094094161614,55.24567424643921,55.449786753098195,55.28136221911864,,,,,
155,51.593304,60.233690359979846,59.208822866122944,59.72421532388661,59.97368235234876,59.50919924004616,59.34838154331819,59.47198588846219,59.50549205781823,59.29964521500136,59.12279124540546,58.70261172578873,58.49899696408418,58.6940256169898,58.531027941527164,,,,,
156,51.948,62.47740918621412,61.57980014586824,62.00225861159046,62.25294524301724,61.83014840426319,61.70943557312936,61.83763406650481,61.85024447281133,61.65451410641824,61.48475337707235,61.10339776767231,60.9130657525266,61.09185180670583,60.93884973710311,,,,,
157,52.102896,63.46908282493377,62.62261840190479,63.00402621740171,63.25174352677006,62.85173868093754,62.74937131454172,62.876741282870476,62.88067070891354,62.68999811018173,62.5242207964328,62.16620508337306,61.98151823633679,62.15131208121273,62.003730663615116,,,,,
158,52.592304,66.67961420532686,65.97533616176534,66.23197780115053,66.45470507290501,66.1367563856798,66.09559940418809,66.21036806607026,66.19201223808588,66.0191792522914,65.86694554564431,65.6065035511616,65.43766605131405,65.57328116876761,65.44533970543313,,,,,
159,52.947,69.13009366657998,68.5112435644272,68.68492898488923,68.87074102837519,68.61657757536273,68.62499976582434,68.72104643102624,68.69464833908279,68.53675051084466,68.39280841587251,68.22692373885427,68.06745072746376,68.17318744977484,68.0608795091306,,,,,
160,53.101896,70.24760721165195,69.66768512199863,69.80731984629065,69.96993864371854,69.74377388108961,69.7764684830848,69.86125304387448,69.83463776290893,69.684104166336,69.54254484420514,69.42541908010537,69.2697062744264,69.36075161869493,69.25549055548369,,,,,
161,53.591304,74.18872099470903,73.67808987693444,73.71758587933435,73.75653079675376,73.61568405509672,73.74827603308081,73.7768330658572,73.7727514030115,73.65271891908313,73.50648212648598,73.58525933758762,73.4443338395065,73.47754034924114,73.39511880830982,,,,,
162,53.946,67.74204815692067,77.29053213031717,77.25809693213026,77.08652660556744,76.9964393135049,77.26315756252421,77.20230723571133,77.26737823522835,77.18977591563277,77.0046854331098,77.29350523102842,77.1839185049388,77.14804821272523,77.08183862595762,,,,,
163,54.100896,51.80130787339037,79.6441744433127,59.601190143069516,57.32689706187451,59.108977294303855,60.81801388635231,60.78296895959909,61.061257945591144,63.60321556422647,65.15272466216585,68.93102397085416,69.5557209136427,66.8382700021587,68.94940215203145,,,,,
164,54.590304,47.093061871446544,43.4429327685161,44.989407739176265,45.6361865420208,45.0159894646634,44.5878789246624,44.63940560536418,44.60311608473816,44.0423738690295,43.72252459813522,43.09668901270406,42.94384518680208,43.315973966030604,43.01806742993565,,,,,
165,54.945,48.581125907370364,57.68342055884143,52.843024529646875,51.72075528370015,52.55656249527966,53.355270525203466,53.3711698229601,53.51074705924356,54.58743271993745,55.1542887973379,56.269157492348455,56.36268352226792,55.63085229575877,56.21633579767704,,,,,
166,55.099896,46.85858749269594,46.97237569948763,47.03026551625964,47.05415727144504,46.94847013526528,46.942990679237916,46.98306379497569,47.00801604928066,47.00521821381112,46.98209976513547,46.923093394080155,46.85381896518111,46.87044023509512,46.85932742754607,,,,,
167,55.589304,46.09635615201449,46.35588983968716,46.22335664785908,46.25397313032898,46.15255217557495,46.1400952289076,46.17582239941046,46.198117660517006,46.18902847474362,46.16482644279226,46.105306925653174,46.042642958693094,46.06132540029922,46.049076272962786,,,,,
168,55.944,45.67939560839637,45.723868517775976,45.78232508357276,45.81629614516311,45.717975087985806,45.70197510910844,45.735235307006555,45.755731217564175,45.743452601916,45.71884418306611,45.659935372393534,45.60177610324124,45.6211697547167,45.60862673070935,,,,,
169,56.098896,45.52694395485438,45.661563698813346,45.621010384754904,45.65615090785321,45.55913537960917,45.54188856312888,45.574203655139364,45.59394762487256,45.58053228961978,45.55580642992236,45.49732132216994,45.4410506000402,45.46061688818938,45.44803622705138,,,,,
170,56.588304,45.146037686677474,45.23828126624354,45.21725436205907,45.2551685416214,45.16202129808283,45.14166888398631,45.17150315014593,45.188998882295095,45.172756991803034,45.14781400235563,45.09105980094876,45.04044609625891,45.06017717617243,45.047719829329054,,,,,
171,56.943,44.9524368711214,45.02086629672332,45.010962500480034,45.0501933245311,44.95958683671777,44.93758738444991,44.96601837910747,44.98199523637878,44.964254853740314,44.93924816761437,44.88397946966371,44.83718406787059,44.85677654320955,44.84456620240723,,,,,
172,57.097896,44.88672578986055,44.9461951529527,44.94051938402642,44.98017848684133,44.89061384117359,44.86802757048059,44.895921098237466,44.91126081237365,44.8929765502622,44.86795764366923,44.813372801304276,44.76817445651616,44.78765813699275,44.775583585054676,,,,,
173,57.587304,44.74549488307067,44.78130742731279,44.78695368703075,44.82748394297533,44.74096668645526,44.716895026590024,44.74338939284141,44.75680728207415,44.73714976272724,44.71213389076023,44.65978756364909,44.61937155678946,44.638370130302,44.62680114558559,,,,,
174,57.942,44.69912013209965,44.72140397134389,44.73366301552224,44.77444356798125,44.6899320845302,44.66506166122627,44.69077969504204,44.70288002683295,44.68248643661633,44.65750018884551,44.606810056673616,44.5696251672096,44.58817270220272,44.57701960745635,,,,,
175,58.096896,44.69200414182788,44.709162253579024,44.723960763528495,44.76476668300282,44.681085630293325,44.655935110253374,44.68135609619094,44.69289816162084,44.672237156796534,44.64726901352417,44.59730352348777,44.56147159239395,44.57980285495403,44.56883990985252,,,,,
176,58.586304,44.71695600043456,44.72052236866787,44.74216612280713,44.782767760568625,44.70156277635802,44.675705904773196,44.700374407410905,44.71021030426615,44.688878032408184,44.663984012193254,44.61629582244507,44.58452128495942,44.602110850731876,44.5917707666641,,,,,
177,58.941,44.775867838629935,44.77165668414245,44.797302713586404,44.83752605580908,44.758004833880136,44.7317761532517,44.75604680661711,44.76469233583543,44.74300690942198,44.718181036682594,44.672120233985254,44.643092044155296,44.660101939814346,44.65022599323323,,,,,
178,59.095896,44.81135253567513,44.804203298167934,44.83137930020186,44.87138573676988,44.7925777183298,44.76622667506724,44.790346606633875,44.798482487461555,44.776671155703426,44.75187869520291,44.706520381713155,44.67864324096859,44.69539162969505,44.685720089269,,,,,
179,59.585304,44.959327055091826,44.94444787238863,44.975695528782076,45.014838987039425,44.938223887091084,44.91157860069609,44.93534082298433,44.94189950486025,44.91978263174795,44.895111277176596,44.85193613327692,44.82751357572791,44.843409769757336,44.834386567271515,,,,,
180,59.94,45.09789366202041,45.07866711199985,45.11222606626063,45.15059902482378,45.07553869451795,45.04875613092793,45.07235167219071,45.07779270482422,45.05552582557297,45.030958230981526,44.98932888401822,44.96724579342203,44.98250522824897,44.97395125449548,,,,,
181,60.094896,45.16599113294055,45.1451470473136,45.179565768913655,45.21756951737465,45.14318435529823,45.11636751338083,45.13990199081039,45.14486030602557,45.122543142397035,45.09802543169604,45.057061315192755,45.03595869478622,45.05093617820091,45.042586344320355,,,,,
182,60.584304,45.40939389112133,45.384400494091,45.42099825191432,45.45772283177672,45.38547639693763,45.358602018656306,45.38201894756206,45.38546829275561,45.36304184273672,45.338702090577065,45.29980205912362,45.281640389693095,45.29571459314546,45.28800513932833,,,,,
183,60.939,45.610743715613104,45.58352526497886,45.62124083677622,45.65694668641685,45.586272013548395,45.559400648134734,45.5827891747511,45.58515636313941,45.562688837923886,45.53849920107642,45.50106104805268,45.48488817810618,45.498298266283285,45.491047496497025,,,,,
184,61.093896,45.7047732012449,45.67675902602682,45.71485253176211,45.750092977377776,45.680114131134474,45.653262066916746,45.676642862621655,45.67853964675336,45.65606218952895,45.63194411064165,45.595135934951195,45.57979552009667,45.59291360329064,45.5858615097225,,,,,
185,61.583304,46.02481139280249,45.99488669456117,46.03377062906833,46.06747070187715,45.99974284694089,45.9729823646477,45.99638464528564,45.99680047706913,45.97431721818108,45.95045130375008,45.91560357456255,45.90275480602935,45.91494354057142,45.90851222865929,,,,,
186,61.938,46.277193461530075,46.24637499656402,46.28547960254452,46.318007310074016,46.251972005536835,46.22530759181447,46.24875729055507,46.24810250914542,46.225634100196174,46.2019773564344,46.168525402831996,46.15735558712845,46.1688653591663,46.16287708057106,,,,,
187,62.092896,46.39244311054053,46.36134444120012,46.40046011086778,46.432463587182134,46.36718596813897,46.340577153122176,46.36404763781604,46.362925561856194,46.34046743955575,46.316909363364225,46.28406125461666,46.273592370145984,46.28480443412262,46.27900777050608,,,,,
188,62.582304,46.775672098493544,46.74406379705856,46.78289811199388,46.81320453168984,46.75040503046121,46.72399347219163,46.74755401524754,46.74495454901189,46.72254033231225,46.6993249883496,46.66836676676143,46.659987730234434,46.67025474610761,46.66505605108373,,,,,
189,62.937,47.07052855530442,47.03885370541634,47.07720556628405,47.106250544249086,47.0453340917252,47.019088821809454,47.042727942563474,47.03905575261283,47.01668102240069,46.99374474848888,46.96414342758913,46.95716415973112,46.96674245911394,46.9619700568377,,,,,
190,63.091896,47.203532475126366,47.17189562174627,47.20996884630967,47.2384563718162,47.17838658321677,47.152225016957686,47.175895451159064,47.171754110518776,47.1493978896102,47.126591816416294,47.0975807897625,47.09118346596003,47.100460106499526,47.095872004320995,,,,,
191,63.581304,47.63994957744407,47.608657898774425,47.645597342512076,47.67230282870378,47.61501153455998,47.58913319436507,47.61291030184453,47.60728317683446,47.5849882290374,47.56262807571079,47.53547841096457,47.53080585841467,47.53912590245379,47.53511273910562,,,,,
192,63.936,47.970822934752846,47.9399589357655,47.97585290448638,48.00125198183294,47.94607622406592,47.92042498132193,47.944278181106256,47.9375708927762,47.91532106202884,47.89331767375473,47.867518278037785,47.86399060068332,47.871614248800114,47.86801080899281,,,,,
193,64.090896,48.1189452863617,48.088306233964104,48.123689026086446,48.1485148197242,48.094290290112596,48.06874771999025,48.09262907691295,48.08544928276154,48.06321886370538,48.04138024935193,48.01617205893415,48.01311743042326,48.02043621187952,48.0170098701201,,,,,
194,64.580304,48.600875570402835,48.57107079763138,48.604634955458536,48.62764182928996,48.57653499416102,48.551355291151516,48.57531991761286,48.5666443534182,48.544472769148456,48.52319140056977,48.49986296468745,48.49819822014049,48.50455081457146,48.50167674457573,,,,,
195,64.935,48.9627573089385,48.9336498815548,48.96571695170155,48.98740133430366,48.93866126660665,48.913767743370464,48.93777968739254,48.928018205624475,48.90588570137428,48.885043306996515,48.863093405935714,48.862339202083184,48.867988975810306,48.86550821663061,,,,,
196,65.089896,49.123941710843006,49.09515740470986,49.12652727138032,49.147633698751484,49.09995526081736,49.075195153078596,49.099221361110445,49.08898546472635,49.06686878097707,49.04622734683188,49.02488497092606,49.02450361701555,49.02984586639362,49.02753501894828,,,,,
197,65.579304,49.64535877857192,49.617650014942264,49.64665646595217,49.66593695429592,49.62172488147363,49.59740871397935,49.62146318227096,49.609728816075425,49.58765639627716,49.56768722847566,49.54829209284152,49.54899234145867,49.55336071144857,49.55157923151592,,,,,
198,65.934,50.03428653960026,50.00739251590758,50.03454648519879,50.05250527036651,50.01090992393658,49.98694179339662,50.01099391213816,49.99817561513382,49.976129130615796,49.95668253220686,49.938729906065,49.94012501911126,49.943785791375504,49.94238070466786,,,,,
199,66.088896,50.2068999517796,50.18036706046314,50.20667869486485,50.224060916028016,50.18363501692866,50.15982659447922,50.183870518844785,50.170579905912106,50.1485429446458,50.12933376469373,50.11202052474924,50.11369630630893,50.11704771144697,50.11580502945626,,,,,
200,66.578304,50.76299880245691,50.73761539748696,50.761144336568,50.77670949910313,50.74008253882941,50.71680476207368,50.740797147117206,50.72602029495465,50.70400564196375,50.68558339702995,50.67033373683354,50.67280798151366,50.67518090017793,50.6744432113383,,,,,
201,66.933,51.17579977844599,51.15124659322403,51.17265568339631,51.186909203313405,51.15313000795001,51.1302664436134,51.15419111166265,51.13834513664627,51.11633878272667,51.0985213752685,51.084813169743754,51.08778484008225,51.0894481902517,51.08906843847892,,,,,
202,67.087896,51.503413475223184,51.41695734400163,51.45994237151296,51.092167838563,51.09591583018021,51.21117102308033,51.148571534227216,51.162068287176936,51.19132260603375,51.156302613361014,51.08457087530059,51.05347694678636,51.046419809133006,51.04884527728975,,,,,
203,67.577304,51.338991208478674,51.57688295965412,51.49992282818263,53.101500776265695,52.922989881983725,52.32723557960872,52.71082276956148,52.56912492264033,52.333728413278536,52.389886915712815,52.623686413168336,52.769903763198755,52.80516654563884,52.79441268543427,,,,,
204,67.932,49.451451437422975,50.69366447059942,50.25211576923114,57.86782267652375,57.12947430956434,54.37475697308727,56.1124181971003,55.503928231138865,54.4647575970018,54.79615316780881,55.95472748687581,56.63864115832591,56.80412119316728,56.75223287946164,,,,,
205,68.086896,86.93474405201704,81.47296446490053,83.41161887931788,54.83938163754923,57.452357530528644,67.02596389618908,60.93312355767639,62.91028191508589,66.53438794918542,65.3006657654292,61.20235372496372,58.81168173823497,58.21606540130948,58.40497186354334,,,,,
206,68.576304,99.99999621723602,99.9999958450301,99.99999605581998,99.99999109134964,99.99999225462116,99.99999854333426,99.99999315314888,99.99999341351543,99.99999417978108,99.99999413071816,99.99999316107744,99.99999255630877,99.99999246968211,99.99999248510663,,,,,
207,68.931,99.9999924335339,99.99999184690863,99.99999219138161,99.99998573658519,99.99998718435586,99.9999968602099,99.99998825094441,99.99998851399957,99.99998954354777,99.99998953554977,99.99998825547975,99.999987517995,99.99998744315043,99.99998744651785,,,,,
208,69.085896,99.99999961829496,99.9999995484805,99.99999959394606,99.99999897796295,99.99999911752494,100.0,99.99999920451131,99.99999921221314,99.99999931549458,99.99999932867158,99.99999920132933,99.9999991378534,99.99999913801257,99.9999991350712,,,,,
209,69.575304,100.0,100.0,100.0,100.0,100.0,100.0,100.0,100.0,100.0,100.0,100.0,100.0,100.0,100.0,,,,,
210,69.93,99.99999921397227,99.99999914540223,99.99999919645771,99.99999877789763,99.99999888863394,100.0,99.99999893444033,99.99999891890123,99.99999899746622,99.99999902723685,99.9999989343803,99.99999889729068,99.99999890568428,99.99999889947291,,,,,
211,70.084896,100.0,100.0,100.0,100.0,100.0,100.0,100.0,100.0,100.0,100.0,100.0,100.0,100.0,100.0,,,,,
212,70.574304,100.0,100.0,100.0,100.0,100.0,100.0,100.0,100.0,100.0,100.0,100.0,100.0,100.0,100.0,,,,,
213,70.929,100.0,100.0,100.0,100.0,100.0,100.0,100.0,100.0,100.0,100.0,100.0,100.0,100.0,100.0,,,,,
214,71.083896,100.0,100.0,100.0,100.0,100.0,100.0,100.0,100.0,100.0,100.0,100.0,100.0,100.0,100.0,,,,,
215,71.573304,100.0,100.0,100.0,100.0,100.0,100.0,100.0,100.0,100.0,100.0,100.0,100.0,100.0,100.0,,,,,
216,71.928,100.0,100.0,100.0,100.0,100.0,100.0,100.0,100.0,100.0,100.0,100.0,100.0,100.0,100.0,,,,,
217,72.082896,100.0,100.0,100.0,100.0,100.0,100.0,100.0,100.0,100.0,100.0,100.0,100.0,100.0,100.0,,,,,
218,72.572304,100.0,100.0,100.0,100.0,100.0,100.0,100.0,100.0,100.0,100.0,100.0,100.0,100.0,100.0,,,,,
219,72.927,100.0,100.0,100.0,100.0,100.0,100.0,100.0,100.0,100.0,100.0,100.0,100.0,100.0,100.0,,,,,
220,73.081896,100.0,100.0,100.0,100.0,100.0,100.0,100.0,100.0,100.0,100.0,100.0,100.0,100.0,100.0,,,,,
221,73.571304,100.0,100.0,100.0,100.0,100.0,100.0,100.0,100.0,100.0,100.0,100.0,100.0,100.0,100.0,,,,,
222,73.926,100.0,100.0,100.0,100.0,100.0,100.0,100.0,100.0,100.0,100.0,100.0,100.0,100.0,100.0,,,,,
223,74.080896,100.0,100.0,100.0,100.0,100.0,100.0,100.0,100.0,100.0,100.0,100.0,100.0,100.0,100.0,,,,,
224,74.570304,100.0,100.0,100.0,100.0,100.0,100.0,100.0,100.0,100.0,100.0,100.0,100.0,100.0,100.0,,,,,
225,74.925,100.0,100.0,100.0,100.0,100.0,100.0,100.0,100.0,100.0,100.0,100.0,100.0,100.0,100.0,,,,,
226,75.079896,100.0,100.0,100.0,100.0,100.0,100.0,100.0,100.0,100.0,100.0,100.0,100.0,100.0,100.0,,,,,
227,75.569304,100.0,100.0,100.0,100.0,100.0,100.0,100.0,100.0,100.0,100.0,100.0,100.0,100.0,100.0,,,,,
228,75.924,100.0,100.0,100.0,100.0,100.0,100.0,100.0,100.0,100.0,100.0,100.0,100.0,100.0,100.0,,,,,
229,76.078896,100.0,100.0,100.0,100.0,100.0,100.0,100.0,100.0,100.0,100.0,100.0,100.0,100.0,100.0,,,,,
230,76.568304,100.0,100.0,100.0,100.0,100.0,100.0,100.0,100.0,100.0,100.0,100.0,100.0,100.0,100.0,,,,,
231,76.923,100.0,100.0,100.0,100.0,100.0,100.0,100.0,100.0,100.0,100.0,100.0,100.0,100.0,100.0,,,,,
232,77.077896,100.0,100.0,100.0,100.0,100.0,100.0,100.0,100.0,100.0,100.0,100.0,100.0,100.0,100.0,,,,,
233,77.567304,100.0,100.0,100.0,100.0,100.0,100.0,100.0,100.0,100.0,100.0,100.0,100.0,100.0,100.0,,,,,
234,77.922,100.0,100.0,100.0,100.0,100.0,100.0,100.0,100.0,100.0,100.0,100.0,100.0,100.0,100.0,,,,,
235,78.076896,100.0,100.0,100.0,100.0,100.0,100.0,100.0,100.0,100.0,100.0,100.0,100.0,100.0,100.0,,,,,
236,78.566304,100.0,100.0,100.0,100.0,100.0,100.0,100.0,100.0,100.0,100.0,100.0,100.0,100.0,100.0,,,,,
237,78.921,100.0,100.0,100.0,100.0,100.0,100.0,100.0,100.0,100.0,100.0,100.0,100.0,100.0,100.0,,,,,
238,79.075896,100.0,100.0,100.0,100.0,100.0,100.0,100.0,100.0,100.0,100.0,100.0,100.0,100.0,100.0,,,,,
239,79.565304,100.0,100.0,100.0,100.0,100.0,100.0,100.0,100.0,100.0,100.0,100.0,100.0,100.0,100.0,,,,,
240,79.92,100.0,100.0,100.0,100.0,100.0,100.0,100.0,100.0,100.0,100.0,100.0,100.0,100.0,100.0,,,,,
241,80.074896,100.0,100.0,100.0,100.0,100.0,100.0,100.0,100.0,100.0,100.0,100.0,100.0,100.0,100.0,,,,,
242,80.564304,100.0,100.0,100.0,100.0,100.0,100.0,100.0,100.0,100.0,100.0,100.0,100.0,100.0,100.0,,,,,
243,80.919,100.0,100.0,100.0,100.0,100.0,100.0,100.0,100.0,100.0,100.0,100.0,100.0,100.0,100.0,,,,,
244,81.073896,100.0,100.0,100.0,100.0,100.0,100.0,100.0,100.0,100.0,100.0,100.0,100.0,100.0,100.0,,,,,
245,81.563304,100.0,100.0,100.0,100.0,100.0,100.0,100.0,100.0,100.0,100.0,100.0,100.0,100.0,100.0,,,,,
246,81.918,100.0,100.0,100.0,100.0,100.0,100.0,100.0,100.0,100.0,100.0,100.0,100.0,100.0,100.0,,,,,
247,82.072896,100.0,100.0,100.0,100.0,100.0,100.0,100.0,100.0,100.0,100.0,100.0,100.0,100.0,100.0,,,,,
248,82.562304,100.0,100.0,100.0,100.0,100.0,100.0,100.0,100.0,100.0,100.0,100.0,100.0,100.0,100.0,,,,,
249,82.917,100.0,100.0,100.0,100.0,100.0,100.0,100.0,100.0,100.0,100.0,100.0,100.0,100.0,100.0,,,,,
250,83.071896,100.0,100.0,100.0,100.0,100.0,100.0,100.0,100.0,100.0,100.0,100.0,100.0,100.0,100.0,,,,,
251,83.561304,100.0,100.0,100.0,100.0,100.0,100.0,100.0,100.0,100.0,100.0,100.0,100.0,100.0,100.0,,,,,
252,83.916,100.0,100.0,100.0,100.0,100.0,100.0,100.0,100.0,100.0,100.0,100.0,100.0,100.0,100.0,,,,,
253,84.070896,100.0,100.0,100.0,100.0,100.0,100.0,100.0,100.0,100.0,100.0,100.0,100.0,100.0,100.0,,,,,
254,84.560304,100.0,100.0,100.0,100.0,100.0,100.0,100.0,100.0,100.0,100.0,100.0,100.0,100.0,100.0,,,,,
255,84.915,100.0,100.0,100.0,100.0,100.0,100.0,100.0,100.0,100.0,100.0,100.0,100.0,100.0,100.0,,,,,
256,85.069896,100.0,100.0,100.0,100.0,100.0,100.0,100.0,100.0,100.0,100.0,100.0,100.0,100.0,100.0,,,,,
257,85.559304,100.0,100.0,100.0,100.0,100.0,100.0,100.0,100.0,100.0,100.0,100.0,100.0,100.0,100.0,,,,,
258,85.914,100.0,100.0,100.0,100.0,100.0,100.0,100.0,100.0,100.0,100.0,100.0,100.0,100.0,100.0,,,,,
259,86.068896,100.0,100.0,100.0,100.0,100.0,100.0,100.0,100.0,100.0,100.0,100.0,100.0,100.0,100.0,,,,,
260,86.558304,100.0,100.0,100.0,100.0,100.0,100.0,100.0,100.0,100.0,100.0,100.0,100.0,100.0,100.0,,,,,
261,86.913,100.0,100.0,100.0,100.0,100.0,100.0,100.0,100.0,100.0,100.0,100.0,100.0,100.0,100.0,,,,,
262,87.067896,100.0,100.0,100.0,100.0,100.0,100.0,100.0,100.0,100.0,100.0,100.0,100.0,100.0,100.0,,,,,
263,87.557304,100.0,100.0,100.0,100.0,100.0,100.0,100.0,100.0,100.0,100.0,100.0,100.0,100.0,100.0,,,,,
264,87.912,100.0,100.0,100.0,100.0,100.0,100.0,100.0,100.0,100.0,100.0,100.0,100.0,100.0,100.0,,,,,
265,88.066896,100.0,100.0,100.0,100.0,100.0,100.0,100.0,100.0,100.0,100.0,100.0,100.0,100.0,100.0,,,,,
266,88.556304,100.0,100.0,100.0,100.0,100.0,100.0,100.0,100.0,100.0,100.0,100.0,100.0,100.0,100.0,,,,,
267,88.911,100.0,100.0,100.0,100.0,100.0,100.0,100.0,100.0,100.0,100.0,100.0,100.0,100.0,100.0,,,,,
268,89.065896,100.0,100.0,100.0,100.0,100.0,100.0,100.0,100.0,100.0,100.0,100.0,100.0,100.0,100.0,,,,,
269,89.555304,100.0,100.0,100.0,100.0,100.0,100.0,100.0,100.0,100.0,100.0,100.0,100.0,100.0,100.0,,,,,
270,89.91,100.0,100.0,100.0,100.0,100.0,100.0,100.0,100.0,100.0,100.0,100.0,100.0,100.0,100.0,,,,,
271,90.064896,100.0,100.0,100.0,100.0,100.0,100.0,100.0,100.0,100.0,100.0,100.0,100.0,100.0,100.0,,,,,
272,90.554304,100.0,100.0,100.0,100.0,100.0,100.0,100.0,100.0,100.0,100.0,100.0,100.0,100.0,100.0,,,,,
273,90.909,100.0,100.0,100.0,100.0,100.0,100.0,100.0,100.0,100.0,100.0,100.0,100.0,100.0,100.0,,,,,
274,91.063896,100.0,100.0,100.0,100.0,100.0,100.0,100.0,100.0,100.0,100.0,100.0,100.0,100.0,100.0,,,,,
275,91.553304,100.0,100.0,100.0,100.0,100.0,100.0,100.0,100.0,100.0,100.0,100.0,100.0,100.0,100.0,,,,,
276,91.908,100.0,100.0,100.0,100.0,100.0,100.0,100.0,100.0,100.0,100.0,100.0,100.0,100.0,100.0,,,,,
277,92.062896,100.0,100.0,100.0,100.0,100.0,100.0,100.0,100.0,100.0,100.0,100.0,100.0,100.0,100.0,,,,,
278,92.552304,100.0,100.0,100.0,100.0,100.0,100.0,100.0,100.0,100.0,100.0,100.0,100.0,100.0,100.0,,,,,
279,92.907,100.0,100.0,100.0,100.0,100.0,100.0,100.0,100.0,100.0,100.0,100.0,100.0,100.0,100.0,,,,,
280,93.061896,100.0,100.0,100.0,100.0,100.0,100.0,100.0,100.0,100.0,100.0,100.0,100.0,100.0,100.0,,,,,
281,93.551304,100.0,100.0,100.0,100.0,100.0,100.0,100.0,100.0,100.0,100.0,100.0,100.0,100.0,100.0,,,,,
282,93.906,100.0,100.0,100.0,100.0,100.0,100.0,100.0,100.0,100.0,100.0,100.0,100.0,100.0,100.0,,,,,
283,94.060896,100.0,100.0,100.0,100.0,100.0,100.0,100.0,100.0,100.0,100.0,100.0,100.0,100.0,100.0,,,,,
284,94.550304,100.0,100.0,100.0,100.0,100.0,100.0,100.0,100.0,100.0,100.0,100.0,100.0,100.0,100.0,,,,,
285,94.905,100.0,100.0,100.0,100.0,100.0,100.0,100.0,100.0,100.0,100.0,100.0,100.0,100.0,100.0,,,,,
286,95.059896,100.0,100.0,100.0,100.0,100.0,100.0,100.0,100.0,100.0,100.0,100.0,100.0,100.0,100.0,,,,,
287,95.549304,100.0,100.0,100.0,100.0,100.0,100.0,100.0,100.0,100.0,100.0,100.0,100.0,100.0,100.0,,,,,
288,95.904,100.0,100.0,100.0,100.0,100.0,100.0,100.0,100.0,100.0,100.0,100.0,100.0,100.0,100.0,,,,,
289,96.058896,100.0,100.0,100.0,100.0,100.0,100.0,100.0,100.0,100.0,100.0,100.0,100.0,100.0,100.0,,,,,
290,96.548304,100.0,100.0,100.0,100.0,100.0,100.0,100.0,100.0,100.0,100.0,100.0,100.0,100.0,100.0,,,,,
291,96.903,100.0,100.0,100.0,100.0,100.0,100.0,100.0,100.0,100.0,100.0,100.0,100.0,100.0,100.0,,,,,
292,97.057896,100.0,100.0,100.0,100.0,100.0,100.0,100.0,100.0,100.0,100.0,100.0,100.0,100.0,100.0,,,,,
293,97.547304,100.0,100.0,100.0,100.0,100.0,100.0,100.0,100.0,100.0,100.0,100.0,100.0,100.0,100.0,,,,,
294,97.902,100.0,100.0,100.0,100.0,100.0,100.0,100.0,100.0,100.0,100.0,100.0,100.0,100.0,100.0,,,,,
295,98.056896,100.0,100.0,100.0,100.0,100.0,100.0,100.0,100.0,100.0,100.0,100.0,100.0,100.0,100.0,,,,,
296,98.546304,100.0,100.0,100.0,100.0,100.0,100.0,100.0,100.0,100.0,100.0,100.0,100.0,100.0,100.0,,,,,
297,98.901,100.0,100.0,100.0,100.0,100.0,100.0,100.0,100.0,100.0,100.0,100.0,100.0,100.0,100.0,,,,,
298,99.055896,100.0,100.0,100.0,100.0,100.0,100.0,100.0,100.0,100.0,100.0,100.0,100.0,100.0,100.0,,,,,
299,99.545304,100.0,100.0,100.0,100.0,100.0,100.0,100.0,100.0,100.0,100.0,100.0,100.0,100.0,100.0,,,,,
300,99.9,100.0,100.0,100.0,100.0,100.0,100.0,100.0,100.0,100.0,100.0,100.0,100.0,100.0,100.0,,,,,
301,100.054896,100.0,100.0,100.0,100.0,100.0,100.0,100.0,100.0,100.0,100.0,100.0,100.0,100.0,100.0,,,,,
302,100.544304,100.0,100.0,100.0,100.0,100.0,100.0,100.0,100.0,100.0,100.0,100.0,100.0,100.0,100.0,,,,,
303,100.899,100.0,100.0,100.0,100.0,100.0,100.0,100.0,100.0,100.0,100.0,100.0,100.0,100.0,100.0,,,,,
304,101.053896,100.0,100.0,100.0,100.0,100.0,100.0,100.0,100.0,100.0,100.0,100.0,100.0,100.0,100.0,,,,,
305,101.543304,100.0,100.0,100.0,100.0,100.0,100.0,100.0,100.0,100.0,100.0,100.0,100.0,100.0,100.0,,,,,
306,101.898,100.0,100.0,100.0,100.0,100.0,100.0,100.0,100.0,100.0,100.0,100.0,100.0,100.0,100.0,,,,,
307,102.052896,100.0,100.0,100.0,100.0,100.0,100.0,100.0,100.0,100.0,100.0,100.0,100.0,100.0,100.0,,,,,
308,102.542304,100.0,100.0,100.0,100.0,100.0,100.0,100.0,100.0,100.0,100.0,100.0,100.0,100.0,100.0,,,,,
309,102.897,100.0,100.0,100.0,100.0,100.0,100.0,100.0,100.0,100.0,100.0,100.0,100.0,100.0,100.0,,,,,
310,103.051896,100.0,100.0,100.0,100.0,100.0,100.0,100.0,100.0,100.0,100.0,100.0,100.0,100.0,100.0,,,,,
311,103.541304,100.0,100.0,100.0,100.0,100.0,100.0,100.0,100.0,100.0,100.0,100.0,100.0,100.0,100.0,,,,,
312,103.896,100.0,100.0,100.0,100.0,100.0,100.0,100.0,100.0,100.0,100.0,100.0,100.0,100.0,100.0,,,,,
313,104.050896,100.0,100.0,100.0,100.0,100.0,100.0,100.0,100.0,100.0,100.0,100.0,100.0,100.0,100.0,,,,,
314,104.540304,100.0,100.0,100.0,100.0,100.0,100.0,100.0,100.0,100.0,100.0,100.0,100.0,100.0,100.0,,,,,
315,104.895,100.0,100.0,100.0,100.0,100.0,100.0,100.0,100.0,100.0,100.0,100.0,100.0,100.0,100.0,,,,,
316,105.049896,100.0,100.0,100.0,100.0,100.0,100.0,100.0,100.0,100.0,100.0,100.0,100.0,100.0,100.0,,,,,
317,105.539304,100.0,100.0,100.0,100.0,100.0,100.0,100.0,100.0,100.0,100.0,100.0,100.0,100.0,100.0,,,,,
318,105.894,100.0,100.0,100.0,100.0,100.0,100.0,100.0,100.0,100.0,100.0,100.0,100.0,100.0,100.0,,,,,
319,106.048896,100.0,100.0,100.0,100.0,100.0,100.0,100.0,100.0,100.0,100.0,100.0,100.0,100.0,100.0,,,,,
320,106.538304,100.0,100.0,100.0,100.0,100.0,100.0,100.0,100.0,100.0,100.0,100.0,100.0,100.0,100.0,,,,,
321,106.893,100.0,100.0,100.0,100.0,100.0,100.0,100.0,100.0,100.0,100.0,100.0,100.0,100.0,100.0,,,,,
322,107.047896,100.0,100.0,100.0,100.0,100.0,100.0,100.0,100.0,100.0,100.0,100.0,100.0,100.0,100.0,,,,,
323,107.537304,100.0,100.0,100.0,100.0,100.0,100.0,100.0,100.0,100.0,100.0,100.0,100.0,100.0,100.0,,,,,
324,107.892,100.0,100.0,100.0,100.0,100.0,100.0,100.0,100.0,100.0,100.0,100.0,100.0,100.0,100.0,,,,,
325,108.046896,100.0,100.0,100.0,100.0,100.0,100.0,100.0,100.0,100.0,100.0,100.0,100.0,100.0,100.0,,,,,
326,108.536304,100.0,100.0,100.0,100.0,100.0,100.0,100.0,100.0,100.0,100.0,100.0,100.0,100.0,100.0,,,,,
327,108.891,100.0,100.0,100.0,100.0,100.0,100.0,100.0,100.0,100.0,100.0,100.0,100.0,100.0,100.0,,,,,
328,109.045896,100.0,100.0,100.0,100.0,100.0,100.0,100.0,100.0,100.0,100.0,100.0,100.0,100.0,100.0,,,,,
329,109.535304,100.0,100.0,100.0,100.0,100.0,100.0,100.0,100.0,100.0,100.0,100.0,100.0,100.0,100.0,,,,,
330,109.89,100.0,100.0,100.0,100.0,100.0,100.0,100.0,100.0,100.0,100.0,100.0,100.0,100.0,100.0,,,,,
331,110.044896,100.0,100.0,100.0,100.0,100.0,100.0,100.0,100.0,100.0,100.0,100.0,100.0,100.0,100.0,,,,,
332,110.534304,100.0,100.0,100.0,100.0,100.0,100.0,100.0,100.0,100.0,100.0,100.0,100.0,100.0,100.0,,,,,
333,110.889,100.0,100.0,100.0,100.0,100.0,100.0,100.0,100.0,100.0,100.0,100.0,100.0,100.0,100.0,,,,,
334,111.043896,100.0,100.0,100.0,100.0,100.0,100.0,100.0,100.0,100.0,100.0,100.0,100.0,100.0,100.0,,,,,
335,111.533304,100.0,100.0,100.0,100.0,100.0,100.0,100.0,100.0,100.0,100.0,100.0,100.0,100.0,100.0,,,,,
336,111.888,100.0,100.0,100.0,100.0,100.0,100.0,100.0,100.0,100.0,100.0,100.0,100.0,100.0,100.0,,,,,
337,112.042896,100.0,100.0,100.0,100.0,100.0,100.0,100.0,100.0,100.0,100.0,100.0,100.0,100.0,100.0,,,,,
338,112.532304,100.0,100.0,100.0,100.0,100.0,100.0,100.0,100.0,100.0,100.0,100.0,100.0,100.0,100.0,,,,,
339,112.887,100.0,100.0,100.0,100.0,100.0,100.0,100.0,100.0,100.0,100.0,100.0,100.0,100.0,100.0,,,,,
340,113.041896,100.0,100.0,100.0,100.0,100.0,100.0,100.0,100.0,100.0,100.0,100.0,100.0,100.0,100.0,,,,,
341,113.531304,100.0,100.0,100.0,100.0,100.0,100.0,100.0,100.0,100.0,100.0,100.0,100.0,100.0,100.0,,,,,
342,113.886,100.0,100.0,100.0,100.0,100.0,100.0,100.0,100.0,100.0,100.0,100.0,100.0,100.0,100.0,,,,,
343,114.040896,100.0,100.0,100.0,100.0,100.0,100.0,100.0,100.0,100.0,100.0,100.0,100.0,100.0,100.0,,,,,
344,114.530304,100.0,100.0,100.0,100.0,100.0,100.0,100.0,100.0,100.0,100.0,100.0,100.0,100.0,100.0,,,,,
345,114.885,100.0,100.0,100.0,100.0,100.0,100.0,100.0,100.0,100.0,100.0,100.0,100.0,100.0,100.0,,,,,
346,115.039896,100.0,100.0,100.0,100.0,100.0,100.0,100.0,100.0,100.0,100.0,100.0,100.0,100.0,100.0,,,,,
347,115.529304,100.0,100.0,100.0,100.0,100.0,100.0,100.0,100.0,100.0,100.0,100.0,100.0,100.0,100.0,,,,,
348,115.884,100.0,100.0,100.0,100.0,100.0,100.0,100.0,100.0,100.0,100.0,100.0,100.0,100.0,100.0,,,,,
349,116.038896,100.0,100.0,100.0,100.0,100.0,100.0,100.0,100.0,100.0,100.0,100.0,100.0,100.0,100.0,,,,,
350,116.528304,100.0,100.0,100.0,100.0,100.0,100.0,100.0,100.0,100.0,100.0,100.0,100.0,100.0,100.0,,,,,
351,116.883,100.0,100.0,100.0,100.0,100.0,100.0,100.0,100.0,100.0,100.0,100.0,100.0,100.0,100.0,,,,,
352,117.037896,100.0,100.0,100.0,100.0,100.0,100.0,100.0,100.0,100.0,100.0,100.0,100.0,100.0,100.0,,,,,
353,117.527304,100.0,100.0,100.0,100.0,100.0,100.0,100.0,100.0,100.0,100.0,100.0,100.0,100.0,100.0,,,,,
354,117.882,100.0,100.0,100.0,100.0,100.0,100.0,100.0,100.0,100.0,100.0,100.0,100.0,100.0,100.0,,,,,
355,118.036896,100.0,100.0,100.0,100.0,100.0,100.0,100.0,100.0,100.0,100.0,100.0,100.0,100.0,100.0,,,,,
356,118.526304,100.0,100.0,100.0,100.0,100.0,100.0,100.0,100.0,100.0,100.0,100.0,100.0,100.0,100.0,,,,,
357,118.881,100.0,100.0,100.0,100.0,100.0,100.0,100.0,100.0,100.0,100.0,100.0,100.0,100.0,100.0,,,,,
358,119.035896,100.0,100.0,100.0,100.0,100.0,100.0,100.0,100.0,100.0,100.0,100.0,100.0,100.0,100.0,,,,,
359,119.525304,100.0,100.0,100.0,100.0,100.0,100.0,100.0,100.0,100.0,100.0,100.0,100.0,100.0,100.0,,,,,
360,119.88,100.0,100.0,100.0,100.0,100.0,100.0,100.0,100.0,100.0,100.0,100.0,100.0,100.0,100.0,,,,,
361,120.034896,100.0,100.0,100.0,100.0,100.0,100.0,100.0,100.0,100.0,100.0,100.0,100.0,100.0,100.0,,,,,
362,120.524304,100.0,100.0,100.0,100.0,100.0,100.0,100.0,100.0,100.0,100.0,100.0,100.0,100.0,100.0,,,,,
363,120.879,100.0,100.0,100.0,100.0,100.0,100.0,100.0,100.0,100.0,100.0,100.0,100.0,100.0,100.0,,,,,
364,121.033896,100.0,100.0,100.0,100.0,100.0,100.0,100.0,100.0,100.0,100.0,100.0,100.0,100.0,100.0,,,,,
365,121.523304,100.0,100.0,100.0,100.0,100.0,100.0,100.0,100.0,100.0,100.0,100.0,100.0,100.0,100.0,,,,,
366,121.878,100.0,100.0,100.0,100.0,100.0,100.0,100.0,100.0,100.0,100.0,100.0,100.0,100.0,100.0,,,,,
367,122.032896,100.0,100.0,100.0,100.0,100.0,100.0,100.0,100.0,100.0,100.0,100.0,100.0,100.0,100.0,,,,,
368,122.522304,100.0,100.0,100.0,100.0,100.0,100.0,100.0,100.0,100.0,100.0,100.0,100.0,100.0,100.0,,,,,
369,122.877,100.0,100.0,100.0,100.0,100.0,100.0,100.0,100.0,100.0,100.0,100.0,100.0,100.0,100.0,,,,,
370,123.031896,100.0,100.0,100.0,100.0,100.0,100.0,100.0,100.0,100.0,100.0,100.0,100.0,100.0,100.0,,,,,
371,123.521304,100.0,100.0,100.0,100.0,100.0,100.0,100.0,100.0,100.0,100.0,100.0,100.0,100.0,100.0,,,,,
372,123.876,100.0,100.0,100.0,100.0,100.0,100.0,100.0,100.0,100.0,100.0,100.0,100.0,100.0,100.0,,,,,
373,124.030896,100.0,100.0,100.0,100.0,100.0,100.0,100.0,100.0,100.0,100.0,100.0,100.0,100.0,100.0,,,,,
374,124.520304,100.0,100.0,100.0,100.0,100.0,100.0,100.0,100.0,100.0,100.0,100.0,100.0,100.0,100.0,,,,,
375,124.875,100.0,100.0,100.0,100.0,100.0,100.0,100.0,100.0,100.0,100.0,100.0,100.0,100.0,100.0,,,,,
376,125.029896,100.0,100.0,100.0,100.0,100.0,100.0,100.0,100.0,100.0,100.0,100.0,100.0,100.0,100.0,,,,,
377,125.519304,100.0,100.0,100.0,100.0,100.0,100.0,100.0,100.0,100.0,100.0,100.0,100.0,100.0,100.0,,,,,
378,125.874,100.0,100.0,100.0,100.0,100.0,100.0,100.0,100.0,100.0,100.0,100.0,100.0,100.0,100.0,,,,,
379,126.028896,100.0,100.0,100.0,100.0,100.0,100.0,100.0,100.0,100.0,100.0,100.0,100.0,100.0,100.0,,,,,
380,126.518304,100.0,100.0,100.0,100.0,100.0,100.0,100.0,100.0,100.0,100.0,100.0,100.0,100.0,100.0,,,,,
381,126.873,100.0,100.0,100.0,100.0,100.0,100.0,100.0,100.0,100.0,100.0,100.0,100.0,100.0,100.0,,,,,
382,127.027896,100.0,100.0,100.0,100.0,100.0,100.0,100.0,100.0,100.0,100.0,100.0,100.0,100.0,100.0,,,,,
383,127.517304,100.0,100.0,100.0,100.0,100.0,100.0,100.0,100.0,100.0,100.0,100.0,100.0,100.0,100.0,,,,,
384,127.872,100.0,100.0,100.0,100.0,100.0,100.0,100.0,100.0,100.0,100.0,100.0,100.0,100.0,100.0,,,,,
385,128.026896,100.0,100.0,100.0,100.0,100.0,100.0,100.0,100.0,100.0,100.0,100.0,100.0,100.0,100.0,,,,,
386,128.516304,100.0,100.0,100.0,100.0,100.0,100.0,100.0,100.0,100.0,100.0,100.0,100.0,100.0,100.0,,,,,
387,128.871,100.0,100.0,100.0,100.0,100.0,100.0,100.0,100.0,100.0,100.0,100.0,100.0,100.0,100.0,,,,,
388,129.025896,100.0,100.0,100.0,100.0,100.0,100.0,100.0,100.0,100.0,100.0,100.0,100.0,100.0,100.0,,,,,
389,129.515304,100.0,100.0,100.0,100.0,100.0,100.0,100.0,100.0,100.0,100.0,100.0,100.0,100.0,100.0,,,,,
390,129.87,100.0,100.0,100.0,100.0,100.0,100.0,100.0,100.0,100.0,100.0,100.0,100.0,100.0,100.0,,,,,
391,130.024896,100.0,100.0,100.0,100.0,100.0,100.0,100.0,100.0,100.0,100.0,100.0,100.0,100.0,100.0,,,,,
392,130.514304,100.0,100.0,100.0,100.0,100.0,100.0,100.0,100.0,100.0,100.0,100.0,100.0,100.0,100.0,,,,,
393,130.869,100.0,100.0,100.0,100.0,100.0,100.0,100.0,100.0,100.0,100.0,100.0,100.0,100.0,100.0,,,,,
394,131.023896,100.0,100.0,100.0,100.0,100.0,100.0,100.0,100.0,100.0,100.0,100.0,100.0,100.0,100.0,,,,,
395,131.513304,100.0,100.0,100.0,100.0,100.0,100.0,100.0,100.0,100.0,100.0,100.0,100.0,100.0,100.0,,,,,
396,131.868,100.0,100.0,100.0,100.0,100.0,100.0,100.0,100.0,100.0,100.0,100.0,100.0,100.0,100.0,,,,,
397,132.022896,100.0,100.0,100.0,100.0,100.0,100.0,100.0,100.0,100.0,100.0,100.0,100.0,100.0,100.0,,,,,
398,132.512304,100.0,100.0,100.0,100.0,100.0,100.0,100.0,100.0,100.0,100.0,100.0,100.0,100.0,100.0,,,,,
399,132.867,100.0,100.0,100.0,100.0,100.0,100.0,100.0,100.0,100.0,100.0,100.0,100.0,100.0,100.0,,,,,
400,133.021896,100.0,100.0,100.0,100.0,100.0,100.0,100.0,100.0,100.0,100.0,100.0,100.0,100.0,100.0,,,,,
401,133.511304,100.0,100.0,100.0,100.0,100.0,100.0,100.0,100.0,100.0,100.0,100.0,100.0,100.0,100.0,,,,,
402,133.866,100.0,100.0,100.0,100.0,100.0,100.0,100.0,100.0,100.0,100.0,100.0,100.0,100.0,100.0,,,,,
403,134.020896,100.0,100.0,100.0,100.0,100.0,100.0,100.0,100.0,100.0,100.0,100.0,100.0,100.0,100.0,,,,,
404,134.510304,100.0,100.0,100.0,100.0,100.0,100.0,100.0,100.0,100.0,100.0,100.0,100.0,100.0,100.0,,,,,
405,134.865,100.0,100.0,100.0,100.0,100.0,100.0,100.0,100.0,100.0,100.0,100.0,100.0,100.0,100.0,,,,,
406,135.019896,100.0,100.0,100.0,100.0,100.0,100.0,100.0,100.0,100.0,100.0,100.0,100.0,100.0,100.0,,,,,
407,135.509304,100.0,100.0,100.0,100.0,100.0,100.0,100.0,100.0,100.0,100.0,100.0,100.0,100.0,100.0,,,,,
408,135.864,100.0,100.0,100.0,100.0,100.0,100.0,100.0,100.0,100.0,100.0,100.0,100.0,100.0,100.0,,,,,
409,136.018896,100.0,100.0,100.0,100.0,100.0,100.0,100.0,100.0,100.0,100.0,100.0,100.0,100.0,100.0,,,,,
410,136.508304,100.0,100.0,100.0,100.0,100.0,100.0,100.0,100.0,100.0,100.0,100.0,100.0,100.0,100.0,,,,,
411,136.863,100.0,100.0,100.0,100.0,100.0,100.0,100.0,100.0,100.0,100.0,100.0,100.0,100.0,100.0,,,,,
412,137.017896,100.0,100.0,100.0,100.0,100.0,100.0,100.0,100.0,100.0,100.0,100.0,100.0,100.0,100.0,,,,,
413,137.507304,100.0,100.0,100.0,100.0,100.0,100.0,100.0,100.0,100.0,100.0,100.0,100.0,100.0,100.0,,,,,
414,137.862,100.0,100.0,100.0,100.0,100.0,100.0,100.0,100.0,100.0,100.0,100.0,100.0,100.0,100.0,,,,,
415,138.016896,100.0,100.0,100.0,100.0,100.0,100.0,100.0,100.0,100.0,100.0,100.0,100.0,100.0,100.0,,,,,
416,138.506304,100.0,100.0,100.0,100.0,100.0,100.0,100.0,100.0,100.0,100.0,100.0,100.0,100.0,100.0,,,,,
417,138.861,100.0,100.0,100.0,100.0,100.0,100.0,100.0,100.0,100.0,100.0,100.0,100.0,100.0,100.0,,,,,
418,139.015896,100.0,100.0,100.0,100.0,100.0,100.0,100.0,100.0,100.0,100.0,100.0,100.0,100.0,100.0,,,,,
419,139.505304,100.0,100.0,100.0,100.0,100.0,100.0,100.0,100.0,100.0,100.0,100.0,100.0,100.0,100.0,,,,,
420,139.86,100.0,100.0,100.0,100.0,100.0,100.0,100.0,100.0,100.0,100.0,100.0,100.0,100.0,100.0,,,,,
421,140.014896,100.0,100.0,100.0,100.0,100.0,100.0,100.0,100.0,100.0,100.0,100.0,100.0,100.0,100.0,,,,,
422,140.504304,100.0,100.0,100.0,100.0,100.0,100.0,100.0,100.0,100.0,100.0,100.0,100.0,100.0,100.0,,,,,
423,140.859,100.0,100.0,100.0,100.0,100.0,100.0,100.0,100.0,100.0,100.0,100.0,100.0,100.0,100.0,,,,,
424,141.013896,100.0,100.0,100.0,100.0,100.0,100.0,100.0,100.0,100.0,100.0,100.0,100.0,100.0,100.0,,,,,
425,141.503304,100.0,100.0,100.0,100.0,100.0,100.0,100.0,100.0,100.0,100.0,100.0,100.0,100.0,100.0,,,,,
426,141.858,100.0,100.0,100.0,100.0,100.0,100.0,100.0,100.0,100.0,100.0,100.0,100.0,100.0,100.0,,,,,
427,142.012896,100.0,100.0,100.0,100.0,100.0,100.0,100.0,100.0,100.0,100.0,100.0,100.0,100.0,100.0,,,,,
428,142.502304,100.0,100.0,100.0,100.0,100.0,100.0,100.0,100.0,100.0,100.0,100.0,100.0,100.0,100.0,,,,,
429,142.857,100.0,100.0,100.0,100.0,100.0,100.0,100.0,100.0,100.0,100.0,100.0,100.0,100.0,100.0,,,,,
430,143.011896,100.0,100.0,100.0,100.0,100.0,100.0,100.0,100.0,100.0,100.0,100.0,100.0,100.0,100.0,,,,,
431,143.501304,100.0,100.0,100.0,100.0,100.0,100.0,100.0,100.0,100.0,100.0,100.0,100.0,100.0,100.0,,,,,
432,143.856,100.0,100.0,100.0,100.0,100.0,100.0,100.0,100.0,100.0,100.0,100.0,100.0,100.0,100.0,,,,,
433,144.010896,100.0,100.0,100.0,100.0,100.0,100.0,100.0,100.0,100.0,100.0,100.0,100.0,100.0,100.0,,,,,
434,144.500304,100.0,100.0,100.0,100.0,100.0,100.0,100.0,100.0,100.0,100.0,100.0,100.0,100.0,100.0,,,,,
435,144.855,100.0,100.0,100.0,100.0,100.0,100.0,100.0,100.0,100.0,100.0,100.0,100.0,100.0,100.0,,,,,
436,145.009896,100.0,100.0,100.0,100.0,100.0,100.0,100.0,100.0,100.0,100.0,100.0,100.0,100.0,100.0,,,,,
437,145.499304,100.0,100.0,100.0,100.0,100.0,100.0,100.0,100.0,100.0,100.0,100.0,100.0,100.0,100.0,,,,,
438,145.854,100.0,100.0,100.0,100.0,100.0,100.0,100.0,100.0,100.0,100.0,100.0,100.0,100.0,100.0,,,,,
439,146.008896,100.0,100.0,100.0,100.0,100.0,100.0,100.0,100.0,100.0,100.0,100.0,100.0,100.0,100.0,,,,,
440,146.498304,100.0,100.0,100.0,100.0,100.0,100.0,100.0,100.0,100.0,100.0,100.0,100.0,100.0,100.0,,,,,
441,146.853,100.0,100.0,100.0,100.0,100.0,100.0,100.0,100.0,100.0,100.0,100.0,100.0,100.0,100.0,,,,,
442,147.007896,100.0,100.0,100.0,100.0,100.0,100.0,100.0,100.0,100.0,100.0,100.0,100.0,100.0,100.0,,,,,
443,147.497304,100.0,100.0,100.0,100.0,100.0,100.0,100.0,100.0,100.0,100.0,100.0,100.0,100.0,100.0,,,,,
444,147.852,100.0,100.0,100.0,100.0,100.0,100.0,100.0,100.0,100.0,100.0,100.0,100.0,100.0,100.0,,,,,
445,148.006896,100.0,100.0,100.0,100.0,100.0,100.0,100.0,100.0,100.0,100.0,100.0,100.0,100.0,100.0,,,,,
446,148.496304,100.0,100.0,100.0,100.0,100.0,100.0,100.0,100.0,100.0,100.0,100.0,100.0,100.0,100.0,,,,,
447,148.851,100.0,100.0,100.0,100.0,100.0,100.0,100.0,100.0,100.0,100.0,100.0,100.0,100.0,100.0,,,,,
448,149.005896,100.0,100.0,100.0,100.0,100.0,100.0,100.0,100.0,100.0,100.0,100.0,100.0,100.0,100.0,,,,,
449,149.495304,100.0,100.0,100.0,100.0,100.0,100.0,100.0,100.0,100.0,100.0,100.0,100.0,100.0,100.0,,,,,
450,149.85,100.0,100.0,100.0,100.0,100.0,100.0,100.0,100.0,100.0,100.0,100.0,100.0,100.0,100.0,,,,,
451,150.004896,100.0,100.0,100.0,100.0,100.0,100.0,100.0,100.0,100.0,100.0,100.0,100.0,100.0,100.0,,,,,
452,150.494304,100.0,100.0,100.0,100.0,100.0,100.0,100.0,100.0,100.0,100.0,100.0,100.0,100.0,100.0,,,,,
453,150.849,100.0,100.0,100.0,100.0,100.0,100.0,100.0,100.0,100.0,100.0,100.0,100.0,100.0,100.0,,,,,
454,151.003896,100.0,100.0,100.0,100.0,100.0,100.0,100.0,100.0,100.0,100.0,100.0,100.0,100.0,100.0,,,,,
455,151.493304,100.0,100.0,100.0,100.0,100.0,100.0,100.0,100.0,100.0,100.0,100.0,100.0,100.0,100.0,,,,,
456,151.848,100.0,100.0,100.0,100.0,100.0,100.0,100.0,100.0,100.0,100.0,100.0,100.0,100.0,100.0,,,,,
457,152.002896,100.0,100.0,100.0,100.0,100.0,100.0,100.0,100.0,100.0,100.0,100.0,100.0,100.0,100.0,,,,,
458,152.492304,100.0,100.0,100.0,100.0,100.0,100.0,100.0,100.0,100.0,100.0,100.0,100.0,100.0,100.0,,,,,
459,152.847,100.0,100.0,100.0,100.0,100.0,100.0,100.0,100.0,100.0,100.0,100.0,100.0,100.0,100.0,,,,,
460,153.001896,100.0,100.0,100.0,100.0,100.0,100.0,100.0,100.0,100.0,100.0,100.0,100.0,100.0,100.0,,,,,
461,153.491304,100.0,100.0,100.0,100.0,100.0,100.0,100.0,100.0,100.0,100.0,100.0,100.0,100.0,100.0,,,,,
462,153.846,100.0,100.0,100.0,100.0,100.0,100.0,100.0,100.0,100.0,100.0,100.0,100.0,100.0,100.0,,,,,
463,154.000896,100.0,100.0,100.0,100.0,100.0,100.0,100.0,100.0,100.0,100.0,100.0,100.0,100.0,100.0,,,,,
464,154.490304,100.0,100.0,100.0,100.0,100.0,100.0,100.0,100.0,100.0,100.0,100.0,100.0,100.0,100.0,,,,,
465,154.845,100.0,100.0,100.0,100.0,100.0,100.0,100.0,100.0,100.0,100.0,100.0,100.0,100.0,100.0,,,,,
466,154.999896,100.0,100.0,100.0,100.0,100.0,100.0,100.0,100.0,100.0,100.0,100.0,100.0,100.0,100.0,,,,,
467,155.489304,100.0,100.0,100.0,100.0,100.0,100.0,100.0,100.0,100.0,100.0,100.0,100.0,100.0,100.0,,,,,
468,155.844,100.0,100.0,100.0,100.0,100.0,100.0,100.0,100.0,100.0,100.0,100.0,100.0,100.0,100.0,,,,,
469,155.998896,100.0,100.0,100.0,100.0,100.0,100.0,100.0,100.0,100.0,100.0,100.0,100.0,100.0,100.0,,,,,
470,156.488304,100.0,100.0,100.0,100.0,100.0,100.0,100.0,100.0,100.0,100.0,100.0,100.0,100.0,100.0,,,,,
471,156.843,100.0,100.0,100.0,100.0,100.0,100.0,100.0,100.0,100.0,100.0,100.0,100.0,100.0,100.0,,,,,
472,156.997896,100.0,100.0,100.0,100.0,100.0,100.0,100.0,100.0,100.0,100.0,100.0,100.0,100.0,100.0,,,,,
473,157.487304,100.0,100.0,100.0,100.0,100.0,100.0,100.0,100.0,100.0,100.0,100.0,100.0,100.0,100.0,,,,,
474,157.842,100.0,100.0,100.0,100.0,100.0,100.0,100.0,100.0,100.0,100.0,100.0,100.0,100.0,100.0,,,,,
475,157.996896,100.0,100.0,100.0,100.0,100.0,100.0,100.0,100.0,100.0,100.0,100.0,100.0,100.0,100.0,,,,,
476,158.486304,100.0,100.0,100.0,100.0,100.0,100.0,100.0,100.0,100.0,100.0,100.0,100.0,100.0,100.0,,,,,
477,158.841,100.0,100.0,100.0,100.0,100.0,100.0,100.0,100.0,100.0,100.0,100.0,100.0,100.0,100.0,,,,,
478,158.995896,100.0,100.0,100.0,100.0,100.0,100.0,100.0,100.0,100.0,100.0,100.0,100.0,100.0,100.0,,,,,
479,159.485304,100.0,100.0,100.0,100.0,100.0,100.0,100.0,100.0,100.0,100.0,100.0,100.0,100.0,100.0,,,,,
480,159.84,100.0,100.0,100.0,100.0,100.0,100.0,100.0,100.0,100.0,100.0,100.0,100.0,100.0,100.0,,,,,
481,159.994896,100.0,100.0,100.0,100.0,100.0,100.0,100.0,100.0,100.0,100.0,100.0,100.0,100.0,100.0,,,,,
482,160.484304,100.0,100.0,100.0,100.0,100.0,100.0,100.0,100.0,100.0,100.0,100.0,100.0,100.0,100.0,,,,,
483,160.839,100.0,100.0,100.0,100.0,100.0,100.0,100.0,100.0,100.0,100.0,100.0,100.0,100.0,100.0,,,,,
484,160.993896,100.0,100.0,100.0,100.0,100.0,100.0,100.0,100.0,100.0,100.0,100.0,100.0,100.0,100.0,,,,,
485,161.483304,100.0,100.0,100.0,100.0,100.0,100.0,100.0,100.0,100.0,100.0,100.0,100.0,100.0,100.0,,,,,
486,161.838,100.0,100.0,100.0,100.0,100.0,100.0,100.0,100.0,100.0,100.0,100.0,100.0,100.0,100.0,,,,,
487,161.992896,100.0,100.0,100.0,100.0,100.0,100.0,100.0,100.0,100.0,100.0,100.0,100.0,100.0,100.0,,,,,
488,162.482304,100.0,100.0,100.0,100.0,100.0,100.0,100.0,100.0,100.0,100.0,100.0,100.0,100.0,100.0,,,,,
489,162.837,100.0,100.0,100.0,100.0,100.0,100.0,100.0,100.0,100.0,100.0,100.0,100.0,100.0,100.0,,,,,
490,162.991896,100.0,100.0,100.0,100.0,100.0,100.0,100.0,100.0,100.0,100.0,100.0,100.0,100.0,100.0,,,,,
491,163.481304,100.0,100.0,100.0,100.0,100.0,100.0,100.0,100.0,100.0,100.0,100.0,100.0,100.0,100.0,,,,,
492,163.836,100.0,100.0,100.0,100.0,100.0,100.0,100.0,100.0,100.0,100.0,100.0,100.0,100.0,100.0,,,,,
493,163.990896,100.0,100.0,100.0,100.0,100.0,100.0,100.0,100.0,100.0,100.0,100.0,100.0,100.0,100.0,,,,,
494,164.480304,100.0,100.0,100.0,100.0,100.0,100.0,100.0,100.0,100.0,100.0,100.0,100.0,100.0,100.0,,,,,
495,164.835,100.0,100.0,100.0,100.0,100.0,100.0,100.0,100.0,100.0,100.0,100.0,100.0,100.0,100.0,,,,,
496,164.989896,100.0,100.0,100.0,100.0,100.0,100.0,100.0,100.0,100.0,100.0,100.0,100.0,100.0,100.0,,,,,
497,165.479304,100.0,100.0,100.0,100.0,100.0,100.0,100.0,100.0,100.0,100.0,100.0,100.0,100.0,100.0,,,,,
498,165.834,100.0,100.0,100.0,100.0,100.0,100.0,100.0,100.0,100.0,100.0,100.0,100.0,100.0,100.0,,,,,
499,165.988896,100.0,100.0,100.0,100.0,100.0,100.0,100.0,100.0,100.0,100.0,100.0,100.0,100.0,100.0,,,,,
500,166.478304,100.0,100.0,100.0,100.0,100.0,100.0,100.0,100.0,100.0,100.0,100.0,100.0,100.0,100.0,,,,,
501,166.833,100.0,100.0,100.0,100.0,100.0,100.0,100.0,100.0,100.0,100.0,100.0,100.0,100.0,100.0,,,,,
502,166.987896,100.0,100.0,100.0,100.0,100.0,100.0,100.0,100.0,100.0,100.0,100.0,100.0,100.0,100.0,,,,,
503,167.477304,100.0,100.0,100.0,100.0,100.0,100.0,100.0,100.0,100.0,100.0,100.0,100.0,100.0,100.0,,,,,
504,167.832,100.0,100.0,100.0,100.0,100.0,100.0,100.0,100.0,100.0,100.0,100.0,100.0,100.0,100.0,,,,,
505,167.986896,100.0,100.0,100.0,100.0,100.0,100.0,100.0,100.0,100.0,100.0,100.0,100.0,100.0,100.0,,,,,
506,168.476304,100.0,100.0,100.0,100.0,100.0,100.0,100.0,100.0,100.0,100.0,100.0,100.0,100.0,100.0,,,,,
507,168.831,100.0,100.0,100.0,100.0,100.0,100.0,100.0,100.0,100.0,100.0,100.0,100.0,100.0,100.0,,,,,
508,168.985896,100.0,100.0,100.0,100.0,100.0,100.0,100.0,100.0,100.0,100.0,100.0,100.0,100.0,100.0,,,,,
509,169.475304,100.0,100.0,100.0,100.0,100.0,100.0,100.0,100.0,100.0,100.0,100.0,100.0,100.0,100.0,,,,,
510,169.83,100.0,100.0,100.0,100.0,100.0,100.0,100.0,100.0,100.0,100.0,100.0,100.0,100.0,100.0,,,,,
511,169.984896,100.0,100.0,100.0,100.0,100.0,100.0,100.0,100.0,100.0,100.0,100.0,100.0,100.0,100.0,,,,,
512,170.474304,100.0,100.0,100.0,100.0,100.0,100.0,100.0,100.0,100.0,100.0,100.0,100.0,100.0,100.0,,,,,
513,170.829,100.0,100.0,100.0,100.0,100.0,100.0,100.0,100.0,100.0,100.0,100.0,100.0,100.0,100.0,,,,,
514,170.983896,100.0,100.0,100.0,100.0,100.0,100.0,100.0,100.0,100.0,100.0,100.0,100.0,100.0,100.0,,,,,
515,171.473304,100.0,100.0,100.0,100.0,100.0,100.0,100.0,100.0,100.0,100.0,100.0,100.0,100.0,100.0,,,,,
516,171.828,100.0,100.0,100.0,100.0,100.0,100.0,100.0,100.0,100.0,100.0,100.0,100.0,100.0,100.0,,,,,
517,171.982896,100.0,100.0,100.0,100.0,100.0,100.0,100.0,100.0,100.0,100.0,100.0,100.0,100.0,100.0,,,,,
518,172.472304,100.0,100.0,100.0,100.0,100.0,100.0,100.0,100.0,100.0,100.0,100.0,100.0,100.0,100.0,,,,,
519,172.827,100.0,100.0,100.0,100.0,100.0,100.0,100.0,100.0,100.0,100.0,100.0,100.0,100.0,100.0,,,,,
520,172.981896,100.0,100.0,100.0,100.0,100.0,100.0,100.0,100.0,100.0,100.0,100.0,100.0,100.0,100.0,,,,,
521,173.471304,100.0,100.0,100.0,100.0,100.0,100.0,100.0,100.0,100.0,100.0,100.0,100.0,100.0,100.0,,,,,
522,173.826,100.0,100.0,100.0,100.0,100.0,100.0,100.0,100.0,100.0,100.0,100.0,100.0,100.0,100.0,,,,,
523,173.980896,100.0,100.0,100.0,100.0,100.0,100.0,100.0,100.0,100.0,100.0,100.0,100.0,100.0,100.0,,,,,
524,174.470304,100.0,100.0,100.0,100.0,100.0,100.0,100.0,100.0,100.0,100.0,100.0,100.0,100.0,100.0,,,,,
525,174.825,100.0,100.0,100.0,100.0,100.0,100.0,100.0,100.0,100.0,100.0,100.0,100.0,100.0,100.0,,,,,
526,174.979896,100.0,100.0,100.0,100.0,100.0,100.0,100.0,100.0,100.0,100.0,100.0,100.0,100.0,100.0,,,,,
527,175.469304,100.0,100.0,100.0,100.0,100.0,100.0,100.0,100.0,100.0,100.0,100.0,100.0,100.0,100.0,,,,,
528,175.824,100.0,100.0,100.0,100.0,100.0,100.0,100.0,100.0,100.0,100.0,100.0,100.0,100.0,100.0,,,,,
529,175.978896,100.0,100.0,100.0,100.0,100.0,100.0,100.0,100.0,100.0,100.0,100.0,100.0,100.0,100.0,,,,,
530,176.468304,100.0,100.0,100.0,100.0,100.0,100.0,100.0,100.0,100.0,100.0,100.0,100.0,100.0,100.0,,,,,
531,176.823,100.0,100.0,100.0,100.0,100.0,100.0,100.0,100.0,100.0,100.0,100.0,100.0,100.0,100.0,,,,,
532,176.977896,100.0,100.0,100.0,100.0,100.0,100.0,100.0,100.0,100.0,100.0,100.0,100.0,100.0,100.0,,,,,
533,177.467304,100.0,100.0,100.0,100.0,100.0,100.0,100.0,100.0,100.0,100.0,100.0,100.0,100.0,100.0,,,,,
534,177.822,100.0,100.0,100.0,100.0,100.0,100.0,100.0,100.0,100.0,100.0,100.0,100.0,100.0,100.0,,,,,
535,177.976896,100.0,100.0,100.0,100.0,100.0,100.0,100.0,100.0,100.0,100.0,100.0,100.0,100.0,100.0,,,,,
536,178.466304,100.0,100.0,100.0,100.0,100.0,100.0,100.0,100.0,100.0,100.0,100.0,100.0,100.0,100.0,,,,,
537,178.821,100.0,100.0,100.0,100.0,100.0,100.0,100.0,100.0,100.0,100.0,100.0,100.0,100.0,100.0,,,,,
538,178.975896,100.0,100.0,100.0,100.0,100.0,100.0,100.0,100.0,100.0,100.0,100.0,100.0,100.0,100.0,,,,,
539,179.465304,100.0,100.0,100.0,100.0,100.0,100.0,100.0,100.0,100.0,100.0,100.0,100.0,100.0,100.0,,,,,
540,179.82,100.0,100.0,100.0,100.0,100.0,100.0,100.0,100.0,100.0,100.0,100.0,100.0,100.0,100.0,,,,,
541,179.974896,100.0,100.0,100.0,100.0,100.0,100.0,100.0,100.0,100.0,100.0,100.0,100.0,100.0,100.0,,,,,
542,180.464304,100.0,100.0,100.0,100.0,100.0,100.0,100.0,100.0,100.0,100.0,100.0,100.0,100.0,100.0,,,,,
543,180.819,100.0,100.0,100.0,100.0,100.0,100.0,100.0,100.0,100.0,100.0,100.0,100.0,100.0,100.0,,,,,
544,180.973896,100.0,100.0,100.0,100.0,100.0,100.0,100.0,100.0,100.0,100.0,100.0,100.0,100.0,100.0,,,,,
545,181.463304,100.0,100.0,100.0,100.0,100.0,100.0,100.0,100.0,100.0,100.0,100.0,100.0,100.0,100.0,,,,,
546,181.818,100.0,100.0,100.0,100.0,100.0,100.0,100.0,100.0,100.0,100.0,100.0,100.0,100.0,100.0,,,,,
547,181.972896,100.0,100.0,100.0,100.0,100.0,100.0,100.0,100.0,100.0,100.0,100.0,100.0,100.0,100.0,,,,,
548,182.462304,100.0,100.0,100.0,100.0,100.0,100.0,100.0,100.0,100.0,100.0,100.0,100.0,100.0,100.0,,,,,
549,182.817,100.0,100.0,100.0,100.0,100.0,100.0,100.0,100.0,100.0,100.0,100.0,100.0,100.0,100.0,,,,,
550,182.971896,100.0,100.0,100.0,100.0,100.0,100.0,100.0,100.0,100.0,100.0,100.0,100.0,100.0,100.0,,,,,
551,183.461304,100.0,100.0,100.0,100.0,100.0,100.0,100.0,100.0,100.0,100.0,100.0,100.0,100.0,100.0,,,,,
552,183.816,100.0,100.0,100.0,100.0,100.0,100.0,100.0,100.0,100.0,100.0,100.0,100.0,100.0,100.0,,,,,
553,183.970896,100.0,100.0,100.0,100.0,100.0,100.0,100.0,100.0,100.0,100.0,100.0,100.0,100.0,100.0,,,,,
554,184.460304,100.0,100.0,100.0,100.0,100.0,100.0,100.0,100.0,100.0,100.0,100.0,100.0,100.0,100.0,,,,,
555,184.815,100.0,100.0,100.0,100.0,100.0,100.0,100.0,100.0,100.0,100.0,100.0,100.0,100.0,100.0,,,,,
556,184.969896,100.0,100.0,100.0,100.0,100.0,100.0,100.0,100.0,100.0,100.0,100.0,100.0,100.0,100.0,,,,,
557,185.459304,100.0,100.0,100.0,100.0,100.0,100.0,100.0,100.0,100.0,100.0,100.0,100.0,100.0,100.0,,,,,
558,185.814,100.0,100.0,100.0,100.0,100.0,100.0,100.0,100.0,100.0,100.0,100.0,100.0,100.0,100.0,,,,,
559,185.968896,100.0,100.0,100.0,100.0,100.0,100.0,100.0,100.0,100.0,100.0,100.0,100.0,100.0,100.0,,,,,
560,186.458304,100.0,100.0,100.0,100.0,100.0,100.0,100.0,100.0,100.0,100.0,100.0,100.0,100.0,100.0,,,,,
561,186.813,100.0,100.0,100.0,100.0,100.0,100.0,100.0,100.0,100.0,100.0,100.0,100.0,100.0,100.0,,,,,
562,186.967896,100.0,100.0,100.0,100.0,100.0,100.0,100.0,100.0,100.0,100.0,100.0,100.0,100.0,100.0,,,,,
563,187.457304,100.0,100.0,100.0,100.0,100.0,100.0,100.0,100.0,100.0,100.0,100.0,100.0,100.0,100.0,,,,,
564,187.812,100.0,100.0,100.0,100.0,100.0,100.0,100.0,100.0,100.0,100.0,100.0,100.0,100.0,100.0,,,,,
565,187.966896,100.0,100.0,100.0,100.0,100.0,100.0,100.0,100.0,100.0,100.0,100.0,100.0,100.0,100.0,,,,,
566,188.456304,100.0,100.0,100.0,100.0,100.0,100.0,100.0,100.0,100.0,100.0,100.0,100.0,100.0,100.0,,,,,
567,188.811,100.0,100.0,100.0,100.0,100.0,100.0,100.0,100.0,100.0,100.0,100.0,100.0,100.0,100.0,,,,,
568,188.965896,100.0,100.0,100.0,100.0,100.0,100.0,100.0,100.0,100.0,100.0,100.0,100.0,100.0,100.0,,,,,
569,189.455304,100.0,100.0,100.0,100.0,100.0,100.0,100.0,100.0,100.0,100.0,100.0,100.0,100.0,100.0,,,,,
570,189.81,100.0,100.0,100.0,100.0,100.0,100.0,100.0,100.0,100.0,100.0,100.0,100.0,100.0,100.0,,,,,
571,189.964896,100.0,100.0,100.0,100.0,100.0,100.0,100.0,100.0,100.0,100.0,100.0,100.0,100.0,100.0,,,,,
572,190.454304,100.0,100.0,100.0,100.0,100.0,100.0,100.0,100.0,100.0,100.0,100.0,100.0,100.0,100.0,,,,,
573,190.809,100.0,100.0,100.0,100.0,100.0,100.0,100.0,100.0,100.0,100.0,100.0,100.0,100.0,100.0,,,,,
574,190.963896,100.0,100.0,100.0,100.0,100.0,100.0,100.0,100.0,100.0,100.0,100.0,100.0,100.0,100.0,,,,,
575,191.453304,100.0,100.0,100.0,100.0,100.0,100.0,100.0,100.0,100.0,100.0,100.0,100.0,100.0,100.0,,,,,
576,191.808,100.0,100.0,100.0,100.0,100.0,100.0,100.0,100.0,100.0,100.0,100.0,100.0,100.0,100.0,,,,,
577,191.962896,100.0,100.0,100.0,100.0,100.0,100.0,100.0,100.0,100.0,100.0,100.0,100.0,100.0,100.0,,,,,
578,192.452304,100.0,100.0,100.0,100.0,100.0,100.0,100.0,100.0,100.0,100.0,100.0,100.0,100.0,100.0,,,,,
579,192.807,100.0,100.0,100.0,100.0,100.0,100.0,100.0,100.0,100.0,100.0,100.0,100.0,100.0,100.0,,,,,
580,192.961896,100.0,100.0,100.0,100.0,100.0,100.0,100.0,100.0,100.0,100.0,100.0,100.0,100.0,100.0,,,,,
581,193.451304,100.0,100.0,100.0,100.0,100.0,100.0,100.0,100.0,100.0,100.0,100.0,100.0,100.0,100.0,,,,,
582,193.806,100.0,100.0,100.0,100.0,100.0,100.0,100.0,100.0,100.0,100.0,100.0,100.0,100.0,100.0,,,,,
583,193.960896,100.0,100.0,100.0,100.0,100.0,100.0,100.0,100.0,100.0,100.0,100.0,100.0,100.0,100.0,,,,,
584,194.450304,100.0,100.0,100.0,100.0,100.0,100.0,100.0,100.0,100.0,100.0,100.0,100.0,100.0,100.0,,,,,
585,194.805,100.0,100.0,100.0,100.0,100.0,100.0,100.0,100.0,100.0,100.0,100.0,100.0,100.0,100.0,,,,,
586,194.959896,100.0,100.0,100.0,100.0,100.0,100.0,100.0,100.0,100.0,100.0,100.0,100.0,100.0,100.0,,,,,
587,195.449304,100.0,100.0,100.0,100.0,100.0,100.0,100.0,100.0,100.0,100.0,100.0,100.0,100.0,100.0,,,,,
588,195.804,100.0,100.0,100.0,100.0,100.0,100.0,100.0,100.0,100.0,100.0,100.0,100.0,100.0,100.0,,,,,
589,195.958896,100.0,100.0,100.0,100.0,100.0,100.0,100.0,100.0,100.0,100.0,100.0,100.0,100.0,100.0,,,,,
590,196.448304,100.0,100.0,100.0,100.0,100.0,100.0,100.0,100.0,100.0,100.0,100.0,100.0,100.0,100.0,,,,,
591,196.803,100.0,100.0,100.0,100.0,100.0,100.0,100.0,100.0,100.0,100.0,100.0,100.0,100.0,100.0,,,,,
592,196.957896,100.0,100.0,100.0,100.0,100.0,100.0,100.0,100.0,100.0,100.0,100.0,100.0,100.0,100.0,,,,,
593,197.447304,100.0,100.0,100.0,100.0,100.0,100.0,100.0,100.0,100.0,100.0,100.0,100.0,100.0,100.0,,,,,
594,197.802,100.0,100.0,100.0,100.0,100.0,100.0,100.0,100.0,100.0,100.0,100.0,100.0,100.0,100.0,,,,,
595,197.956896,100.0,100.0,100.0,100.0,100.0,100.0,100.0,100.0,100.0,100.0,100.0,100.0,100.0,100.0,,,,,
596,198.446304,100.0,100.0,100.0,100.0,100.0,100.0,100.0,100.0,100.0,100.0,100.0,100.0,100.0,100.0,,,,,
597,198.801,100.0,100.0,100.0,100.0,100.0,100.0,100.0,100.0,100.0,100.0,100.0,100.0,100.0,100.0,,,,,
598,198.955896,100.0,100.0,100.0,100.0,100.0,100.0,100.0,100.0,100.0,100.0,100.0,100.0,100.0,100.0,,,,,
599,199.445304,100.0,100.0,100.0,100.0,100.0,100.0,100.0,100.0,100.0,100.0,100.0,100.0,100.0,100.0,,,,,
600,199.8,100.0,100.0,100.0,100.0,100.0,100.0,100.0,100.0,100.0,100.0,100.0,100.0,100.0,100.0,,,,,
601,199.954896,100.0,100.0,100.0,100.0,100.0,100.0,100.0,100.0,100.0,100.0,100.0,100.0,100.0,100.0,,,,,
602,200.444304,100.0,100.0,100.0,100.0,100.0,100.0,100.0,100.0,100.0,100.0,100.0,100.0,100.0,100.0,,,,,
603,200.799,100.0,100.0,100.0,100.0,100.0,100.0,100.0,100.0,100.0,100.0,100.0,100.0,100.0,100.0,,,,,
604,200.953896,100.0,100.0,100.0,100.0,100.0,100.0,100.0,100.0,100.0,100.0,100.0,100.0,100.0,100.0,,,,,
605,201.443304,100.0,100.0,100.0,100.0,100.0,100.0,100.0,100.0,100.0,100.0,100.0,100.0,100.0,100.0,,,,,
606,201.798,100.0,100.0,100.0,100.0,100.0,100.0,100.0,100.0,100.0,100.0,100.0,100.0,100.0,100.0,,,,,
607,201.952896,100.0,100.0,100.0,100.0,100.0,100.0,100.0,100.0,100.0,100.0,100.0,100.0,100.0,100.0,,,,,
608,202.442304,100.0,100.0,100.0,100.0,100.0,100.0,100.0,100.0,100.0,100.0,100.0,100.0,100.0,100.0,,,,,
609,202.797,100.0,100.0,100.0,100.0,100.0,100.0,100.0,100.0,100.0,100.0,100.0,100.0,100.0,100.0,,,,,
610,202.951896,100.0,100.0,100.0,100.0,100.0,100.0,100.0,100.0,100.0,100.0,100.0,100.0,100.0,100.0,,,,,
611,203.441304,100.0,100.0,100.0,100.0,100.0,100.0,100.0,100.0,100.0,100.0,100.0,100.0,100.0,100.0,,,,,
612,203.796,100.0,100.0,100.0,100.0,100.0,100.0,100.0,100.0,100.0,100.0,100.0,100.0,100.0,100.0,,,,,
613,203.950896,100.0,100.0,100.0,100.0,100.0,100.0,100.0,100.0,100.0,100.0,100.0,100.0,100.0,100.0,,,,,
614,204.440304,100.0,100.0,100.0,100.0,100.0,100.0,100.0,100.0,100.0,100.0,100.0,100.0,100.0,100.0,,,,,
615,204.795,100.0,100.0,100.0,100.0,100.0,100.0,100.0,100.0,100.0,100.0,100.0,100.0,100.0,100.0,,,,,
616,204.949896,100.0,100.0,100.0,100.0,100.0,100.0,100.0,100.0,100.0,100.0,100.0,100.0,100.0,100.0,,,,,
617,205.439304,100.0,100.0,100.0,100.0,100.0,100.0,100.0,100.0,100.0,100.0,100.0,100.0,100.0,100.0,,,,,
618,205.794,100.0,100.0,100.0,100.0,100.0,100.0,100.0,100.0,100.0,100.0,100.0,100.0,100.0,100.0,,,,,
619,205.948896,100.0,100.0,100.0,100.0,100.0,100.0,100.0,100.0,100.0,100.0,100.0,100.0,100.0,100.0,,,,,
620,206.438304,100.0,100.0,100.0,100.0,100.0,100.0,100.0,100.0,100.0,100.0,100.0,100.0,100.0,100.0,,,,,
621,206.793,100.0,100.0,100.0,100.0,100.0,100.0,100.0,100.0,100.0,100.0,100.0,100.0,100.0,100.0,,,,,
622,206.947896,100.0,100.0,100.0,100.0,100.0,100.0,100.0,100.0,100.0,100.0,100.0,100.0,100.0,100.0,,,,,
623,207.437304,100.0,100.0,100.0,100.0,100.0,100.0,100.0,100.0,100.0,100.0,100.0,100.0,100.0,100.0,,,,,
624,207.792,100.0,100.0,100.0,100.0,100.0,100.0,100.0,100.0,100.0,100.0,100.0,100.0,100.0,100.0,,,,,
625,207.946896,100.0,100.0,100.0,100.0,100.0,100.0,100.0,100.0,100.0,100.0,100.0,100.0,100.0,100.0,,,,,
626,208.436304,100.0,100.0,100.0,100.0,100.0,100.0,100.0,100.0,100.0,100.0,100.0,100.0,100.0,100.0,,,,,
627,208.791,100.0,100.0,100.0,100.0,100.0,100.0,100.0,100.0,100.0,100.0,100.0,100.0,100.0,100.0,,,,,
628,208.945896,100.0,100.0,100.0,100.0,100.0,100.0,100.0,100.0,100.0,100.0,100.0,100.0,100.0,100.0,,,,,
629,209.435304,100.0,100.0,100.0,100.0,100.0,100.0,100.0,100.0,100.0,100.0,100.0,100.0,100.0,100.0,,,,,
630,209.79,100.0,100.0,100.0,100.0,100.0,100.0,100.0,100.0,100.0,100.0,100.0,100.0,100.0,100.0,,,,,
631,209.944896,100.0,100.0,100.0,100.0,100.0,100.0,100.0,100.0,100.0,100.0,100.0,100.0,100.0,100.0,,,,,
632,210.434304,100.0,100.0,100.0,100.0,100.0,100.0,100.0,100.0,100.0,100.0,100.0,100.0,100.0,100.0,,,,,
633,210.789,100.0,100.0,100.0,100.0,100.0,100.0,100.0,100.0,100.0,100.0,100.0,100.0,100.0,100.0,,,,,
634,210.943896,100.0,100.0,100.0,100.0,100.0,100.0,100.0,100.0,100.0,100.0,100.0,100.0,100.0,100.0,,,,,
635,211.433304,100.0,100.0,100.0,100.0,100.0,100.0,100.0,100.0,100.0,100.0,100.0,100.0,100.0,100.0,,,,,
636,211.788,100.0,100.0,100.0,100.0,100.0,100.0,100.0,100.0,100.0,100.0,100.0,100.0,100.0,100.0,,,,,
637,211.942896,100.0,100.0,100.0,100.0,100.0,100.0,100.0,100.0,100.0,100.0,100.0,100.0,100.0,100.0,,,,,
638,212.432304,100.0,100.0,100.0,100.0,100.0,100.0,100.0,100.0,100.0,100.0,100.0,100.0,100.0,100.0,,,,,
639,212.787,100.0,100.0,100.0,100.0,99.999999957103,100.0,99.99999996646615,100.0,100.0,100.0,100.0,100.0,100.0,100.0,,,,,
640,212.941896,100.0,100.0,100.0,100.0,100.0,100.0,100.0,100.0,100.0,100.0,100.0,100.0,100.0,100.0,,,,,
641,213.431304,100.0,100.0,100.0,100.0,100.0,100.0,100.0,100.0,100.0,100.0,100.0,100.0,100.0,100.0,,,,,
642,213.786,99.99999994667775,99.9999999335075,100.0,99.99999987357306,99.99999981877245,100.0,99.99999983277391,99.99999990440976,99.99999998541631,100.0,100.0,100.0,100.0,100.0,,,,,
643,213.940896,100.0,100.0,100.0,100.0,100.0,100.0,100.0,100.0,100.0,100.0,100.0,100.0,100.0,100.0,,,,,
644,214.430304,100.0,100.0,100.0,100.0,100.0,100.0,100.0,100.0,100.0,100.0,100.0,100.0,100.0,100.0,,,,,
645,214.785,99.9999998095931,99.99999978871905,99.99999992092864,99.99999971473525,99.99999965227825,100.0,99.99999967256767,99.99999975435327,99.99999984698404,99.99999990387546,100.0,100.0,100.0,100.0,,,,,
646,214.939896,100.0,100.0,100.0,100.0,100.0,100.0,100.0,100.0,100.0,100.0,100.0,100.0,100.0,100.0,,,,,
647,215.429304,100.0,100.0,100.0,100.0,100.0,100.0,100.0,100.0,100.0,100.0,100.0,100.0,100.0,100.0,,,,,
648,215.784,99.99999964450765,99.99999961322982,99.99999976322476,99.99999952105348,99.99999944949477,100.0,99.99999947840823,99.99999957249818,99.99999967926122,99.9999997434282,99.99999990222227,99.9999999172668,99.99999988650696,99.99999988307927,,,,,
649,215.938896,100.0,100.0,100.0,100.0,100.0,100.0,100.0,100.0,100.0,100.0,100.0,100.0,100.0,100.0,,,,,
650,216.428304,100.0,100.0,100.0,100.0,100.0,100.0,100.0,100.0,100.0,100.0,100.0,100.0,100.0,100.0,,,,,
651,216.783,99.999999443256,99.99999939774673,99.99999956921901,99.99999928160935,99.99999919915024,100.0,99.99999924006111,99.99999934925653,99.99999947342657,99.9999995462419,99.99999973307445,99.9999997496347,99.99999971514616,99.99999971067815,,,,,
652,216.937896,100.0,100.0,100.0,100.0,100.0,100.0,100.0,100.0,100.0,100.0,100.0,100.0,100.0,100.0,,,,,
653,217.427304,100.0,100.0,100.0,100.0,100.0,100.0,100.0,100.0,100.0,100.0,100.0,100.0,100.0,100.0,,,,,
654,217.782,99.99999919446638,99.99999912918177,99.99999932690687,99.99999898085856,99.99999888524596,100.0,99.99999894313687,99.99999907114601,99.99999921707996,99.99999930026277,99.99999952295495,99.99999954116309,99.99999950236175,99.99999949648708,,,,,
655,217.936896,100.0,100.0,100.0,100.0,100.0,100.0,100.0,100.0,100.0,100.0,100.0,100.0,100.0,100.0,,,,,
656,218.426304,100.0,100.0,100.0,100.0,100.0,100.0,100.0,100.0,100.0,100.0,100.0,100.0,100.0,100.0,,,,,
657,218.781,99.99999888192256,99.99999878863055,99.99999901888879,99.99999859606636,99.99999848446619,100.0,99.99999856689331,99.99999871872895,99.99999889235045,99.99999898807077,99.99999925757807,99.99999927752233,99.9999992337447,99.99999922592947,,,,,
658,218.935896,100.0,100.0,100.0,100.0,100.0,100.0,100.0,100.0,100.0,100.0,100.0,100.0,100.0,100.0,,,,,
659,219.425304,100.0,100.0,100.0,100.0,100.0,100.0,100.0,100.0,100.0,100.0,100.0,100.0,100.0,100.0,,,,,
660,219.78,99.99999848185962,99.99999834797423,99.99999861917988,99.99999809291832,99.99999796176901,99.99999994848747,99.99999808055291,99.9999982631578,99.99999847272696,99.99999858373991,99.99999891586116,99.99999893751787,99.99999888804876,99.99999887749176,,,,,
661,219.934896,100.0,100.0,100.0,100.0,100.0,100.0,100.0,100.0,100.0,100.0,100.0,100.0,100.0,100.0,,,,,
662,220.424304,100.0,100.0,100.0,100.0,100.0,100.0,100.0,100.0,100.0,100.0,100.0,100.0,100.0,100.0,,,,,
663,220.779,99.9999979583201,99.99999776392019,99.99999808758206,99.99999741765731,99.99999726253888,99.99999971834785,99.99999743686931,99.99999766013829,99.99999791752249,99.99999804732906,99.9999984656459,99.99999848873571,99.99999843289916,99.99999841835563,,,,,
664,220.933896,100.0,99.99999998143666,100.0,99.99999986889907,99.99999982083979,100.0,99.99999987885022,99.9999999490921,100.0,100.0,100.0,100.0,100.0,100.0,,,,,
665,221.423304,100.0,100.0,100.0,100.0,100.0,100.0,100.0,100.0,100.0,100.0,100.0,100.0,100.0,100.0,,,,,
666,221.778,99.99999725480124,99.99999696701285,99.99999735923478,99.99999648221024,99.99999629785925,99.99999940537478,99.99999656031808,99.99999683884404,99.99999716171588,99.99999731471686,99.99999785591565,99.99999787959186,99.99999781699913,99.99999779645302,,,,,
667,221.932896,99.99999981720136,99.99999972128447,99.99999984444605,99.99999956196415,99.99999950481751,100.0,99.99999959298988,99.99999968122857,99.99999978372695,99.99999983123857,100.0,100.0,99.99999999292469,99.99999998617403,,,,,
668,222.422304,100.0,99.99999996042685,100.0,99.99999982364245,99.9999997784915,100.0,99.99999985630716,99.99999992806502,100.0,100.0,100.0,100.0,100.0,100.0,,,,,
669,222.777,99.99999627837747,99.99999584011078,99.99999632397821,99.99999513413617,99.99999491504376,99.99999896467243,99.99999532409707,99.99999568031667,99.99999609617365,99.99999627767939,99.99999700180236,99.99999702394496,99.99999695514359,99.99999692515918,,,,,
670,222.931896,99.99999949646735,99.99999934876682,99.9999995016167,99.99999911342229,99.999999045664,100.0,99.99999918486058,99.99999929870728,99.99999943196387,99.9999994883935,99.9999997237115,99.99999972986836,99.9999997091678,99.99999969919675,,,,,
671,223.421304,99.99999977014055,99.999999638801,99.99999976223972,99.9999994324134,99.99999937915847,100.0,99.99999950441789,99.99999959822118,99.99999970842947,99.99999975293257,99.99999995134613,99.99999995528782,99.99999993979526,99.99999993106839,,,,,
672,223.776,99.99999486742327,99.99999417299806,99.99999478238034,99.99999309072564,99.99999283381025,99.99999831630413,99.99999350195954,99.99999397220459,99.99999452624539,99.99999474184357,99.9999957536044,99.99999576911848,99.99999569732184,99.9999956516594,,,,,
673,223.930896,99.9999990263345,99.99999878870703,99.99999898251906,99.9999984209834,99.99999834235855,100.0,99.99999857374432,99.9999987257524,99.99999890547035,99.99999897237149,99.99999930635798,99.99999930976851,99.99999928880827,99.9999992733802,,,,,
674,224.420304,99.99999935949006,99.99999914330574,99.99999930132074,99.99999881140309,99.99999875093486,100.0,99.99999896482434,99.99999909224503,99.99999924366027,99.99999929612173,99.9999995845496,99.99999958537208,99.99999957062718,99.99999955680177,,,,,
675,224.775,99.99999272028354,99.99999155733182,99.99999234260966,99.99998977854516,99.99998949339276,99.99999730656124,99.99999065771539,99.9999913048543,99.99999207682133,99.99999232928053,99.99999382689455,99.99999382324167,99.99999375921954,99.99999368558208,,,,,
676,224.929896,99.99999829736066,99.99999789081234,99.99999814233817,99.99999727020666,99.99999718630635,99.99999978645444,99.99999759959168,99.99999781201282,99.99999806662184,99.99999814406016,99.99999864915688,99.9999986448973,99.99999862817172,99.99999860274455,,,,,
677,225.419304,99.9999987042706,99.99999832211701,99.9999985290496,99.9999977384994,99.99999767948812,99.99999995793338,99.99999807651078,99.99999825882728,99.99999847893109,99.99999853806058,99.99999898905027,99.99999898133804,99.9999989726258,99.99999894907437,,,,,
678,225.774,99.99998921983567,99.99998711218552,99.99998814624306,99.99998388440018,99.99998363423745,99.99999560832032,99.9999858598983,99.99998680273852,99.99998794730881,99.99998822373323,99.99999062593704,99.99999056992986,99.99999054730785,99.99999041867078,,,,,
679,225.928896,99.99999707792996,99.9999963178403,99.9999966505203,99.99999514665366,99.99999508790786,99.99999918804089,99.9999959073018,99.99999622359758,99.99999661025315,99.99999669091778,99.99999752664434,99.99999750124633,99.99999750291627,99.99999745708786,,,,,
680,226.418304,99.99999756341194,99.99999681308597,99.99999708714822,99.9999956403971,99.99999562585302,99.99999938747104,99.99999646041434,99.99999674137473,99.99999708859346,99.99999714287966,99.99999792688273,99.999997894994,99.99999790947514,99.99999786490132,,,,,
681,226.773,99.9999829357041,99.99997863812322,99.99998000209628,99.99997182616258,99.9999719206329,99.9999924203412,99.99997681640461,99.9999783088603,99.99998016907813,99.99998038419189,99.99998472381485,99.99998451548919,99.99998464665995,99.99998439382007,,,,,
682,226.927896,99.99999480481192,99.9999931780081,99.99999361067509,99.99999054372873,99.99999066193094,99.9999980144709,99.9999925731927,99.99999309083613,99.99999374321244,99.99999378512545,99.99999536989432,99.99999528048588,99.99999534997347,99.99999525544347,,,,,
683,227.417304,99.99999530454775,99.9999935662068,99.99999390456526,99.99999063018086,99.99999089186963,99.99999818637463,99.99999303904039,99.9999935246418,99.99999414785218,99.99999413492004,99.99999574565894,99.99999563504046,99.99999573748413,99.99999563802557,,,,,
684,227.772,99.99996989469777,99.9999592958606,99.99996085463599,99.99994069612625,99.99994293593532,99.99998532279628,99.999956557427,99.99995925243329,99.9999627621434,99.9999624506396,99.99997195427802,99.99997121957377,99.9999719563195,99.99997135588737,,,,,
685,227.926896,99.99998979342904,99.9999854280665,99.9999858342575,99.99997730762037,99.99997860133394,99.9999952027267,99.99998452691902,99.9999855168363,99.99998683218561,99.99998659489422,99.99999037520182,99.99999004515152,99.99999039963376,99.99999015557165,,,,,
686,228.416304,99.99998979079645,99.99998438625093,99.99998446306154,99.99997305613849,99.99997554938035,99.9999949205224,99.99998364973646,99.99998467599285,99.99998608925,99.99998560428838,99.99999007133617,99.9999896165524,99.99999014034465,99.99998984336673,,,,,
687,228.771,99.99993533494332,99.99989816112728,99.9998966587578,99.99981094288762,99.99983417008966,99.99996391446493,99.99989478349592,99.99990098021271,99.9999097737913,99.999905565409,99.99993542225343,99.9999320851268,99.99993606703593,99.9999340446924,,,,,
688,228.925896,99.99997489891531,99.99995654961769,99.9999544830006,99.99990378404875,99.99992154498763,99.99998533835863,99.99995590982803,99.9999584811345,99.99996230400973,99.99995968272242,99.99997400105717,99.99997223478175,99.99997441371673,99.99997343063606,,,,,
689,229.415304,99.99996950112677,99.99993683920988,99.99992883214557,99.99976733573342,99.99985292663827,99.99997948104864,99.99993837008232,99.99994177040746,99.99994734308088,99.99994113042425,99.99996585086052,99.99996239589751,99.99996680857927,99.99996509714039,,,,,
690,229.77,99.99978209886213,99.99947451120318,99.99936799584106,99.99579339990004,99.99838063651084,99.9998314344591,99.99950328744615,99.99952920041343,99.99957515415296,99.99950811045647,99.99973738947705,99.9997022908647,99.99974785325176,99.9997316597346,,,,,
691,229.924896,99.99988413194708,99.99962078102297,99.99951423633105,94.45697622812939,99.99834247710446,99.99988273498315,99.99965141069492,99.99966895751079,99.9997022123126,99.99964409656627,99.99983370342254,99.99979571689254,99.99984570145294,99.99982997034449,,,,,
692,230.414304,99.99967400572481,75.08568606179148,63.47520682475974,45.66229999958116,50.295497315496576,88.15891893445016,85.00107947585172,84.15125775157219,85.49145207673757,74.57473135785723,99.99850193509596,97.34131647962273,99.99902186933215,99.9984579867403,,,,,
693,230.769,99.99291960071825,78.43591175879907,81.00866784811073,82.98105538882467,84.233836709904,76.1971504359913,76.7608393819752,76.89759769886699,76.6624849835888,78.68787382998026,84.47572116047922,74.57518084969892,90.68086891137682,84.49100771880398,,,,,
694,230.923896,76.87653545347341,50.2467145939906,51.92501517313796,56.19919731709622,54.618337400624824,48.6957338017483,49.158683716729264,49.27730959866784,49.08020673270438,50.4269172034507,50.23206529961179,47.70258960771793,51.917834008653124,50.17754405930994,,,,,
695,231.413304,49.56212137788833,58.93993818908482,58.03867222625563,56.19775589319541,56.92047009930741,59.97648003780067,59.748164809534074,59.695975424533046,59.81931978174862,58.99829818797927,59.093913824299996,60.565204362085474,58.203649600687584,59.123508722598565,,,,,
696,231.768,70.6433777862668,51.73939802523275,53.01886181115386,56.19863478915023,55.051982480253564,50.53396726265424,50.90874634829225,51.008556398694566,50.85931286555161,51.90444260124772,51.76208599891663,49.773279722869276,53.04463520877213,51.72034447714296,,,,,
697,231.922896,55.96414057554883,56.12367394298433,56.11294666893616,56.198079745780745,56.22299728995095,56.189840704332084,56.22329045499811,56.241150549332936,56.2553610476996,56.22721775830844,56.232024977718154,56.222117872758766,56.22624897044109,56.23338212447471,,,,,
698,232.412304,55.96364867931188,56.12392567023803,56.11317168384205,56.19822547179071,56.223177556875676,56.18994229582455,56.22356101553967,56.24141920297469,56.25563596034286,56.227471229078226,56.23228060722502,56.22241087576122,56.22647840607943,56.2336407019509,,,,,
699,232.767,55.96377382726318,56.123439907832214,56.11270715745358,56.19782492454656,56.22274500996591,56.18975518941325,56.2230561234414,56.24091616941427,56.25512427658182,56.226979007355915,56.23178725221959,56.221884518339785,56.226005400749614,56.233142654021854,,,,,
700,232.921896,55.96369583822611,56.12374865083759,56.11300246065117,56.198079729481485,56.223020087566226,56.18987409554269,56.223376990151486,56.24123585795905,56.255449456070814,56.22729185889819,56.23210081879952,56.222218986899165,56.22630609003164,56.23345920087476,,,,,
701,233.411304,55.96383554988288,56.1238942788891,56.1131482409016,56.198225478581314,56.22316797748911,56.189928264243974,56.223524654392556,56.24138335735212,56.25559881219036,56.22744009279868,56.23224873990835,56.22236838893103,56.22645440515469,56.23360831531659,,,,,
702,233.766,55.96345154236927,56.123494046150334,56.11274758793419,56.19782491293052,56.222761530501295,56.18977939139482,56.22311883277737,56.24097798977687,56.25518834310276,56.227032705677125,56.231842211829395,56.22195779236585,56.22604679359087,56.233198508919294,,,,,
703,233.920896,55.96369583165144,56.12374865191363,56.11300246145486,56.19807972948721,56.2230200879045,56.189874095166054,56.22337699141723,56.241235859205936,56.255449457371654,56.227291859969114,56.23210081988749,56.222218988388434,56.2263060907884,56.233459201985674,,,,,
704,234.410304,55.9638355527272,56.123894278502775,56.11314824056222,56.19822547858735,56.22316797735228,56.18992826440547,56.223524653857844,56.24138335683524,56.25559881164785,56.22744009234377,56.232248739448416,56.222368388303266,56.22645440480863,56.233608314847174,,,,,
705,234.765,55.96345153751605,56.123494046928315,56.112747588508924,56.19782491292312,56.22276153073478,56.18977939112615,56.22311883370569,56.240977990679966,56.255188344043795,56.22703270645313,56.2318422126102,56.22195779343597,56.22604679420087,56.23319850973512,,,,,
706,234.919896,55.96369583165484,56.12374865192987,56.11300246148093,56.198079729491894,56.22302008790822,56.18987409515703,56.22337699142542,56.24123585921723,56.25544945737752,56.22729185997588,56.232100819892594,56.222218988392854,56.22630609079745,56.23345920200689,,,,,
707,235.409304,55.96383555271981,56.12389427849639,56.11314824055297,56.19822547857963,56.22316797735076,56.189928264406504,56.2235246538466,56.241383356831086,56.25559881163339,56.227440092345034,56.232248739443286,56.22236838829382,56.22645440480479,56.233608314846556,,,,,
708,235.764,55.96345153750989,56.12349404692196,56.11274758852563,56.19782491293693,56.22276153073746,56.189779391116296,56.22311883370838,56.24097799067631,56.25518834403295,56.22703270643612,56.23184221260726,56.22195779344795,56.2260467942073,56.23319850973718,,,,,
709,235.918896,55.963695831651165,56.123748651914994,56.11300246144796,56.1980797294845,56.22302008790664,56.18987409516379,56.22337699141879,56.241235859214555,56.25544945736542,56.22729185997068,56.23210081988838,56.22221898838808,56.226306090786665,56.23345920199096,,,,,
710,236.408304,55.963835552729506,56.123894278502455,56.113148240565714,56.19822547858407,56.22316797735576,56.18992826440565,56.22352465385747,56.241383356836224,56.25559881164573,56.22744009234794,56.2322487394487,56.2223683883043,56.22645440480939,56.23360831485336,,,,,
711,236.763,55.96345153751485,56.12349404692531,56.11274758851265,56.197824912921014,56.22276153073767,56.189779391120624,56.223118833705804,56.24097799067883,56.25518834404316,56.227032706457024,56.2318422126145,56.22195779343591,56.22604679420507,56.23319850973704,,,,,
712,236.917896,55.96369583165134,56.12374865190499,56.11300246145354,56.19807972949324,56.22302008790777,56.18987409516417,56.223376991421,56.24123585920714,56.255449457373125,56.22729185996789,56.23210081989375,56.222218988383545,56.22630609078645,56.23345920198827,,,,,
713,237.407304,55.96383555272557,56.123894278507144,56.113148240564996,56.19822547858547,56.22316797735663,56.18992826440057,56.223524653856,56.24138335682953,56.25559881165118,56.22744009234413,56.23224873944764,56.22236838830914,56.22645440480783,56.2336083148513,,,,,
714,237.762,55.96345153751407,56.12349404692841,56.11274758850873,56.19782491292409,56.22276153073319,56.189779391121625,56.223118833709755,56.24097799068007,56.25518834404854,56.22703270645233,56.231842212611845,56.22195779343298,56.22604679420067,56.233198509737434,,,,,
715,237.916896,55.96369583165027,56.12374865191064,56.11300246145289,56.19807972948948,56.2230200879064,56.189874095165436,56.22337699142183,56.24123585921233,56.255449457366204,56.22729185996885,56.23210081988905,56.22221898838788,56.22630609078852,56.23345920198663,,,,,
716,238.406304,55.963835552727446,56.12389427850531,56.11314824056198,56.19822547858765,56.22316797736047,56.18992826440458,56.22352465385791,56.24138335683344,56.25559881164102,56.22744009234833,56.2322487394481,56.22236838830385,56.2264544048109,56.23360831485044,,,,,
717,238.761,55.963451537506906,56.12349404693092,56.11274758850983,56.19782491291856,56.22276153073557,56.18977939112431,56.223118833708014,56.2409779906812,56.25518834404762,56.22703270645619,56.23184221261193,56.22195779343355,56.22604679420552,56.23319850973162,,,,,
718,238.915896,55.9636958316531,56.12374865190965,56.11300246145771,56.19807972948458,56.223020087907926,56.18987409516512,56.22337699141768,56.241235859209674,56.255449457363035,56.22729185997075,56.23210081988928,56.222218988386885,56.226306090787695,56.23345920198648,,,,,
719,239.405304,55.96383555272405,56.123894278506896,56.113148240565366,56.19822547858748,56.22316797735432,56.18992826440418,56.22352465385441,56.241383356829715,56.25559881164606,56.227440092351934,56.232248739447215,56.22236838830222,56.22645440481325,56.23360831484977,,,,,
720,239.76,55.96345153751264,56.123494046929,56.112747588510956,56.197824912923885,56.22276153073893,56.18977939112123,56.223118833707865,56.240977990683575,56.25518834404485,56.22703270645511,56.231842212604136,56.22195779343652,56.2260467942044,56.23319850973963,,,,,
721,239.914896,55.9636958316518,56.123748651906816,56.11300246145235,56.19807972948657,56.22302008790561,56.189874095165464,56.22337699141988,56.24123585921319,56.25544945736352,56.22729185996747,56.23210081989163,56.22221898838311,56.22630609078651,56.23345920198418,,,,,
722,240.404304,55.96383555272939,56.12389427850449,56.11314824057005,56.19822547858821,56.22316797735784,56.18992826440408,56.223524653852834,56.241383356834085,56.255598811643075,56.227440092342384,56.23224873944992,56.22236838830336,56.226454404809445,56.23360831485236,,,,,
723,240.759,55.96345153750981,56.12349404692562,56.112747588507425,56.197824912925526,56.22276153073912,56.189779391123864,56.22311883370783,56.240977990682076,56.25518834404672,56.22703270645381,56.231842212610566,56.22195779343169,56.226046794202865,56.23319850973595,,,,,
724,240.913896,55.96369583165323,56.12374865193115,56.11300246147969,56.1980797294937,56.223020087910726,56.18987409516157,56.2233769914235,56.24123585921598,56.25544945737304,56.22729185997424,56.23210081989495,56.22221898839884,56.226306090795035,56.233459202003615,,,,,
725,241.403304,55.963835552718955,56.12389427849124,56.113148240555645,56.198225478577676,56.22316797735262,56.189928264403974,56.22352465384568,56.24138335682822,56.25559881163408,56.22744009234607,56.232248739440045,56.22236838829338,56.226454404802986,56.23360831484613,,,,,
726,241.758,55.963451537511496,56.123494046923625,56.112747588524606,56.19782491293593,56.22276153073765,56.18977939112598,56.22311883370596,56.24097799068349,56.25518834403119,56.22703270644011,56.231842212612015,56.22195779345017,56.22604679420048,56.233198509732716,,,,,
727,241.912896,55.96369583165189,56.12374865190594,56.113002461451195,56.198079729489685,56.22302008790413,56.189874095164,56.22337699141951,56.241235859209155,56.25544945736404,56.22729185996803,56.23210081989266,56.222218988390644,56.226306090788164,56.23345920198244,,,,,
728,242.402304,55.963835552727424,56.12389427850867,56.11314824056547,56.198225478585165,56.22316797735576,56.18992826440752,56.22352465385229,56.24138335683094,56.25559881164536,56.22744009234476,56.23224873944457,56.22236838830682,56.22645440481068,56.23360831485358,,,,,
729,242.757,55.96345153751244,56.12349404692394,56.11274758851094,56.19782491292446,56.22276153073816,56.18977939112362,56.22311883370925,56.240977990682744,56.25518834404581,56.22703270645399,56.231842212605095,56.22195779343455,56.22604679420819,56.233198509733334,,,,,
730,242.911896,55.963695831650526,56.12374865191086,56.11300246145485,56.19807972949122,56.223020087908424,56.18987409516394,56.22337699141989,56.24123585921121,56.25544945736719,56.2272918599692,56.23210081989484,56.22221898838596,56.22630609078908,56.23345920198865,,,,,
731,243.401304,55.963835552727986,56.1238942785044,56.11314824055756,56.19822547858427,56.22316797735615,56.18992826440488,56.22352465385744,56.24138335682685,56.25559881164938,56.22744009234575,56.23224873944437,56.22236838830659,56.22645440481152,56.23360831484995,,,,,
732,243.756,55.96345153751384,56.12349404692889,56.11274758851178,56.197824912928596,56.22276153073941,56.18977939112426,56.22311883370734,56.240977990681046,56.25518834404764,56.22703270645093,56.23184221261242,56.22195779343318,56.22604679420092,56.23319850973816,,,,,
733,243.910896,55.96369583165556,56.12374865190642,56.113002461455004,56.19807972948912,56.22302008790818,56.1898740951647,56.223376991419315,56.24123585920509,56.255449457367256,56.227291859969085,56.2321008198909,56.222218988390296,56.22630609079114,56.23345920198629,,,,,
734,244.400304,55.9638355527283,56.12389427850207,56.113148240563696,56.19822547858393,56.22316797735259,56.18992826440711,56.22352465385447,56.24138335683186,56.25559881164416,56.22744009234701,56.232248739450135,56.22236838830148,56.22645440480957,56.23360831485337,,,,,
735,244.755,55.963451537513194,56.12349404693099,56.11274758851203,56.19782491292182,56.22276153073508,56.18977939112049,56.22311883370446,56.24097799068189,56.25518834405149,56.22703270645462,56.231842212610076,56.22195779343404,56.226046794203,56.2331985097413,,,,,
736,244.909896,55.963695831653354,56.123748651905174,56.11300246145026,56.19807972948926,56.22302008790741,56.189874095165074,56.22337699142102,56.24123585920674,56.25544945736936,56.22729185996736,56.23210081988412,56.22221898838878,56.22630609078706,56.233459201985305,,,,,
737,245.399304,55.963835552728526,56.12389427850756,56.1131482405654,56.19822547858753,56.22316797735747,56.189928264399285,56.22352465385555,56.24138335682965,56.255598811646415,56.22744009234578,56.232248739447996,56.2223683883065,56.22645440480518,56.23360831485191,,,,,
738,245.754,55.96345153751373,56.12349404692466,56.11274758851214,56.19782491292257,56.22276153074055,56.18977939112018,56.22311883370446,56.240977990677095,56.25518834404402,56.22703270645527,56.23184221260926,56.22195779343796,56.22604679420458,56.233198509733846,,,,,
739,245.908896,55.963695831652714,56.12374865191024,56.11300246145407,56.19807972948684,56.22302008790536,56.1898740951647,56.22337699142338,56.24123585921211,56.25544945737042,56.227291859967146,56.232100819888075,56.22221898838616,56.22630609078766,56.2334592019829,,,,,
740,246.398304,55.96383555272886,56.123894278499925,56.11314824056364,56.1982254785877,56.22316797735381,56.18992826440409,56.223524653855584,56.241383356834085,56.25559881164699,56.22744009234579,56.23224873944538,56.222368388306315,56.22645440481112,56.233608314854834,,,,,
741,246.753,55.96345153751298,56.12349404692851,56.11274758850652,56.19782491291914,56.22276153074033,56.189779391124404,56.22311883370823,56.24097799068183,56.25518834404431,56.22703270645572,56.23184221260903,56.22195779343214,56.226046794201885,56.233198509738024,,,,,
742,246.907896,55.963695831657155,56.12374865193118,56.113002461470835,56.198079729493244,56.22302008790406,56.189874095159496,56.22337699142693,56.241235859213525,56.255449457372634,56.227291859983126,56.23210081989033,56.22221898839917,56.22630609079947,56.23345920200467,,,,,
743,247.397304,55.96383555271666,56.12389427849825,56.113148240557955,56.198225478581676,56.22316797734743,56.189928264402255,56.22352465384719,56.241383356829616,56.255598811634364,56.227440092342135,56.23224873943926,56.22236838829384,56.22645440480472,56.23360831484778,,,,,
744,247.752,55.9634515375124,56.12349404692538,56.11274758852811,56.19782491293622,56.2227615307398,56.189779391121476,56.22311883370737,56.24097799068383,56.25518834402999,56.227032706438536,56.2318422126079,56.22195779344657,56.22604679420421,56.23319850973954,,,,,
745,247.906896,55.96369583164964,56.123748651912955,56.1130024614538,56.19807972948549,56.223020087908054,56.189874095165024,56.223376991419265,56.24123585921282,56.25544945737154,56.22729185996636,56.23210081989224,56.222218988383126,56.22630609078923,56.23345920198552,,,,,
746,248.396304,55.96383555272707,56.123894278502,56.11314824055906,56.19822547858808,56.223167977348325,56.18992826440312,56.22352465385474,56.241383356835726,56.25559881164463,56.227440092341546,56.232248739452444,56.22236838830502,56.226454404809964,56.23360831485244,,,,,
747,248.751,55.963451537511894,56.1234940469275,56.11274758850537,56.197824912919145,56.22276153073985,56.189779391118975,56.22311883370709,56.240977990678694,56.2551883440443,56.227032706454054,56.23184221260871,56.2219577934338,56.22604679420306,56.23319850973239,,,,,
748,248.905896,55.96369583165224,56.12374865190825,56.11300246145668,56.198079729485364,56.22302008790848,56.189874095164214,56.22337699142227,56.241235859211585,56.25544945736707,56.22729185997274,56.232100819887876,56.22221898839198,56.226306090791184,56.233459201988296,,,,,
749,249.395304,55.96383555272718,56.12389427850514,56.113148240563085,56.19822547858668,56.22316797735483,56.189928264405395,56.22352465385676,56.2413833568328,56.255598811645875,56.22744009234575,56.23224873944278,56.222368388305966,56.22645440480952,56.233608314851026,,,,,
750,249.75,55.96345153751244,56.12349404692924,56.1127475885112,56.19782491292118,56.222761530737685,56.18977939112116,56.22311883371131,56.24097799068569,56.2551883440415,56.22703270645572,56.231842212610054,56.221957793434015,56.22604679419954,56.23319850973611,,,,,
751,249.904896,55.96369583165319,56.123748651910525,56.113002461457164,56.19807972948752,56.2230200879073,56.18987409515827,56.223376991423514,56.241235859208615,56.25544945736731,56.22729185997509,56.232100819889666,56.22221898838655,56.22630609078639,56.23345920198898,,,,,
752,250.394304,55.96383555272338,56.12389427850608,56.1131482405578,56.19822547858641,56.22316797735165,56.18992826440282,56.22352465385499,56.24138335683036,56.25559881164754,56.22744009234659,56.232248739445474,56.22236838830644,56.22645440480903,56.23360831484828,,,,,
753,250.749,55.963451537514885,56.12349404692725,56.11274758850992,56.197824912924844,56.22276153073704,56.189779391124084,56.223118833704156,56.24097799067904,56.25518834404604,56.22703270645341,56.231842212610076,56.22195779343444,56.22604679420605,56.23319850974103,,,,,
754,250.903896,55.963695831651826,56.12374865191196,56.113002461454315,56.19807972949032,56.22302008790742,56.18987409516285,56.223376991422725,56.241235859210825,56.255449457369544,56.22729185996882,56.232100819885225,56.222218988389685,56.22630609078513,56.233459201987024,,,,,
755,251.393304,55.963835552729265,56.123894278501766,56.1131482405626,56.19822547858588,56.223167977353576,56.1899282644024,56.22352465385597,56.241383356832955,56.255598811642436,56.2274400923466,56.232248739449446,56.2223683883016,56.226454404809594,56.2336083148523,,,,,
756,251.748,55.96345153751581,56.12349404692913,56.112747588509784,56.197824912920325,56.222761530738865,56.189779391123864,56.223118833705165,56.24097799067979,56.2551883440484,56.22703270645671,56.23184221260616,56.22195779343475,56.22604679420245,56.23319850973449,,,,,
757,251.902896,55.963695831659095,56.123748651927535,56.113002461473876,56.19807972949231,56.22302008790667,56.18987409516759,56.223376991428154,56.24123585921833,56.25544945737152,56.22729185997378,56.2321008198914,56.222218988396925,56.22630609079563,56.233459202006564,,,,,
758,252.392304,55.96383555272078,56.123894278493864,56.11314824055635,56.19822547858079,56.22316797735021,56.18992826440476,56.22352465384907,56.241383356833126,56.255598811630996,56.227440092342135,56.23224873943945,56.22236838829801,56.22645440480389,56.233608314842485,,,,,
759,252.747,55.96345153750937,56.1234940469274,56.11274758852272,56.19782491293748,56.22276153073905,56.189779391123956,56.22311883370929,56.24097799067864,56.255188344032,56.22703270644128,56.23184221261136,56.22195779344718,56.226046794204215,56.23319850973718,,,,,
760,252.901896,55.96369583164848,56.123748651910795,56.11300246144834,56.1980797294853,56.22302008790514,56.18987409516681,56.22337699141852,56.2412358592097,56.255449457367234,56.22729185996921,56.232100819890256,56.222218988385826,56.22630609078641,56.23345920199046,,,,,
761,253.391304,55.96383555272795,56.123894278507265,56.113148240562985,56.19822547859137,56.22316797735429,56.18992826440108,56.223524653855016,56.241383356830355,56.255598811641875,56.22744009234578,56.232248739449794,56.22236838830574,56.226454404812415,56.2336083148486,,,,,
762,253.746,55.96345153751159,56.12349404692926,56.1127475885082,56.19782491292297,56.22276153073768,56.189779391122904,56.22311883370463,56.24097799067739,56.25518834404516,56.22703270645377,56.231842212614076,56.22195779343416,56.22604679420163,56.23319850974175,,,,,
763,253.900896,55.96369583165151,56.123748651914894,56.1130024614521,56.19807972948488,56.223020087909056,56.18987409516787,56.223376991420075,56.24123585920892,56.25544945736592,56.227291859969654,56.23210081989168,56.222218988387226,56.22630609078785,56.23345920198907,,,,,
764,254.390304,55.96383555272848,56.12389427850473,56.11314824056393,56.198225478587446,56.22316797735445,56.18992826440507,56.22352465385404,56.24138335682798,56.25559881164864,56.22744009234574,56.23224873944705,56.22236838830146,56.22645440481262,56.233608314851885,,,,,
765,254.745,55.96345153751194,56.12349404692605,56.11274758851323,56.197824912920396,56.222761530741266,56.18977939112432,56.22311883370928,56.24097799068607,56.25518834404898,56.22703270645307,56.231842212613685,56.22195779343288,56.22604679419868,56.23319850973447,,,,,
766,254.899896,55.96369583165198,56.123748651911114,56.11300246145174,56.19807972948525,56.223020087909696,56.1898740951635,56.22337699141897,56.24123585920814,56.255449457370545,56.22729185997006,56.232100819890874,56.22221898838683,56.22630609078808,56.23345920198652,,,,,
767,255.389304,55.96383555272741,56.12389427850264,56.11314824056237,56.19822547858892,56.22316797735535,56.189928264405005,56.22352465385513,56.2413833568356,56.255598811644575,56.227440092349056,56.23224873944947,56.22236838831016,56.226454404809935,56.2336083148526,,,,,
768,255.744,55.96345153751068,56.123494046925074,56.112747588513336,56.19782491292213,56.22276153074112,56.1897793911218,56.223118833709556,56.24097799067749,56.25518834404659,56.22703270645317,56.2318422126139,56.22195779343158,56.226046794199206,56.23319850973772,,,,,
769,255.898896,55.96369583165222,56.1237486519074,56.11300246145565,56.19807972949021,56.223020087903876,56.189874095161564,56.22337699141998,56.24123585920883,56.25544945736852,56.22729185996874,56.23210081988979,56.2222189883844,56.2263060907885,56.2334592019921,,,,,
770,256.388304,55.9638355527257,56.123894278506995,56.11314824056536,56.198225478589535,56.22316797735142,56.189928264398695,56.223524653855094,56.24138335683527,56.25559881164381,56.22744009234466,56.23224873944481,56.22236838830795,56.226454404810376,56.23360831484902,,,,,
771,256.743,55.96345153751187,56.123494046931384,56.112747588507226,56.197824912928596,56.222761530737955,56.18977939112293,56.22311883370681,56.240977990679355,56.255188344046395,56.22703270645071,56.23184221260974,56.22195779343142,56.22604679420322,56.23319850973733,,,,,
772,256.897896,55.96369583165323,56.12374865192643,56.11300246147898,56.19807972949004,56.223020087909354,56.18987409516717,56.22337699142428,56.2412358592174,56.255449457373736,56.22729185997192,56.232100819894576,56.22221898839192,56.22630609080065,56.23345920200629,,,,,
773,257.387304,55.96383555271719,56.12389427850114,56.11314824055713,56.19822547858467,56.223167977353974,56.18992826440012,56.22352465384858,56.241383356830525,56.255598811637455,56.22744009234706,56.23224873944011,56.22236838828718,56.226454404804095,56.233608314843536,,,,,
774,257.742,55.96345153751647,56.12349404692954,56.11274758852065,56.19782491293851,56.22276153073744,56.189779391121625,56.223118833708014,56.24097799068212,56.25518834403056,56.227032706445854,56.2318422126102,56.221957793445775,56.2260467942025,56.23319850973246,,,,,
775,257.896896,55.9636958316542,56.12374865192774,56.11300246147007,56.19807972949141,56.22302008791038,56.18987409516589,56.22337699142708,56.241235859220566,56.25544945736648,56.22729185997602,56.23210081989246,56.22221898839236,56.22630609079799,56.23345920200754,,,,,
776,258.386304,55.963835552721086,56.123894278485096,56.11314824055955,56.19822547858722,56.22316797734166,56.18992826440214,56.223524653855,56.24138335681745,56.25559881163685,56.2274400923323,56.232248739444174,56.222368388292644,56.22645440481742,56.233608314836424,,,,,
777,258.741,55.963451537514665,56.12349404692868,56.112747588495075,56.197824912909105,56.22276153073512,56.18977939111811,56.22311883370628,56.24097799066711,56.255188344034245,56.22703270645231,56.23184221259398,56.221957793419406,56.22604679420582,56.23319850973646,,,,,
778,258.895896,55.96369583165695,56.12374865192601,56.1130024614786,56.19807972949434,56.223020087911245,56.18987409516565,56.22337699142861,56.24123585921703,56.25544945737261,56.227291859974876,56.23210081989478,56.22221898839211,56.22630609079745,56.23345920200237,,,,,
779,259.385304,55.96383555272071,56.123894278497396,56.11314824056314,56.1982254785836,56.22316797734872,56.18992826440421,56.223524653848294,56.24138335683287,56.255598811632,56.22744009234622,56.23224873944368,56.222368388293916,56.22645440480698,56.2336083148459,,,,,
780,259.74,55.963451537514004,56.12349404692841,56.11274758852993,56.197824912938266,56.22276153073565,56.189779391126244,56.22311883370455,56.240977990675056,56.25518834403217,56.227032706445755,56.23184221261525,56.22195779344852,56.22604679420156,56.2331985097334,,,,,
781,259.894896,55.963695831652764,56.12374865192672,56.113002461471176,56.19807972949177,56.22302008790343,56.18987409517107,56.22337699142764,56.241235859218605,56.255449457373295,56.22729185997371,56.232100819897056,56.22221898838905,56.22630609079756,56.23345920200343,,,,,
782,260.384304,55.96383555272408,56.12389427848787,56.113148240558836,56.19822547858422,56.223167977341824,56.189928264405594,56.22352465385056,56.24138335681379,56.25559881163651,56.22744009233155,56.23224873945089,56.22236838828857,56.226454404820586,56.23360831483475,,,,,
783,260.739,55.96345153751303,56.123494046926695,56.11274758849778,56.197824912908644,56.222761530738964,56.18977939112239,56.22311883371,56.24097799067137,56.255188344033975,56.227032706452206,56.23184221259358,56.221957793420565,56.22604679420378,56.23319850973751,,,,,
784,260.893896,55.96369583165528,56.123748651926626,56.11300246147551,56.19807972949003,56.22302008790398,56.1898740951638,56.223376991424644,56.2412358592163,56.255449457375036,56.22729185997243,56.23210081988949,56.22221898839392,56.22630609079513,56.2334592020089,,,,,
785,261.383304,55.963835552723886,56.12389427849953,56.11314824055453,56.198225478581435,56.22316797735005,56.18992826440533,56.22352465384854,56.2413833568265,56.255598811639295,56.227440092343755,56.23224873944291,56.222368388295294,56.22645440480444,56.23360831484845,,,,,
786,261.738,55.963451537518225,56.12349404692097,56.11274758852729,56.19782491293414,56.22276153073692,56.189779391123565,56.22311883370634,56.24097799067775,56.255188344032355,56.22703270643717,56.23184221261162,56.221957793445284,56.2260467942052,56.2331985097396,,,,,
787,261.892896,55.96369583165682,56.12374865192891,56.11300246147328,56.19807972949441,56.223020087908964,56.18987409516037,56.223376991423926,56.24123585921744,56.25544945737322,56.22729185997249,56.23210081988625,56.22221898839705,56.22630609079911,56.233459202004255,,,,,
788,262.382304,55.9638355527201,56.12389427849216,56.113148240555766,56.19822547857609,56.223167977353675,56.189928264402,56.22352465384817,56.24138335682851,56.25559881163403,56.227440092347365,56.23224873944098,56.22236838829588,56.22645440480961,56.23360831484356,,,,,
789,262.737,55.96345153751047,56.12349404692073,56.11274758852905,56.19782491293633,56.22276153073968,56.18977939112625,56.223118833707446,56.24097799068134,56.25518834402961,56.22703270643658,56.23184221261239,56.2219577934475,56.22604679420718,56.233198509731345,,,,,
790,262.891896,55.9636958316565,56.12374865193479,56.113002461470934,56.19807972949065,56.223020087910854,56.18987409517124,56.22337699143283,56.24123585921369,56.25544945737211,56.227291859972965,56.23210081989053,56.22221898839068,56.226306090797635,56.23345920200198,,,,,
791,263.381304,55.96383555272473,56.12389427848781,56.113148240555354,56.1982254785822,56.22316797734322,56.18992826441097,56.22352465385129,56.24138335682016,56.25559881163849,56.227440092336295,56.23224873945015,56.22236838828872,56.22645440481352,56.23360831483442,,,,,
792,263.736,55.963451537509904,56.12349404692452,56.11274758849682,56.19782491290696,56.22276153073786,56.189779391121284,56.22311883370773,56.24097799066463,56.255188344032696,56.2270327064562,56.23184221259399,56.2219577934221,56.22604679420588,56.233198509737505,,,,,
793,263.890896,55.96369583165754,56.123748651929255,56.113002461475816,56.198079729492974,56.22302008790809,56.18987409516418,56.22337699142733,56.24123585921513,56.25544945737579,56.227291859972205,56.23210081989056,56.22221898839956,56.226306090794424,56.2334592020057,,,,,
794,264.380304,55.96383555272385,56.12389427849568,56.11314824055511,56.19822547858414,56.2231679773494,56.189928264400486,56.22352465384949,56.24138335683198,56.25559881163416,56.22744009234117,56.23224873944056,56.22236838829462,56.22645440481072,56.2336083148468,,,,,
795,264.735,55.96345153751464,56.123494046926304,56.11274758852374,56.19782491293699,56.22276153073294,56.18977939112389,56.223118833704795,56.24097799068259,56.25518834403204,56.227032706440866,56.231842212608,56.22195779345083,56.226046794203654,56.23319850973535,,,,,
796,264.889896,55.96369583165587,56.123748651927244,56.11300246147243,56.19807972949087,56.223020087909134,56.18987409516556,56.223376991431365,56.24123585921607,56.255449457371164,56.22729185997806,56.23210081989357,56.22221898839323,56.226306090798346,56.233459202005996,,,,,
797,265.379304,55.96383555272385,56.1238942784892,56.11314824055599,56.19822547858419,56.223167977340296,56.189928264408564,56.223524653853545,56.241383356817764,56.255598811637874,56.227440092338576,56.232248739450284,56.22236838829606,56.22645440481635,56.23360831483034,,,,,
798,265.734,55.963451537512796,56.12349404692697,56.11274758849465,56.19782491290742,56.22276153074183,56.18977939112792,56.2231188337121,56.24097799066636,56.25518834403306,56.22703270645215,56.23184221259244,56.22195779341994,56.226046794205466,56.23319850973963,,,,,
799,265.888896,55.96369583165438,56.12374865193035,56.113002461475546,56.198079729488796,56.22302008790506,56.189874095158565,56.22337699142653,56.24123585921744,56.255449457371235,56.22729185997693,56.23210081989124,56.22221898839068,56.22630609079719,56.233459202006784,,,,,
800,266.378304,55.96383555271751,56.1238942784982,56.11314824055645,56.19822547857838,56.22316797735079,56.18992826440252,56.2235246538517,56.241383356824386,56.255598811631884,56.22744009234552,56.232248739437814,56.22236838828959,56.22645440480627,56.233608314840446,,,,,
801,266.733,55.96345153751446,56.12349404692765,56.11274758852547,56.19782491293818,56.222761530736584,56.189779391120446,56.22311883370843,56.24097799067938,56.25518834402965,56.227032706440276,56.23184221261019,56.221957793447544,56.226046794202325,56.23319850973813,,,,,
802,266.887896,55.96369583165387,56.12374865192907,56.113002461474096,56.19807972949292,56.22302008790717,56.18987409516166,56.22337699142972,56.241235859219884,56.25544945737479,56.22729185997296,56.23210081989355,56.22221898839757,56.22630609079348,56.23345920201095,,,,,
803,267.377304,55.96383555272006,56.12389427849759,56.113148240553,56.19822547858059,56.22316797734962,56.18992826440224,56.223524653850234,56.241383356828706,56.25559881163574,56.227440092344374,56.23224873943945,56.222368388295855,56.22645440480576,56.23360831484537,,,,,
804,267.732,55.963451537513066,56.12349404692751,56.112747588526354,56.197824912936426,56.22276153074022,56.189779391123245,56.22311883370809,56.24097799068469,56.255188344029676,56.22703270644011,56.23184221260974,56.221957793444176,56.22604679420856,56.233198509739346,,,,,
805,267.886896,55.96369583165491,56.12374865192894,56.11300246147114,56.19807972949237,56.22302008790998,56.189874095167745,56.22337699142975,56.24123585921772,56.255449457368655,56.2272918599756,56.232100819891556,56.22221898839296,56.22630609079612,56.233459202001704,,,,,
806,268.376304,55.96383555272523,56.12389427848947,56.1131482405585,56.19822547858186,56.2231679773373,56.18992826440331,56.223524653851655,56.24138335681981,56.255598811640155,56.227440092337346,56.23224873945013,56.222368388290654,56.22645440481501,56.23360831482933,,,,,
807,268.731,55.96345153751436,56.12349404692925,56.11274758849683,56.19782491290657,56.222761530737706,56.18977939112149,56.22311883370599,56.24097799066867,56.255188344028404,56.22703270645731,56.23184221259635,56.22195779341784,56.22604679420403,56.23319850973579,,,,,
808,268.885896,55.96369583165941,56.123748651926626,56.11300246147552,56.19807972949234,56.22302008791109,56.18987409516418,56.22337699142732,56.24123585921914,56.255449457372805,56.22729185997613,56.23210081988884,56.222218988397664,56.226306090793514,56.23345920200611,,,,,
809,269.375304,55.963835552723154,56.123894278497765,56.11314824055797,56.19822547857944,56.223167977356425,56.189928264404394,56.22352465385205,56.241383356825615,56.255598811633746,56.22744009234631,56.23224873944384,56.22236838829485,56.22645440480269,56.23360831484808,,,,,
810,269.73,55.96345153751445,56.123494046926204,56.112747588524904,56.19782491293576,56.2227615307369,56.18977939112563,56.22311883370477,56.240977990678786,56.255188344033336,56.22703270644137,56.23184221261467,56.22195779344702,56.226046794206475,56.23319850973976,,,,,
811,269.884896,55.96369583165616,56.12374865192286,56.11300246147248,56.19807972949082,56.223020087910214,56.18987409516779,56.223376991433724,56.24123585921739,56.25544945736325,56.22729185997696,56.232100819893226,56.222218988392115,56.2263060908008,56.23345920200328,,,,,
812,270.374304,55.96383555272762,56.12389427849191,56.113148240556434,56.19822547858125,56.22316797733843,56.18992826440907,56.22352465385199,56.24138335681894,56.25559881164185,56.22744009233432,56.23224873945342,56.22236838829345,56.22645440481527,56.23360831483406,,,,,
813,270.729,55.96345153751693,56.12349404692572,56.11274758849303,56.19782491290792,56.22276153073551,56.18977939112039,56.223118833701605,56.24097799066984,56.255188344029946,56.22703270645262,56.23184221259372,56.22195779341897,56.226046794203654,56.23319850973774,,,,,
814,270.883896,55.96369583165621,56.12374865193508,56.11300246148002,56.198079729492385,56.223020087905304,56.18987409516401,56.2233769914295,56.24123585921298,56.25544945737507,56.227291859975324,56.232100819894235,56.22221898839466,56.22630609079932,56.2334592020068,,,,,
815,271.373304,55.96383555271785,56.12389427849447,56.113148240554466,56.198225478580476,56.22316797735106,56.189928264402226,56.223524653848365,56.24138335682681,56.255598811631955,56.227440092344295,56.2322487394445,56.222368388293724,56.22645440480476,56.233608314844346,,,,,
816,271.728,55.963451537514274,56.123494046927405,56.11274758852326,56.19782491293847,56.22276153073763,56.18977939112275,56.22311883370579,56.2409779906764,56.255188344031964,56.22703270644238,56.23184221261017,56.22195779345003,56.226046794205224,56.233198509735494,,,,,
817,271.882896,55.96369583165427,56.123748651929,56.11300246147016,56.19807972949301,56.22302008790932,56.18987409516889,56.22337699143011,56.24123585921173,56.25544945736971,56.22729185997609,56.23210081989657,56.22221898839188,56.2263060907977,56.233459202003125,,,,,
818,272.372304,55.96383555272358,56.12389427848158,56.11314824056357,56.19822547858555,56.2231679773422,56.18992826440629,56.22352465385161,56.24138335681645,56.25559881164147,56.22744009233894,56.23224873945489,56.2223683882949,56.22645440481589,56.23360831483181,,,,,
819,272.727,55.96345153750872,56.12349404693068,56.11274758849186,56.19782491290829,56.22276153074225,56.18977939112736,56.22311883370811,56.240977990662635,56.2551883440293,56.22703270645734,56.23184221259378,56.22195779341679,56.226046794205324,56.23319850973828,,,,,
820,272.881896,55.96369583165676,56.12374865192723,56.113002461478146,56.19807972949783,56.22302008790701,56.18987409516117,56.22337699142547,56.24123585921448,56.25544945737547,56.22729185997491,56.232100819890505,56.222218988395575,56.226306090795326,56.23345920201184,,,,,
821,273.371304,55.96383555271988,56.12389427849551,56.113148240554246,56.19822547857717,56.2231679773469,56.18992826440711,56.22352465384774,56.24138335682712,56.255598811634115,56.22744009234363,56.232248739436066,56.222368388291194,56.226454404803135,56.23360831484195,,,,,
822,273.726,55.963451537512874,56.12349404693058,56.11274758853002,56.19782491293183,56.22276153074152,56.18977939112409,56.22311883370703,56.24097799067942,56.25518834402961,56.22703270643901,56.23184221261319,56.22195779345127,56.22604679420428,56.233198509735566,,,,,
823,273.880896,55.96369583165979,56.123748651931805,56.113002461478004,56.198079729492,56.22302008790314,56.18987409516111,56.223376991429724,56.24123585921654,56.255449457372386,56.22729185996955,56.2321008198909,56.222218988396705,56.226306090798595,56.233459202008696,,,,,
824,274.370304,55.96383555271679,56.1238942784952,56.11314824055865,56.19822547857157,56.223167977351956,56.18992826439827,56.22352465385055,56.24138335682713,56.25559881163517,56.22744009234841,56.23224873943784,56.22236838829,56.226454404805835,56.23360831484672,,,,,
825,274.725,55.96345153751023,56.12349404692722,56.11274758852571,56.197824912937186,56.222761530735966,56.18977939112209,56.22311883370458,56.24097799067687,56.255188344036455,56.22703270643797,56.23184221261464,56.22195779344875,56.226046794203654,56.23319850973218,,,,,
826,274.879896,55.9636958316557,56.12374865192892,56.113002461474096,56.1980797294913,56.223020087908154,56.18987409516963,56.22337699142854,56.241235859215344,56.25544945736791,56.22729185997863,56.23210081989046,56.22221898839075,56.226306090806105,56.23345920199874,,,,,
827,275.369304,55.96383555272525,56.12389427848358,56.11314824055867,56.19822547858159,56.22316797733954,56.189928264406284,56.22352465384938,56.241383356817366,56.25559881163581,56.2274400923327,56.23224873944801,56.22236838828561,56.22645440481903,56.23360831483705,,,,,
828,275.724,55.963451537512825,56.12349404692619,56.112747588495864,56.19782491290891,56.2227615307371,56.18977939112582,56.22311883370695,56.24097799066865,56.255188344027594,56.22703270645458,56.23184221259905,56.221957793417474,56.22604679420466,56.233198509736035,,,,,
829,275.878896,55.963695831652366,56.12374865193202,56.11300246147697,56.19807972949658,56.22302008790936,56.18987409516239,56.223376991426235,56.24123585922036,56.25544945737215,56.227291859973555,56.23210081989088,56.222218988392825,56.226306090796534,56.23345920200656,,,,,
830,276.368304,55.96383555272365,56.12389427849918,56.11314824055439,56.19822547858218,56.22316797735067,56.18992826440624,56.223524653853914,56.24138335682948,56.255598811633355,56.22744009234344,56.23224873944111,56.222368388291535,56.22645440480743,56.233608314846656,,,,,
831,276.723,55.96345153751165,56.123494046925565,56.112747588524904,56.197824912938394,56.22276153073733,56.189779391123956,56.223118833703715,56.24097799067929,56.255188344028184,56.22703270644198,56.231842212608136,56.22195779344745,56.22604679420433,56.233198509732624,,,,,
832,276.877896,55.963695831657105,56.123748651921524,56.11300246146952,56.19807972949082,56.223020087906576,56.18987409517004,56.22337699143196,56.24123585922102,56.25544945736684,56.22729185997585,56.23210081989246,56.222218988390615,56.22630609080193,56.233459201997995,,,,,
833,277.367304,55.9638355527241,56.12389427848963,56.11314824056208,56.19822547858493,56.22316797734162,56.18992826441044,56.22352465384912,56.24138335681841,56.255598811635274,56.22744009233743,56.232248739447954,56.222368388292075,56.226454404816316,56.23360831483562,,,,,
834,277.722,55.963451537515816,56.12349404692777,56.112747588498046,56.19782491290871,56.222761530740904,56.189779391125185,56.223118833711176,56.240977990667936,56.25518834403278,56.22703270645208,56.23184221259426,56.22195779341609,56.226046794206646,56.233198509740355,,,,,
835,277.876896,55.963695831657844,56.12374865192828,56.1130024614775,56.198079729494786,56.22302008790778,56.189874095159034,56.22337699142451,56.24123585922029,56.255449457370425,56.227291859969725,56.23210081988678,56.22221898839511,56.22630609080215,56.23345920200803,,,,,
836,278.366304,55.96383555272137,56.12389427849753,56.113148240553016,56.198225478582984,56.2231679773506,56.1899282644032,56.2235246538475,56.24138335682712,56.255598811632716,56.227440092347834,56.23224873944156,56.2223683882938,56.226454404805565,56.23360831484497,,,,,
837,278.721,55.96345153750942,56.123494046927114,56.1127475885209,56.1978249129369,56.22276153073575,56.18977939112545,56.22311883370703,56.240977990682815,56.25518834402899,56.2270327064414,56.23184221260432,56.22195779344755,56.226046794204514,56.23319850973859,,,,,
838,278.875896,55.96369583165608,56.12374865193075,56.11300246147462,56.19807972949683,56.223020087903244,56.189874095157386,56.2233769914275,56.241235859217355,56.25544945737378,56.22729185997367,56.23210081989168,56.2222189883985,56.22630609079359,56.23345920201086,,,,,
839,279.365304,55.96383555271666,56.123894278495634,56.11314824055462,56.19822547858241,56.223167977353675,56.189928264405076,56.22352465384918,56.24138335682941,56.255598811634144,56.22744009234608,56.232248739437104,56.222368388294505,56.22645440481133,56.233608314852546,,,,,
840,279.72,55.96345153750981,56.123494046918,56.1127475885265,56.197824912936596,56.22276153073776,56.189779391122315,56.22311883370514,56.24097799067735,56.25518834403494,56.22703270644094,56.23184221260553,56.22195779344926,56.226046794202,56.23319850973494,,,,,
841,279.874896,55.963695831658704,56.12374865192712,56.11300246146999,56.19807972949707,56.223020087907834,56.18987409516514,56.22337699142571,56.24123585920929,56.25544945736755,56.227291859972745,56.23210081989173,56.22221898839261,56.226306090801266,56.23345920200089,,,,,
842,280.364304,55.963835552723886,56.12389427849051,56.11314824056293,56.198225478584426,56.223167977340445,56.189928264406284,56.22352465385457,56.241383356817764,56.25559881163189,56.227440092334874,56.23224873944914,56.22236838828828,56.22645440481886,56.233608314835216,,,,,
843,280.719,55.96345153751362,56.123494046928,56.11274758849753,56.19782491290686,56.22276153073639,56.18977939111962,56.223118833704916,56.240977990667496,56.255188344029825,56.22703270645933,56.2318422126011,56.22195779341972,56.226046794205,56.23319850973964,,,,,
844,280.873896,55.963695831656054,56.123748651929176,56.113002461476896,56.19807972949041,56.22302008791022,56.18987409516016,56.223376991430655,56.241235859214505,56.25544945737315,56.227291859969675,56.23210081988812,56.22221898839334,56.22630609079349,56.23345920200912,,,,,
845,281.363304,55.963835552718294,56.12389427849974,56.11314824055983,56.198225478584554,56.22316797735167,56.189928264404855,56.22352465385126,56.24138335682552,56.255598811635004,56.227440092343144,56.23224873944007,56.222368388292054,56.226454404806894,56.23360831484313,,,,,
846,281.718,55.96345153750933,56.12349404692848,56.11274758852264,56.19782491293326,56.222761530742524,56.18977939112285,56.223118833705755,56.24097799068165,56.25518834403594,56.22703270643685,56.231842212610445,56.22195779345007,56.226046794208834,56.23319850973428,,,,,
847,281.872896,55.96369583165703,56.12374865192922,56.11300246147592,56.198079729496534,56.22302008790931,56.189874095169756,56.22337699142903,56.241235859213745,56.255449457365174,56.22729185997567,56.23210081989271,56.22221898839431,56.226306090799596,56.23345920200129,,,,,
848,282.362304,55.96383555272416,56.12389427848531,56.113148240557436,56.198225478578394,56.22316797733945,56.18992826440567,56.223524653851676,56.24138335681929,56.25559881163645,56.227440092335215,56.23224873945034,56.222368388288466,56.22645440481257,56.233608314836694,,,,,
849,282.717,55.96345153751281,56.123494046926595,56.1127475884958,56.197824912908935,56.22276153074123,56.189779391124304,56.22311883370637,56.240977990668085,56.25518834403406,56.227032706452505,56.23184221259674,56.22195779341974,56.22604679420218,56.233198509732645,,,,,
850,282.871896,55.96369583165706,56.12374865192775,56.11300246147341,56.198079729494204,56.22302008790627,56.18987409516229,56.22337699142749,56.24123585921659,56.25544945737236,56.22729185997535,56.232100819897326,56.22221898838971,56.22630609079778,56.2334592020042,,,,,
851,283.361304,55.96383555272137,56.12389427849684,56.11314824055375,56.198225478576475,56.22316797735099,56.189928264402106,56.223524653848,56.241383356825445,56.255598811634904,56.22744009234259,56.23224873943809,56.22236838829465,56.22645440480668,56.233608314845455,,,,,
852,283.716,55.96345153751039,56.12349404692565,56.11274758852552,56.19782491293557,56.22276153073865,56.18977939112037,56.223118833708,56.24097799068184,56.255188344032454,56.22703270643901,56.23184221260962,56.22195779345186,56.226046794201295,56.23319850973949,,,,,
853,283.870896,55.963695831655606,56.12374865192886,56.113002461469435,56.19807972948979,56.22302008790699,56.18987409516906,56.22337699142508,56.24123585921798,56.25544945737093,56.22729185997819,56.232100819890576,56.22221898839377,56.226306090798154,56.233459201999295,,,,,
854,284.360304,55.96383555272099,56.12389427848646,56.113148240557315,56.19822547858653,56.22316797734209,56.18992826440945,56.22352465385187,56.241383356821984,56.255598811635736,56.227440092335854,56.23224873945255,56.22236838828751,56.2264544048177,56.23360831483199,,,,,
855,284.715,55.96345153751173,56.12349404692516,56.1127475884939,56.19782491291233,56.22276153074168,56.189779391123345,56.22311883371154,56.24097799066547,56.255188344025996,56.2270327064548,56.231842212600775,56.22195779341939,56.22604679420229,56.23319850974161,,,,,
856,284.869896,55.96369583165876,56.123748651929006,56.1130024614743,56.19807972949822,56.22302008790391,56.18987409515876,56.22337699142776,56.241235859215706,56.25544945737431,56.22729185997878,56.23210081989359,56.222218988395554,56.2263060908013,56.23345920200691,,,,,
857,285.359304,55.963835552721264,56.123894278498845,56.113148240553365,56.19822547858138,56.22316797735338,56.189928264403946,56.22352465384988,56.241383356831506,56.25559881163417,56.227440092347514,56.23224873943866,56.2223683882896,56.22645440480727,56.23360831484586,,,,,
858,285.714,55.963451537508895,56.123494046926346,56.11274758852854,56.197824912936184,56.22276153073584,56.189779391121114,56.22311883370589,56.240977990682886,56.25518834403229,56.22703270644047,56.23184221261097,56.22195779344802,56.22604679420777,56.23319850973687,,,,,
859,285.868896,55.96369583165617,56.123748651928274,56.11300246147399,56.198079729490416,56.2230200879043,56.18987409516227,56.22337699142294,56.24123585921456,56.255449457374745,56.22729185997109,56.23210081989088,56.222218988394324,56.226306090794964,56.23345920200747,,,,,
860,286.358304,55.96383555272212,56.123894278495655,56.113148240554345,56.19822547857762,56.22316797734768,56.18992826440163,56.223524653846155,56.24138335682619,56.25559881163295,56.22744009234679,56.232248739443406,56.222368388298094,56.22645440480634,56.23360831484623,,,,,
861,286.713,55.9634515375099,56.12349404692564,56.11274758852037,56.19782491293867,56.22276153073479,56.18977939112076,56.22311883370991,56.24097799068011,56.25518834402987,56.227032706434514,56.231842212608676,56.221957793448375,56.226046794201494,56.233198509728815,,,,,
862,286.867896,55.963695831660274,56.12374865192243,56.11300246146699,56.19807972949373,56.223020087912964,56.189874095169415,56.22337699142616,56.24123585921422,56.255449457367384,56.22729185998036,56.23210081989069,56.22221898839017,56.226306090802105,56.23345920200116,,,,,
863,287.357304,55.96383555272274,56.12389427848547,56.11314824055567,56.19822547858712,56.22316797734162,56.18992826440815,56.223524653853545,56.24138335681769,56.25559881163782,56.22744009233336,56.2322487394475,56.22236838829293,56.22645440481166,56.23360831484038,,,,,
864,287.712,55.963451537515525,56.12349404692692,56.11274758849785,56.19782491290627,56.22276153073791,56.18977939112457,56.22311883370393,56.24097799066737,56.25518834403208,56.22703270645823,56.23184221259687,56.22195779342275,56.22604679420312,56.233198509737,,,,,
865,287.866896,55.96369583165727,56.123748651933205,56.11300246147529,56.198079729492115,56.2230200879023,56.18987409516015,56.22337699142696,56.24123585921533,56.25544945737313,56.22729185997448,56.23210081989718,56.22221898839289,56.22630609079328,56.23345920200263,,,,,
866,288.356304,55.96383555272,56.12389427849691,56.113148240556136,56.19822547858293,56.22316797735165,56.18992826440398,56.22352465385076,56.24138335682778,56.25559881163215,56.227440092340004,56.23224873943724,56.22236838828997,56.22645440480576,56.23360831484558,,,,,
867,288.711,55.963451537511936,56.12349404692324,56.11274758852164,56.1978249129357,56.222761530733756,56.189779391118485,56.22311883370748,56.240977990679426,56.25518834403208,56.22703270644286,56.23184221261284,56.22195779344643,56.22604679420231,56.233198509733924,,,,,
868,288.865896,55.963695831657226,56.123748651931216,56.113002461472426,56.19807972949423,56.22302008791482,56.18987409517236,56.22337699142927,56.241235859219,56.25544945737452,56.22729185996856,56.232100819891556,56.22221898839239,56.22630609079999,56.233459202001974,,,,,
869,289.355304,55.963835552723864,56.12389427848504,56.113148240562914,56.19822547858627,56.22316797733935,56.189928264403854,56.223524653852905,56.24138335681858,56.25559881164147,56.22744009233449,56.232248739451016,56.222368388291706,56.226454404816344,56.23360831483379,,,,,
870,289.71,55.96345153751262,56.12349404692503,56.112747588499225,56.197824912906505,56.22276153073753,56.18977939112232,56.22311883370176,56.24097799066548,56.255188344030884,56.22703270645543,56.23184221259995,56.221957793417495,56.22604679420326,56.23319850973665,,,,,
871,289.864896,55.96369583165636,56.12374865193142,56.11300246147882,56.19807972949276,56.22302008790511,56.18987409516188,56.22337699142595,56.241235859217326,56.255449457370986,56.22729185997589,56.23210081989205,56.22221898839861,56.226306090798296,56.233459202007076,,,,,
872,290.354304,55.96383555272217,56.12389427849346,56.11314824055519,56.19822547857991,56.223167977347074,56.18992826440288,56.22352465384409,56.24138335682835,56.25559881162988,56.227440092347365,56.23224873943861,56.222368388292175,56.22645440480951,56.233608314846094,,,,,
873,290.709,55.963451537513194,56.12349404692609,56.11274758852442,56.19782491293473,56.22276153073692,56.189779391122364,56.22311883371025,56.240977990679816,56.25518834403621,56.227032706440504,56.231842212608775,56.221957793449974,56.22604679420067,56.233198509729924,,,,,
874,290.863896,55.96369583165679,56.12374865193087,56.11300246147836,56.198079729492356,56.22302008790613,56.189874095159965,56.2233769914274,56.24123585921474,56.255449457372556,56.22729185997337,56.232100819888466,56.22221898839405,56.2263060907982,56.233459202005555,,,,,
875,291.353304,55.963835552720596,56.12389427850113,56.11314824055671,56.19822547858066,56.22316797734836,56.18992826440191,56.22352465384811,56.24138335682673,56.25559881163854,56.22744009234748,56.23224873944474,56.22236838829557,56.226454404804805,56.23360831484479,,,,,
876,291.708,55.96345153751244,56.12349404692557,56.1127475885234,56.19782491293466,56.22276153073865,56.18977939111974,56.22311883370537,56.240977990680875,56.255188344034806,56.22703270643871,56.23184221260769,56.2219577934475,56.226046794205295,56.23319850973317,,,,,
877,291.862896,55.96369583165191,56.1237486519302,56.11300246147043,56.198079729496285,56.22302008791092,56.1898740951684,56.22337699142831,56.24123585921459,56.25544945736526,56.22729185997718,56.23210081989836,56.222218988390686,56.226306090796044,56.23345920200171,,,,,
878,292.352304,55.963835552724,56.12389427849129,56.1131482405571,56.19822547858677,56.22316797734162,56.18992826440632,56.2235246538495,56.241383356816314,56.25559881163193,56.22744009233693,56.23224873945252,56.22236838829349,56.22645440482051,56.233608314838584,,,,,
879,292.707,55.96345153751592,56.123494046926744,56.11274758849622,56.197824912910555,56.22276153073842,56.18977939112225,56.22311883370961,56.24097799066136,56.25518834403604,56.22703270645592,56.23184221259679,56.221957793418014,56.2260467942004,56.23319850973556,,,,,
880,292.861896,55.96369583165484,56.12374865193109,56.11300246147655,56.198079729495056,56.22302008790932,56.18987409516792,56.22337699143071,56.241235859214235,56.25544945737617,56.2272918599708,56.23210081989035,56.2222189883936,56.226306090794026,56.233459202004006,,,,,
881,293.351304,55.963835552719935,56.12389427850001,56.11314824055631,56.19822547858312,56.223167977357356,56.18992826440327,56.223524653848735,56.241383356825075,56.255598811635465,56.22744009234631,56.232248739437864,56.22236838829395,56.22645440480898,56.23360831484511,,,,,
882,293.706,55.96345153750919,56.12349404692602,56.11274758852386,56.197824912936554,56.22276153073907,56.189779391122805,56.223118833710025,56.24097799067888,56.25518834403269,56.22703270643965,56.231842212610786,56.221957793443394,56.226046794203526,56.23319850973589,,,,,
883,293.860896,55.96369583165612,56.123748651929354,56.11300246147199,56.198079729488796,56.223020087908935,56.18987409517029,56.22337699143031,56.24123585921892,56.25544945736631,56.227291859973846,56.23210081989598,56.22221898838899,56.22630609079867,56.23345920200271,,,,,
884,294.350304,55.96383555272413,56.123894278486034,56.11314824056161,56.198225478583744,56.223167977342925,56.18992826440732,56.22352465384935,56.24138335681617,56.25559881163921,56.22744009233432,56.23224873944911,56.222368388290775,56.226454404820394,56.23360831483536,,,,,
885,294.705,55.96345153751589,56.123494046928386,56.11274758849607,56.19782491290893,56.22276153073366,56.189779391124134,56.223118833706515,56.24097799066804,56.25518834403641,56.22703270645593,56.23184221259427,56.22195779342033,56.22604679420456,56.233198509739275,,,,,
886,294.859896,55.96369583165923,56.12374865193241,56.113002461475595,56.1980797294945,56.223020087909326,56.189874095162395,56.22337699142459,56.24123585921365,56.25544945738007,56.22729185998003,56.232100819890924,56.22221898839871,56.226306090797976,56.23345920200538,,,,,
887,295.349304,55.96383555272161,56.12389427849834,56.11314824055372,56.19822547858462,56.223167977348496,56.189928264405154,56.22352465384525,56.24138335682879,56.255598811634435,56.22744009235044,56.23224873944366,56.222368388291855,56.226454404808884,56.23360831484613,,,,,
888,295.704,55.96345153751021,56.12349404692373,56.11274758852707,56.197824912939865,56.22276153073956,56.18977939112464,56.223118833706465,56.24097799068175,56.2551883440338,56.227032706437114,56.23184221260875,56.22195779344599,56.22604679420582,56.233198509740944,,,,,
889,295.858896,55.96369583165816,56.1237486519277,56.11300246146996,56.1980797294983,56.22302008790854,56.18987409516927,56.22337699142508,56.241235859218214,56.25544945737063,56.22729185997873,56.232100819895344,56.222218988388256,56.22630609079827,56.23345920199821,,,,,
890,296.348304,55.96383555272651,56.12389427849047,56.11314824055944,56.198225478587304,56.223167977343536,56.1899282644109,56.2235246538508,56.24138335681921,56.25559881164025,56.227440092332955,56.232248739452075,56.22236838829149,56.22645440481687,56.23360831483118,,,,,
891,296.703,55.963451537515034,56.123494046922396,56.11274758849688,56.19782491290853,56.222761530741444,56.18977939112226,56.223118833707,56.24097799066214,56.25518834403021,56.2270327064589,56.2318422125981,56.22195779341274,56.22604679420545,56.23319850973968,,,,,
892,296.857896,55.96369583165987,56.12374865193002,56.11300246147072,56.198079729489514,56.223020087906185,56.18987409516226,56.22337699142781,56.24123585921574,56.255449457373835,56.227291859975935,56.23210081989154,56.22221898839699,56.2263060907958,56.23345920200422,,,,,
893,297.347304,55.96383555271857,56.12389427849784,56.11314824055129,56.19822547858071,56.223167977350506,56.189928264400656,56.22352465384389,56.241383356832415,56.255598811635586,56.227440092345326,56.23224873943951,56.22236838829231,56.226454404807804,56.233608314844055,,,,,
894,297.702,55.96345153751289,56.123494046926695,56.11274758852781,56.19782491293323,56.22276153073906,56.18977939112244,56.22311883370678,56.24097799067471,56.25518834403165,56.22703270644143,56.231842212611305,56.221957793445185,56.22604679419854,56.23319850973145,,,,,
895,297.856896,55.963695831655244,56.123748651937305,56.11300246147611,56.19807972949189,56.22302008790508,56.189874095162,56.22337699143011,56.241235859216815,56.25544945736979,56.22729185997486,56.23210081988627,56.22221898839691,56.22630609079689,56.233459202004134,,,,,
896,298.346304,55.9638355527147,56.12389427849999,56.113148240560186,56.19822547857774,56.22316797735187,56.189928264405076,56.22352465384817,56.24138335682493,56.25559881163159,56.22744009234543,56.23224873944092,56.222368388294754,56.22645440480555,56.233608314843885,,,,,
897,298.701,55.96345153751446,56.12349404692617,56.112747588524144,56.19782491293514,56.222761530741664,56.1897793911247,56.22311883370852,56.240977990678765,56.255188344032746,56.22703270643774,56.23184221261167,56.22195779344597,56.22604679420319,56.233198509735196,,,,,
898,298.855896,55.963695831653254,56.123748651926306,56.11300246147062,56.19807972949239,56.22302008790639,56.189874095164775,56.22337699142968,56.24123585921404,56.25544945737226,56.2272918599779,56.23210081989562,56.22221898838723,56.2263060907997,56.23345920200612,,,,,
899,299.345304,55.96383555272321,56.12389427848589,56.11314824055897,56.198225478589244,56.22316797734358,56.18992826440791,56.223524653851776,56.24138335681881,56.25559881163999,56.22744009233449,56.23224873944883,56.222368388288665,56.226454404815385,56.233608314830775,,,,,
900,299.7,55.9634515375123,56.12349404692895,56.112747588500376,56.197824912911294,56.22276153073874,56.18977939112426,56.223118833706565,56.24097799066905,56.25518834403456,56.227032706451865,56.23184221259237,56.221957793417445,56.226046794198,56.233198509736916,,,,,
901,299.854896,55.96369583165962,56.123748651926455,56.11300246147501,56.19807972949087,56.22302008790499,56.18987409516351,56.22337699142305,56.241235859213525,56.255449457369934,56.22729185997574,56.23210081988627,56.22221898839681,56.22630609079896,56.23345920200524,,,,,
902,300.344304,55.963835552719694,56.1238942784982,56.11314824055587,56.19822547858198,56.223167977349846,56.18992826440034,56.22352465384309,56.24138335682619,56.25559881163319,56.227440092351145,56.23224873944076,56.22236838829619,56.22645440480368,56.23360831484845,,,,,
903,300.699,55.96345153751139,56.12349404692674,56.11274758852435,56.19782491293651,56.22276153073697,56.18977939112457,56.22311883370625,56.240977990679134,56.25518834402955,56.22703270643861,56.231842212614744,56.22195779344493,56.22604679420048,56.23319850974017,,,,,
904,300.853896,55.963695831657326,56.12374865192312,56.11300246146836,56.198079729494744,56.22302008791146,56.18987409516757,56.22337699143248,56.24123585921329,56.255449457363724,56.22729185997632,56.23210081989059,56.22221898838784,56.22630609079901,56.2334592020071,,,,,
905,301.343304,55.96383555272457,56.12389427848977,56.11314824055949,56.19822547858222,56.22316797733918,56.18992826440795,56.223524653856046,56.241383356815554,56.255598811634606,56.22744009233578,56.23224873945043,56.222368388293134,56.2264544048158,56.233608314831834,,,,,
906,301.698,55.9634515375068,56.12349404692759,56.112747588499225,56.197824912905375,56.22276153073993,56.18977939112568,56.22311883370698,56.24097799066946,56.255188344031694,56.2270327064509,56.23184221259704,56.22195779341728,56.226046794204294,56.23319850973821,,,,,
907,301.852896,55.96369583165823,56.12374865193125,56.113002461475865,56.19807972949541,56.22302008790545,56.18987409515855,56.2233769914263,56.241235859221455,56.25544945737284,56.227291859973946,56.23210081989275,56.22221898839413,56.22630609079791,56.23345920200632,,,,,
908,302.342304,55.96383555271781,56.12389427850142,56.113148240555525,56.19822547857812,56.2231679773497,56.18992826440395,56.223524653853154,56.24138335682547,56.255598811633895,56.22744009234691,56.23224873943821,56.22236838829705,56.22645440480182,56.23360831484474,,,,,
909,302.697,55.963451537511574,56.12349404692966,56.11274758853002,56.19782491293866,56.22276153073926,56.18977939112468,56.22311883370524,56.24097799067892,56.25518834403095,56.22703270644035,56.23184221261451,56.221957793448006,56.226046794205644,56.23319850973777,,,,,
910,302.851896,55.96369583165796,56.1237486519297,56.113002461474444,56.19807972949328,56.22302008790669,56.18987409516007,56.22337699143331,56.241235859217234,56.25544945737372,56.2272918599692,56.23210081989283,56.2222189883951,56.22630609079751,56.23345920200845,,,,,
911,303.341304,55.963835552719544,56.12389427849371,56.11314824055506,56.19822547858176,56.2231679773496,56.189928264395284,56.22352465384857,56.241383356831584,56.255598811635295,56.2274400923464,56.23224873944216,56.22236838829477,56.226454404808706,56.23360831484409,,,,,
912,303.696,55.96345153751263,56.12349404692748,56.11274758852205,56.19782491293816,56.22276153073937,56.18977939112629,56.2231188337074,56.24097799068222,56.25518834403003,56.227032706440504,56.23184221261157,56.2219577934468,56.226046794203285,56.23319850973425,,,,,
913,303.850896,55.96369583165511,56.12374865192384,56.1130024614694,56.1980797294916,56.22302008791106,56.18987409517045,56.223376991426385,56.24123585921343,56.255449457368776,56.22729185997889,56.23210081989567,56.222218988393685,56.226306090798325,56.23345920200227,,,,,
914,304.340304,55.96383555272475,56.12389427848421,56.11314824055505,56.19822547858372,56.22316797733895,56.189928264403285,56.22352465385291,56.24138335681542,56.25559881163614,56.22744009233463,56.232248739453894,56.222368388292715,56.22645440482055,56.233608314838825,,,,,
915,304.695,55.96345153751433,56.12349404692751,56.112747588497726,56.19782491290821,56.222761530736776,56.189779391123565,56.22311883370964,56.24097799066503,56.255188344029015,56.22703270645432,56.231842212593506,56.22195779342322,56.22604679420547,56.233198509736646,,,,,
916,304.849896,55.96369583165786,56.12374865193355,56.11300246147965,56.19807972949625,56.22302008790491,56.189874095159134,56.22337699143051,56.24123585921733,56.25544945737246,56.227291859977136,56.23210081989134,56.22221898839554,56.22630609079789,56.233459202003,,,,,
917,305.339304,55.96383555271825,56.12389427849811,56.113148240557685,56.19822547858201,56.22316797735231,56.189928264402916,56.223524653851314,56.24138335682899,56.255598811632666,56.227440092348765,56.232248739439406,56.222368388292736,56.2264544048037,56.23360831484632,,,,,
918,305.694,55.963451537511894,56.12349404692781,56.11274758852888,56.19782491293373,56.22276153073921,56.18977939112565,56.22311883370607,56.240977990675056,56.255188344031374,56.22703270644005,56.23184221260693,56.221957793449064,56.226046794201515,56.23319850973473,,,,,
919,305.848896,55.96369583165748,56.1237486519239,56.11300246147443,56.19807972949237,56.22302008790911,56.18987409516983,56.223376991430364,56.24123585920976,56.25544945736964,56.22729185997407,56.23210081989349,56.22221898839231,56.22630609080002,56.23345920200224,,,,,
920,306.338304,55.963835552726756,56.12389427848805,56.11314824056222,56.198225478586295,56.2231679773433,56.18992826440643,56.22352465385127,56.241383356817,56.25559881163788,56.22744009233308,56.232248739452075,56.222368388290356,56.22645440481492,56.233608314837014,,,,,
921,306.693,55.963451537510245,56.12349404692955,56.112747588497726,56.19782491290501,56.22276153073321,56.18977939111993,56.22311883370664,56.24097799066793,56.25518834403245,56.227032706447986,56.23184221259368,56.22195779342167,56.226046794200954,56.233198509738365,,,,,
922,306.847896,55.9636958316576,56.12374865193013,56.113002461474494,56.19807972949783,56.22302008790548,56.18987409515931,56.223376991422946,56.241235859216516,56.25544945737048,56.227291859971466,56.232100819890626,56.22221898839352,56.226306090800335,56.233459202005626,,,,,
923,307.337304,55.96383555271965,56.12389427849559,56.113148240551034,56.19822547858273,56.22316797735526,56.18992826440139,56.22352465385091,56.24138335683173,56.255598811634364,56.22744009234666,56.23224873943564,56.22236838829383,56.226454404806404,56.23360831484343,,,,,
924,307.692,55.963451537509826,56.12349404692677,56.11274758852445,56.197824912934905,56.22276153073559,56.189779391123245,56.223118833706025,56.240977990678495,56.25518834403091,56.22703270644009,56.23184221261253,56.22195779344598,56.22604679420563,56.233198509737015,,,,,
925,307.846896,55.96369583165542,56.12374865193092,56.113002461474316,56.1980797294945,56.22302008790658,56.189874095170445,56.223376991424175,56.24123585921928,56.25544945736733,56.22729185997508,56.232100819894754,56.222218988388235,56.22630609080285,56.23345920200694,,,,,
926,308.336304,55.96383555272145,56.1238942784842,56.11314824056226,56.198225478581904,56.22316797733985,56.18992826440451,56.223524653851996,56.241383356819384,56.25559881164078,56.22744009233462,56.232248739450625,56.22236838829102,56.22645440481807,56.23360831483081,,,,,
927,308.691,55.96345153751346,56.12349404692925,56.112747588497285,56.1978249129066,56.22276153073556,56.18977939112333,56.22311883370446,56.240977990665954,56.2551883440329,56.22703270645483,56.231842212594145,56.22195779342038,56.226046794204606,56.23319850973829,,,,,
928,308.845896,55.96369583165584,56.12374865193311,56.11300246147366,56.198079729490864,56.223020087905134,56.189874095162786,56.22337699143173,56.241235859214385,56.25544945737322,56.227291859974216,56.23210081988894,56.22221898839409,56.22630609079855,56.23345920201042,,,,,
929,309.335304,55.963835552718066,56.123894278499876,56.11314824055293,56.19822547858392,56.22316797734688,56.18992826440188,56.22352465384755,56.24138335682465,56.255598811633945,56.227440092347265,56.23224873943952,56.22236838829437,56.226454404804635,56.233608314838456,,,,,
930,309.69,55.96345153751191,56.12349404692765,56.11274758851946,56.19782491293597,56.22276153073666,56.18977939112157,56.22311883370858,56.240977990680506,56.25518834403428,56.227032706437555,56.23184221261048,56.22195779344237,56.22604679420464,56.233198509737086,,,,,
931,309.844896,55.963695831656665,56.123748651929695,56.11300246147736,56.19807972949052,56.223020087907386,56.18987409516237,56.22337699142747,56.24123585921949,56.255449457376656,56.227291859970954,56.232100819891485,56.222218988393905,56.22630609079442,56.233459202007474,,,,,
932,310.334304,55.9638355527149,56.123894278497914,56.113148240555326,56.19822547857136,56.223167977352205,56.18992826440012,56.223524653847385,56.24138335682709,56.2555988116309,56.22744009234296,56.232248739440664,56.22236838829109,56.22645440480218,56.23360831484559,,,,,
933,310.689,55.96345153751135,56.12349404692258,56.112747588524314,56.19782491293777,56.22276153074039,56.18977939112227,56.22311883370461,56.24097799068035,56.25518834403508,56.22703270643559,56.231842212613,56.221957793445284,56.22604679420574,56.23319850973735,,,,,
934,310.843896,55.963695831657276,56.12374865192859,56.11300246147405,56.198079729495504,56.22302008790812,56.1898740951675,56.2233769914327,56.24123585921422,56.255449457370545,56.22729185998037,56.23210081989988,56.22221898839266,56.226306090799746,56.233459202001036,,,,,
935,311.333304,55.96383555272482,56.1238942784879,56.11314824056056,56.19822547858734,56.22316797734337,56.189928264408685,56.223524653855094,56.241383356816094,56.25559881163747,56.2274400923314,56.23224873945206,56.22236838829002,56.226454404812664,56.23360831483282,,,,,
936,311.688,55.96345153751584,56.123494046928386,56.11274758849834,56.19782491290586,56.222761530735546,56.189779391120304,56.223118833708,56.24097799066617,56.25518834403633,56.22703270645622,56.231842212596796,56.22195779341872,56.22604679420666,56.233198509733306,,,,,
937,311.842896,55.96369583165796,56.12374865192825,56.11300246147581,56.198079729492214,56.223020087910726,56.18987409516328,56.223376991428836,56.2412358592184,56.255449457371746,56.22729185997304,56.23210081988625,56.22221898839554,56.226306090789805,56.23345920200581,,,,,
938,312.332304,55.96383555271822,56.12389427849381,56.11314824055828,56.1982254785764,56.22316797735206,56.189928264408465,56.223524653844144,56.2413833568285,56.255598811634115,56.227440092349056,56.23224873944306,56.22236838829405,56.226454404801565,56.23360831484354,,,,,
939,312.687,55.96345153750857,56.1234940469254,56.11274758852586,56.1978249129301,56.22276153073694,56.189779391125704,56.223118833706216,56.24097799068105,56.25518834403096,56.22703270644211,56.23184221261349,56.221957793450855,56.22604679420521,56.2331985097375,,,,,
940,312.841896,55.96369583165547,56.12374865192972,56.11300246147158,56.1980797294928,56.22302008791297,56.189874095172364,56.22337699142667,56.24123585921366,56.255449457367064,56.2272918599739,56.23210081989335,56.222218988392356,56.2263060908012,56.23345920200684,,,,,
941,313.331304,55.96383555272332,56.12389427848745,56.113148240560086,56.19822547858119,56.22316797733768,56.18992826440653,56.22352465385213,56.24138335681537,56.25559881163997,56.22744009232984,56.232248739447954,56.22236838829187,56.226454404815044,56.23360831483002,,,,,
942,313.686,55.96345153751209,56.12349404693011,56.11274758849721,56.19782491290622,56.222761530739696,56.18977939112257,56.22311883370867,56.24097799066148,56.25518834402925,56.227032706456065,56.23184221259823,56.22195779341887,56.226046794205146,56.23319850974077,,,,,
943,313.840896,55.96369583165879,56.123748651930434,56.11300246147445,56.19807972949159,56.2230200879041,56.1898740951673,56.22337699142912,56.24123585921412,56.255449457373686,56.2272918599719,56.232100819890015,56.22221898839142,56.2263060907986,56.233459202005925,,,,,
944,314.330304,55.96383555271978,56.123894278494966,56.11314824055553,56.19822547858339,56.223167977351814,56.189928264401544,56.223524653847555,56.241383356833495,56.2555988116328,56.227440092342654,56.23224873943522,56.22236838829654,56.22645440480912,56.23360831484474,,,,,
945,314.685,55.963451537512384,56.123494046926176,56.11274758852515,56.19782491293609,56.22276153074176,56.18977939112167,56.22311883370649,56.240977990685494,56.25518834403002,56.227032706441044,56.231842212609415,56.221957793445604,56.226046794197245,56.233198509734635,,,,,
946,314.839896,55.96369583165603,56.123748651929006,56.11300246147357,56.19807972948978,56.22302008790764,56.18987409516243,56.22337699142633,56.24123585922191,56.25544945737297,56.227291859978685,56.232100819890576,56.2222189883943,56.226306090796506,56.23345920200996,,,,,
947,315.329304,55.963835552721164,56.12389427849222,56.11314824055863,56.19822547857976,56.22316797735264,56.189928264402255,56.22352465384596,56.241383356826105,56.25559881163102,56.22744009234356,56.232248739441445,56.222368388294804,56.22645440480032,56.23360831484637,,,,,
948,315.684,55.96345153751175,56.12349404692761,56.11274758852674,56.19782491293923,56.22276153073935,56.18977939112553,56.22311883370427,56.24097799067876,56.25518834403357,56.22703270643537,56.23184221261301,56.2219577934484,56.22604679420678,56.23319850973309,,,,,
949,315.838896,55.96369583165728,56.12374865193088,56.11300246147274,56.198079729491496,56.22302008790884,56.18987409516416,56.22337699142676,56.241235859211464,56.255449457367014,56.22729185997298,56.232100819896324,56.22221898839369,56.226306090800406,56.2334592020058,,,,,
950,316.328304,55.96383555272496,56.12389427848581,56.11314824056155,56.19822547858566,56.2231679773346,56.189928264408735,56.223524653852195,56.24138335681469,56.25559881163447,56.227440092334014,56.23224873945474,56.222368388291564,56.226454404814874,56.23360831483163,,,,,
951,316.683,55.96345153751393,56.12349404692747,56.11274758849293,56.19782491291045,56.22276153073967,56.18977939112155,56.22311883370826,56.240977990667155,56.25518834403209,56.22703270645061,56.23184221259698,56.2219577934164,56.226046794197465,56.2331985097357,,,,,
952,316.837896,55.96369583165543,56.12374865192896,56.11300246147502,56.19807972949358,56.22302008790959,56.18987409516045,56.223376991424225,56.24123585921388,56.25544945737155,56.22729185997994,56.23210081989359,56.22221898839653,56.22630609079904,56.23345920201062,,,,,
953,317.327304,55.96383555271754,56.123894278497616,56.113148240554374,56.19822547858169,56.2231679773506,56.18992826440452,56.223524653849616,56.24138335683451,56.25559881163212,56.227440092344814,56.232248739441026,56.22236838829074,56.2264544048038,56.23360831483927,,,,,
954,317.682,55.96345153751771,56.12349404692888,56.11274758852796,56.19782491293659,56.22276153073917,56.18977939111836,56.22311883370778,56.24097799068327,56.25518834403659,56.22703270644208,56.23184221260939,56.22195779344712,56.22604679420756,56.23319850974021,,,,,
955,317.836896,55.96369583165791,56.12374865192641,56.113002461467694,56.19807972949296,56.22302008791117,56.189874095165486,56.22337699142507,56.24123585921415,56.25544945736888,56.22729185997743,56.23210081989209,56.22221898838925,56.2263060907985,56.23345920200354,,,,,
956,318.326304,55.9638355527239,56.1238942784888,56.113148240558644,56.198225478584135,56.22316797733798,56.18992826440392,56.22352465385127,56.241383356817444,56.255598811635856,56.22744009233628,56.23224873945313,56.222368388290235,56.2264544048154,56.2336083148354,,,,,
957,318.681,55.96345153751387,56.12349404692735,56.11274758849721,56.197824912905816,56.22276153073488,56.1897793911241,56.22311883370877,56.24097799066666,56.25518834403291,56.22703270645736,56.23184221259333,56.22195779341793,56.22604679420291,56.233198509735814,,,,,
958,318.835896,55.9636958316558,56.12374865192962,56.11300246147503,56.19807972949279,56.22302008790755,56.18987409516788,56.22337699142398,56.24123585921409,56.255449457374844,56.227291859973136,56.23210081988889,56.22221898839216,56.22630609079296,56.23345920200801,,,,,
959,319.325304,55.96383555272071,56.12389427850114,56.11314824055554,56.198225478581385,56.22316797735367,56.18992826439975,56.22352465384648,56.24138335682675,56.25559881163316,56.22744009234113,56.232248739440735,56.222368388290555,56.22645440480988,56.23360831484333,,,,,
960,319.68,55.963451537514956,56.123494046926304,56.112747588530084,56.197824912934514,56.22276153073656,56.18977939112076,56.22311883371037,56.240977990680115,56.25518834403571,56.227032706440596,56.23184221261139,56.22195779344797,56.22604679420612,56.23319850974095,,,,,
961,319.834896,55.96369583165568,56.12374865192561,56.113002461473,56.198079729491454,56.223020087904715,56.189874095168975,56.22337699143044,56.241235859216324,56.25544945736727,56.22729185997301,56.23210081989399,56.222218988390864,56.22630609080273,56.233459202004084,,,,,
962,320.324304,55.96383555272444,56.12389427848893,56.11314824055973,56.19822547858275,56.22316797733726,56.189928264401914,56.22352465385086,56.241383356821,56.25559881164143,56.22744009233691,56.23224873945326,56.222368388293695,56.22645440481693,56.23360831483745,,,,,
963,320.679,55.9634515375134,56.123494046926005,56.11274758849602,56.19782491291012,56.222761530740655,56.18977939112316,56.22311883370071,56.24097799066659,56.255188344037684,56.22703270644996,56.23184221259485,56.22195779341949,56.226046794200116,56.233198509738536,,,,,
964,320.833896,55.96369583165706,56.12374865192733,56.11300246147509,56.198079729489834,56.22302008790669,56.18987409516159,56.22337699142441,56.24123585921485,56.25544945737804,56.227291859973406,56.23210081989125,56.22221898839811,56.226306090794694,56.233459202006244,,,,,
965,321.323304,55.9638355527209,56.12389427849783,56.11314824055639,56.19822547857902,56.22316797734732,56.18992826440645,56.223524653845516,56.24138335683074,56.255598811636304,56.22744009234798,56.23224873944216,56.22236838829353,56.22645440480503,56.23360831484146,,,,,
966,321.678,55.96345153751139,56.12349404692674,56.11274758852415,56.197824912935516,56.22276153074375,56.18977939112341,56.22311883370707,56.24097799068203,56.25518834403609,56.22703270644039,56.2318422126115,56.221957793448155,56.22604679420221,56.23319850973615,,,,,
967,321.832896,55.963695831656004,56.1237486519295,56.1130024614723,56.19807972949733,56.22302008790427,56.189874095164356,56.223376991431614,56.24123585921801,56.255449457371,56.22729185997452,56.23210081989094,56.22221898839102,56.226306090795624,56.23345920200165,,,,,
968,322.322304,55.96383555272275,56.123894278496124,56.11314824055674,56.19822547858238,56.22316797734972,56.18992826440305,56.22352465384788,56.2413833568337,56.25559881163326,56.22744009234774,56.23224873944042,56.22236838828978,56.2264544048079,56.23360831484372,,,,,
969,322.677,55.96345153751472,56.1234940469254,56.11274758852346,56.19782491293815,56.22276153073656,56.189779391123274,56.22311883370619,56.24097799068522,56.25518834403536,56.22703270644208,56.23184221261188,56.22195779344819,56.22604679420026,56.23319850973713,,,,,
970,322.831896,55.96369583165599,56.12374865193146,56.11300246147279,56.198079729491795,56.22302008790577,56.18987409516963,56.22337699142691,56.24123585921411,56.25544945737096,56.22729185997566,56.23210081989558,56.22221898839261,56.226306090797,56.23345920200008,,,,,
971,323.321304,55.96383555272352,56.12389427848795,56.11314824055536,56.19822547858507,56.22316797733783,56.18992826440427,56.22352465385123,56.24138335681903,56.25559881163913,56.227440092333794,56.232248739447826,56.22236838829212,56.22645440481497,56.23360831483795,,,,,
972,323.676,55.96345153751458,56.123494046923064,56.11274758849371,56.19782491291256,56.22276153073801,56.18977939112413,56.22311883370843,56.24097799066905,56.25518834402898,56.22703270645881,56.231842212594785,56.221957793418284,56.22604679419839,56.23319850973819,,,,,
973,323.830896,55.963695831656075,56.123748651929056,56.11300246147812,56.19807972949614,56.22302008790849,56.18987409516287,56.22337699142463,56.241235859219884,56.25544945737273,56.22729185997663,56.23210081988691,56.2222189883957,56.22630609079248,56.2334592020059,,,,,
974,324.320304,55.963835552720155,56.12389427849413,56.11314824055789,56.19822547858055,56.223167977349874,56.18992826440178,56.223524653848685,56.24138335682881,56.255598811634115,56.22744009234511,56.232248739439875,56.222368388294655,56.22645440480694,56.23360831484512,,,,,
975,324.675,55.96345153750937,56.12349404692479,56.11274758852455,56.19782491293211,56.222761530737245,56.189779391123565,56.22311883370981,56.240977990681884,56.255188344035275,56.22703270643834,56.23184221260694,56.2219577934477,56.226046794201686,56.233198509741534,,,,,
976,324.829896,55.96369583165545,56.12374865192754,56.11300246147135,56.198079729495504,56.223020087910385,56.18987409516927,56.22337699143231,56.24123585921695,56.25544945736647,56.227291859976575,56.2321008198917,56.222218988386935,56.22630609079925,56.23345920200138,,,,,
977,325.319304,55.96383555272121,56.123894278483924,56.11314824055989,56.19822547858062,56.22316797733799,56.18992826440537,56.22352465384789,56.24138335681786,56.25559881163543,56.22744009233736,56.232248739448266,56.22236838828953,56.2264544048171,56.233608314832274,,,,,
978,325.674,55.963451537508206,56.123494046926524,56.112747588498706,56.197824912910484,56.22276153073574,56.18977939112128,56.223118833706394,56.24097799066639,56.25518834403031,56.22703270645656,56.23184221259645,56.22195779341657,56.22604679420412,56.23319850973592,,,,,
979,325.828896,55.96369583165795,56.12374865193014,56.11300246147952,56.198079729493266,56.22302008790924,56.18987409516565,56.22337699142364,56.241235859214896,56.255449457374,56.22729185997486,56.23210081989236,56.22221898839355,56.22630609079869,56.233459202009264,,,,,
980,326.318304,55.963835552721385,56.123894278495825,56.11314824055718,56.19822547858339,56.22316797735438,56.189928264399526,56.223524653847385,56.241383356825615,56.25559881163448,56.227440092344466,56.23224873944288,56.22236838829466,56.22645440480655,56.23360831484573,,,,,
981,326.673,55.963451537513414,56.123494046930674,56.11274758851969,56.197824912938636,56.222761530739135,56.18977939112063,56.223118833706295,56.24097799068008,56.25518834403445,56.227032706438735,56.23184221261465,56.221957793448745,56.226046794205274,56.233198509734265,,,,,
982,326.827896,55.963695831655606,56.123748651926036,56.113002461476825,56.19807972949029,56.223020087908935,56.18987409515988,56.2233769914314,56.241235859214896,56.25544945737161,56.227291859975985,56.232100819894846,56.22221898839703,56.22630609079566,56.233459202007026,,,,,
983,327.317304,55.96383555272297,56.12389427850064,56.11314824055828,56.19822547857937,56.223167977352325,56.18992826439972,56.22352465384927,56.24138335683037,56.25559881163828,56.22744009234159,56.23224873943544,56.222368388294775,56.22645440480888,56.23360831484283,,,,,
984,327.672,55.9634515375175,56.123494046930865,56.11274758851888,56.197824912939055,56.222761530737564,56.18977939112322,56.22311883370849,56.24097799067958,56.25518834403542,56.2270327064385,56.231842212610644,56.22195779344702,56.226046794200016,56.23319850973917,,,,,
985,327.826896,55.96369583165473,56.12374865192423,56.113002461471744,56.19807972949297,56.22302008790767,56.18987409516361,56.22337699142807,56.2412358592153,56.25544945736946,56.22729185997342,56.23210081989838,56.222218988395085,56.226306090798374,56.23345920200198,,,,,
986,328.316304,55.963835552715985,56.12389427848642,56.113148240557926,56.19822547857986,56.22316797733784,56.18992826440799,56.223524653851925,56.24138335681717,56.25559881163779,56.227440092333964,56.2322487394513,56.22236838829231,56.22645440481002,56.23360831483712,,,,,
987,328.671,55.96345153750983,56.12349404693149,56.1127475884999,56.19782491291,56.222761530731844,56.189779391121995,56.22311883370862,56.24097799066141,56.255188344034764,56.22703270645268,56.23184221259368,56.221957793419925,56.2260467941992,56.2331985097361,,,,,
988,328.825896,55.96369583165839,56.12374865193169,56.11300246146896,56.1980797294972,56.22302008790969,56.189874095158686,56.22337699142511,56.241235859218385,56.255449457376194,56.22729185997088,56.232100819895294,56.2222189883974,56.22630609079763,56.23345920200655,,,,,
989,329.315304,55.9638355527197,56.12389427849236,56.113148240554466,56.19822547858217,56.22316797734998,56.18992826440414,56.22352465384809,56.24138335682941,56.25559881163599,56.22744009234631,56.232248739443506,56.222368388299685,56.226454404807775,56.23360831484215,,,,,
990,329.67,55.96345153751059,56.12349404692474,56.112747588525735,56.19782491293698,56.22276153073812,56.18977939112123,56.22311883370722,56.240977990682765,56.25518834403536,56.22703270643342,56.231842212615085,56.22195779345085,56.22604679420544,56.233198509739026,,,,,
991,329.824896,55.9636958316574,56.123748651931486,56.11300246147299,56.19807972949108,56.22302008790831,56.189874095165266,56.22337699143076,56.2412358592151,56.25544945737452,56.227291859975594,56.23210081989437,56.22221898838962,56.22630609080014,56.23345920200174,,,,,
992,330.314304,55.96383555272424,56.123894278490695,56.11314824055878,56.19822547858527,56.22316797733869,56.18992826440907,56.2235246538562,56.24138335681724,56.255598811638684,56.22744009233154,56.23224873944403,56.22236838829002,56.22645440481738,56.23360831483445,,,,,
993,330.669,55.963451537514814,56.12349404692779,56.11274758849744,56.19782491290489,56.22276153073759,56.189779391122215,56.22311883370983,56.24097799066954,56.25518834403054,56.22703270645417,56.23184221259645,56.22195779342358,56.226046794198176,56.23319850973383,,,,,
994,330.823896,55.963695831657574,56.12374865192617,56.11300246147396,56.19807972949382,56.223020087908004,56.189874095160484,56.22337699142852,56.241235859220694,56.255449457377374,56.22729185997285,56.23210081988691,56.2222189883949,56.226306090797216,56.233459202007914,,,,,
995,331.313304,55.96383555271853,56.12389427849524,56.11314824055359,56.1982254785804,56.2231679773534,56.189928264402596,56.22352465384979,56.24138335683067,56.25559881163753,56.22744009234237,56.23224873943984,56.222368388297554,56.22645440480387,56.23360831484504,,,,,
996,331.668,55.96345153751193,56.12349404692669,56.112747588525316,56.197824912933484,56.22276153073891,56.18977939112036,56.223118833702415,56.2409779906811,56.25518834403652,56.22703270643878,56.231842212615035,56.22195779345083,56.22604679420738,56.23319850973877,,,,,
997,331.822896,55.96369583165464,56.123748651935,56.113002461470515,56.198079729494516,56.223020087911145,56.189874095172314,56.22337699142533,56.241235859219366,56.25544945737055,56.227291859979516,56.23210081989197,56.222218988392044,56.22630609079801,56.23345920200417,,,,,
998,332.312304,55.96383555272194,56.12389427848427,56.11314824056212,56.19822547858272,56.22316797733909,56.18992826440766,56.22352465385304,56.24138335681501,56.25559881163891,56.22744009233519,56.23224873944611,56.222368388291514,56.226454404818774,56.23360831483321,,,,,
999,332.667,55.96345153751248,56.123494046924826,56.11274758849425,56.197824912909674,56.22276153074002,56.189779391122,56.22311883371065,56.24097799066298,56.2551883440327,56.22703270645423,56.2318422125973,56.221957793419165,56.22604679419806,56.23319850973683,,,,,
1000,332.821896,55.96369583166152,56.12374865192884,56.11300246147785,56.198079729495994,56.22302008790256,56.18987409516428,56.223376991428104,56.24123585921783,56.25544945737024,56.227291859975246,56.23210081988704,56.22221898839553,56.22630609079716,56.23345920200875,,,,,
1001,333.311304,55.96383555271912,56.12389427849102,56.11314824055714,56.198225478583375,56.223167977348744,56.18992826440503,56.22352465385239,56.24138335683216,56.25559881162952,56.22744009234315,56.23224873943914,56.22236838829304,56.22645440481009,56.233608314844645,,,,,
1002,333.666,55.96345153751385,56.12349404692761,56.11274758852087,56.19782491293588,56.222761530739696,56.189779391125306,56.22311883370955,56.24097799068225,56.255188344032085,56.227032706434514,56.231842212614076,56.22195779345099,56.22604679420177,56.23319850973975,,,,,
1003,333.820896,55.96369583166102,56.123748651928736,56.11300246147422,56.198079729496314,56.22302008790703,56.189874095164456,56.22337699142459,56.241235859215024,56.25544945737444,56.22729185996974,56.232100819896495,56.22221898839385,56.22630609079722,56.23345920200744,,,,,
1004,334.310304,55.963835552720084,56.12389427849409,56.113148240557855,56.19822547858223,56.22316797734914,56.18992826439912,56.22352465384834,56.241383356828386,56.25559881163254,56.2274400923437,56.232248739439804,56.222368388292665,56.226454404807846,56.233608314847416,,,,,
1005,334.665,55.96345153751024,56.123494046928116,56.112747588523085,56.1978249129384,56.222761530735646,56.18977939112561,56.22311883370389,56.240977990677564,56.25518834403481,56.227032706437086,56.231842212608534,56.22195779344704,56.22604679419844,56.233198509737534,,,,,
1006,334.819896,55.96369583165611,56.1237486519273,56.11300246147378,56.198079729494935,56.223020087907784,56.18987409516746,56.223376991432005,56.24123585921499,56.25544945737065,56.22729185997514,56.232100819889176,56.22221898839471,56.22630609080217,56.23345920200471,,,,,
1007,335.309304,55.96383555272364,56.12389427848754,56.11314824056003,56.198225478586224,56.223167977342996,56.18992826440836,56.22352465384935,56.241383356816996,56.25559881164374,56.22744009233384,56.23224873945134,56.22236838828976,56.22645440481631,56.23360831483656,,,,,
1008,335.664,55.963451537514906,56.12349404692927,56.11274758849431,56.1978249129094,56.222761530737024,56.189779391124134,56.223118833702664,56.2409779906651,56.25518834402903,56.227032706452654,56.23184221259767,56.22195779341684,56.22604679420461,56.23319850973278,,,,,
1009,335.818896,55.96369583165923,56.12374865192875,56.11300246147655,56.19807972949024,56.22302008790848,56.18987409516157,56.223376991427806,56.24123585921168,56.25544945737481,56.22729185997159,56.23210081989198,56.22221898839811,56.22630609079899,56.23345920200701,,,,,
1010,336.308304,55.96383555272447,56.12389427849514,56.113148240555795,56.19822547858354,56.223167977350364,56.18992826440226,56.2235246538505,56.24138335682732,56.25559881163454,56.227440092346185,56.23224873944038,56.222368388288935,56.226454404805864,56.233608314848475,,,,,
1011,336.663,55.96345153751023,56.12349404692901,56.11274758852329,56.197824912937236,56.22276153074092,56.18977939112457,56.22311883370764,56.24097799068036,56.255188344034146,56.2270327064403,56.23184221260492,56.22195779344883,56.2260467941992,56.23319850973537,,,,,
1012,336.817896,55.963695831655606,56.12374865192708,56.113002461477144,56.198079729491084,56.22302008791078,56.18987409516741,56.22337699142758,56.241235859216346,56.255449457370794,56.22729185997239,56.232100819890654,56.222218988393266,56.226306090805316,56.233459202005015,,,,,
1013,337.307304,55.9638355527269,56.12389427848451,56.11314824056017,56.19822547858586,56.22316797733885,56.189928264403285,56.223524653846276,56.24138335681547,56.255598811635444,56.227440092332756,56.23224873945255,56.2223683882879,56.226454404819,56.23360831483536,,,,,
1014,337.662,55.96345153750933,56.12349404692363,56.11274758849209,56.197824912905645,56.22276153073378,56.189779391118606,56.223118833706884,56.240977990664604,56.255188344030394,56.22703270645726,56.23184221259815,56.22195779342113,56.226046794199895,56.233198509738415,,,,,
1015,337.816896,55.96369583165207,56.12374865192984,56.11300246147969,56.19807972949266,56.223020087906285,56.189874095160505,56.223376991429674,56.24123585921389,56.255449457372265,56.22729185997392,56.232100819893574,56.22221898839409,56.226306090797465,56.23345920200603,,,,,
1016,338.306304,55.96383555272291,56.12389427849643,56.11314824055659,56.19822547857862,56.22316797734928,56.189928264402404,56.223524653848365,56.241383356827555,56.25559881163338,56.22744009234001,56.23224873944413,56.22236838829623,56.22645440480353,56.233608314844574,,,,,
1017,338.661,55.96345153751654,56.123494046927654,56.11274758852485,56.19782491293156,56.22276153073856,56.18977939112483,56.223118833705165,56.240977990682275,56.25518834403288,56.227032706442785,56.23184221261441,56.22195779344468,56.22604679420388,56.233198509741186,,,,,
1018,338.815896,55.963695831656686,56.12374865192723,56.11300246147579,56.19807972949688,56.22302008791213,56.18987409516243,56.22337699142525,56.24123585921794,56.255449457372414,56.227291859973455,56.232100819885744,56.222218988395326,56.226306090802595,56.23345920200832,,,,,
1019,339.305304,55.96383555272043,56.123894278494326,56.1131482405569,56.19822547858086,56.223167977352794,56.18992826440201,56.223524653850106,56.241383356829225,56.255598811633135,56.22744009234905,56.2322487394389,56.222368388292324,56.226454404806915,56.23360831484323,,,,,
1020,339.66,55.96345153751213,56.123494046923526,56.11274758852574,56.197824912937946,56.22276153074019,56.189779391123956,56.22311883370999,56.24097799067558,56.25518834403634,56.227032706439964,56.23184221260997,56.22195779345002,56.226046794205196,56.23319850973522,,,,,
1021,339.814896,55.96369583165436,56.12374865193331,56.11300246147186,56.19807972949287,56.22302008790915,56.189874095172314,56.223376991429184,56.24123585921661,56.2554494573649,56.227291859980234,56.23210081989452,56.22221898839586,56.22630609079982,56.23345920200285,,,,,
1022,340.304304,55.96383555272464,56.12389427848788,56.1131482405578,56.198225478582316,56.223167977344964,56.18992826441174,56.22352465385041,56.24138335681401,56.25559881163783,56.22744009233247,56.232248739454135,56.22236838828859,56.226454404815186,56.233608314837866,,,,,
1023,340.659,55.96345153751127,56.12349404693068,56.11274758850039,56.197824912907976,56.222761530739184,56.18977939112226,56.22311883370327,56.24097799067078,56.255188344029655,56.22703270645321,56.2318422125955,56.221957793422106,56.226046794201196,56.23319850973808,,,,,
1024,340.813896,55.963695831655976,56.123748651929986,56.11300246147597,56.19807972948975,56.223020087902974,56.18987409515582,56.22337699142844,56.24123585922216,56.255449457369984,56.227291859971686,56.23210081989437,56.222218988390374,56.226306090790025,56.23345920201171,,,,,
1025,341.303304,55.963835552714386,56.12389427850125,56.11314824055292,56.19822547858157,56.2231679773534,56.18992826440034,56.22352465384514,56.24138335682576,56.255598811635956,56.227440092347585,56.2322487394386,56.22236838829227,56.22645440481013,56.2336083148475,,,,,
1026,341.658,55.963451537513784,56.12349404692097,56.11274758852179,56.19782491293203,56.22276153073573,56.189779391124745,56.22311883370946,56.240977990679355,56.25518834403002,56.227032706442074,56.23184221261272,56.221957793447,56.22604679420364,56.23319850973415,,,,,
1027,341.812896,55.963695831656445,56.12374865192692,56.11300246147378,56.19807972949667,56.223020087912026,56.18987409516612,56.22337699142953,56.24123585921445,56.25544945736046,56.22729185997221,56.23210081989545,56.222218988395056,56.22630609079877,56.23345920200444,,,,,
1028,342.302304,55.96383555272645,56.12389427848351,56.113148240560186,56.19822547857879,56.223167977342435,56.189928264409694,56.22352465384775,56.24138335681855,56.25559881163977,56.22744009233583,56.23224873945206,56.22236838828966,56.22645440481731,56.23360831482985,,,,,
1029,342.657,55.96345153751191,56.1234940469283,56.112747588497456,56.197824912910505,56.2227615307375,56.18977939112108,56.22311883370666,56.24097799066574,56.25518834403385,56.227032706452306,56.23184221259561,56.221957793422966,56.22604679420324,56.2331985097355,,,,,
1030,342.811896,55.963695831654945,56.123748651925695,56.11300246147657,56.19807972949094,56.22302008790356,56.18987409516551,56.22337699142344,56.24123585921346,56.25544945737335,56.22729185998065,56.23210081989122,56.22221898839426,56.22630609079848,56.2334592020054,,,,,
1031,343.301304,55.96383555272249,56.12389427849529,56.11314824055234,56.1982254785763,56.22316797734863,56.189928264398,56.22352465384651,56.24138335682946,56.255598811631344,56.227440092346356,56.23224873943555,56.22236838829592,56.226454404806034,56.233608314845874,,,,,
1032,343.656,55.963451537515766,56.12349404692929,56.11274758852279,56.197824912934635,56.222761530740826,56.18977939112219,56.223118833709734,56.24097799067903,56.25518834402844,56.227032706435075,56.231842212608505,56.221957793446364,56.22604679420493,56.23319850973388,,,,,
1033,343.810896,55.9636958316566,56.12374865193098,56.11300246146977,56.198079729496676,56.22302008791126,56.189874095168726,56.22337699143066,56.24123585921528,56.2554494573689,56.22729185997439,56.2321008198918,56.222218988394026,56.226306090796086,56.23345920200279,,,,,
1034,344.300304,55.96383555272517,56.123894278488024,56.11314824056079,56.19822547858275,56.223167977343444,56.189928264409374,56.223524653852586,56.24138335681706,56.25559881163861,56.227440092335286,56.23224873944606,56.222368388290796,56.22645440481389,56.233608314835884,,,,,
1035,344.655,55.96345153751616,56.12349404692933,56.11274758849768,56.19782491290933,56.222761530735475,56.18977939112498,56.223118833703595,56.24097799066946,56.25518834402983,56.22703270645347,56.231842212596106,56.221957793416266,56.22604679420288,56.23319850973407,,,,,
1036,344.809896,55.963695831658015,56.12374865193112,56.11300246147621,56.198079729487056,56.223020087906534,56.18987409516113,56.22337699142615,56.241235859211415,56.25544945737225,56.22729185997602,56.23210081989052,56.22221898839242,56.226306090799675,56.23345920200353,,,,,
1037,345.299304,55.963835552719566,56.12389427849993,56.1131482405548,56.19822547857945,56.22316797735069,56.1899282644041,56.22352465384818,56.24138335682935,56.25559881163015,56.22744009234478,56.23224873943907,56.22236838829428,56.22645440480236,56.23360831484547,,,,,
1038,345.654,55.963451537512256,56.123494046928684,56.11274758852217,56.197824912938394,56.22276153073477,56.18977939112275,56.22311883370698,56.24097799067921,56.255188344032284,56.227032706441896,56.23184221261343,56.221957793452155,56.22604679420455,56.23319850973677,,,,,
1039,345.808896,55.96369583165656,56.1237486519334,56.11300246147403,56.198079729487134,56.22302008790915,56.189874095164264,56.22337699142823,56.2412358592192,56.25544945736918,56.22729185997538,56.232100819891905,56.22221898839552,56.2263060907979,56.23345920200991,,,,,
1040,346.298304,55.963835552719104,56.123894278492514,56.11314824055713,56.198225478580206,56.22316797734835,56.18992826440269,56.22352465384694,56.24138335683525,56.2555988116361,56.22744009234645,56.232248739437445,56.22236838829673,56.22645440480198,56.23360831484866,,,,,
1041,346.653,55.96345153751074,56.12349404692531,56.11274758852611,56.19782491293948,56.22276153073648,56.18977939111957,56.223118833706735,56.24097799068151,56.255188344034906,56.22703270644047,56.23184221260899,56.22195779344659,56.226046794202624,56.23319850973465,,,,,
1042,346.807896,55.9636958316574,56.123748651924856,56.11300246147006,56.198079729495674,56.2230200879078,56.18987409517057,56.223376991429156,56.24123585921597,56.25544945736787,56.227291859975246,56.232100819892416,56.2222189883918,56.22630609079692,56.23345920200564,,,,,
1043,347.297304,55.96383555272344,56.123894278487185,56.11314824055754,56.19822547858428,56.2231679773402,56.189928264408344,56.22352465385244,56.241383356816996,56.25559881164116,56.227440092337275,56.23224873945585,56.22236838829118,56.22645440481293,56.233608314833965,,,,,
1044,347.652,55.96345153751399,56.123494046924904,56.11274758849748,56.19782491290727,56.22276153073682,56.189779391123395,56.22311883370727,56.2409779906687,56.25518834403506,56.22703270645421,56.2318422125948,56.2219577934184,56.22604679420269,56.23319850973089,,,,,
1045,347.806896,55.96369583165618,56.12374865192879,56.113002461474615,56.19807972949828,56.223020087906185,56.18987409516195,56.223376991424665,56.24123585921763,56.25544945737151,56.22729185997341,56.23210081988972,56.22221898839801,56.22630609079366,56.23345920200185,,,,,
1046,348.296304,55.963835552716574,56.12389427849972,56.11314824055007,56.19822547858246,56.22316797735346,56.18992826440166,56.2235246538508,56.24138335683046,56.25559881163509,56.22744009234535,56.23224873943633,56.222368388293646,56.22645440480906,56.233608314844865,,,,,
1047,348.651,55.9634515375088,56.123494046926645,56.112747588525124,56.19782491293798,56.22276153073822,56.18977939112373,56.22311883370655,56.2409779906829,56.2551883440323,56.22703270643722,56.231842212609706,56.22195779344773,56.226046794202716,56.23319850973246,,,,,
1048,348.805896,55.96369583165426,56.123748651930505,56.11300246147527,56.198079729491816,56.2230200879096,56.18987409517098,56.22337699142968,56.2412358592153,56.25544945736853,56.227291859970954,56.232100819893134,56.22221898838803,56.226306090799746,56.23345920200421,,,,,
1049,349.295304,55.96383555272058,56.12389427848388,56.113148240563945,56.1982254785874,56.22316797733918,56.1899282644091,56.223524653852174,56.241383356821196,56.25559881163945,56.22744009233572,56.23224873945117,56.22236838828953,56.22645440482005,56.233608314831834,,,,,
1050,349.65,55.963451537511006,56.123494046924414,56.112747588497044,56.19782491290742,56.222761530738744,56.18977939112213,56.223118833707595,56.24097799066757,56.25518834403429,56.227032706452,56.231842212596426,56.221957793416635,56.2260467942061,56.233198509735885,,,,,
1051,349.804896,55.96369583165667,56.12374865192989,56.11300246147568,56.19807972949477,56.223020087905894,56.18987409516315,56.22337699142497,56.24123585921407,56.25544945737635,56.2272918599711,56.2321008198935,56.22221898839654,56.2263060907926,56.23345920201048,,,,,
1052,350.294304,55.96383555271791,56.12389427849612,56.113148240554374,56.19822547857747,56.22316797734914,56.18992826440567,56.223524653851264,56.24138335683046,56.25559881163535,56.22744009234422,56.232248739443776,56.22236838828757,56.22645440480528,56.233608314845455,,,,,
1053,350.649,55.96345153751033,56.123494046930304,56.11274758852154,56.19782491293581,56.222761530739646,56.189779391125704,56.22311883370703,56.24097799067928,56.25518834402956,56.2270327064417,56.231842212609116,56.22195779345159,56.22604679420624,56.233198509733086,,,,,
1054,350.803896,55.96369583165305,56.12374865193158,56.1130024614736,56.19807972949269,56.22302008791215,56.18987409515985,56.223376991425035,56.24123585921757,56.255449457373366,56.22729185997195,56.23210081989305,56.222218988390075,56.22630609079403,56.23345920200575,,,,,
1055,351.293304,55.963835552720454,56.123894278495726,56.11314824055686,56.19822547857784,56.223167977352524,56.189928264402596,56.223524653847406,56.24138335682696,56.25559881163539,56.22744009234037,56.23224873943715,56.22236838829305,56.22645440480573,56.23360831484866,,,,,
1056,351.648,55.963451537508625,56.12349404693145,56.1127475885234,56.19782491293746,56.222761530736406,56.189779391121746,56.22311883370776,56.24097799068394,56.255188344028866,56.227032706443666,56.23184221261125,56.22195779344702,56.226046794205104,56.233198509737086,,,,,
1057,351.802896,55.96369583165699,56.123748651930434,56.11300246147112,56.19807972949228,56.223020087909816,56.18987409516679,56.223376991430534,56.24123585921521,56.25544945736866,56.227291859973825,56.23210081989577,56.222218988390054,56.2263060908003,56.23345920200656,,,,,
1058,352.292304,55.96383555272474,56.123894278483185,56.11314824056056,56.19822547858536,56.2231679773418,56.18992826440396,56.223524653853126,56.24138335681673,56.25559881163507,56.227440092334675,56.23224873944759,56.22236838829221,56.2264544048177,56.23360831483379,,,,,
1059,352.647,55.96345153751565,56.12349404692275,56.112747588497236,56.1978249129076,56.22276153074004,56.1897793911243,56.22311883371002,56.24097799066052,56.25518834403565,56.22703270645742,56.23184221259756,56.22195779341743,56.22604679419996,56.233198509735466,,,,,
1060,352.801896,55.96369583165787,56.12374865192642,56.11300246147479,56.19807972949295,56.22302008790332,56.189874095161166,56.22337699142299,56.241235859212715,56.25544945737267,56.227291859975885,56.23210081989013,56.22221898839804,56.226306090791795,56.233459202007715,,,,,
1061,353.291304,55.96383555271576,56.123894278496444,56.1131482405574,56.19822547857908,56.22316797735052,56.18992826440117,56.22352465384854,56.24138335682509,56.255598811629596,56.22744009234203,56.23224873943856,56.22236838829406,56.22645440480773,56.233608314845306,,,,,
1062,353.646,55.96345153751362,56.12349404692646,56.11274758852222,56.19782491293754,56.22276153074197,56.189779391121164,56.223118833708284,56.24097799067897,56.255188344028255,56.22703270643786,56.23184221260875,56.2219577934481,56.226046794206376,56.23319850973723,,,,,
1063,353.800896,55.9636958316561,56.12374865193025,56.11300246146924,56.19807972948984,56.2230200879115,56.189874095168534,56.22337699142695,56.24123585921892,56.25544945736464,56.22729185997514,56.23210081989885,56.2222189883904,56.2263060908047,56.2334592020056,,,,,
1064,354.290304,55.96383555271958,56.123894278488734,56.113148240560655,56.19822547858348,56.22316797733957,56.189928264403974,56.22352465385239,56.24138335682192,56.255598811635444,56.22744009233371,56.232248739456914,56.22236838829071,56.226454404820416,56.23360831483081,,,,,
1065,354.645,55.96345153751737,56.12349404692948,56.11274758850147,56.19782491290729,56.22276153073915,56.189779391122826,56.22311883370768,56.24097799066794,56.255188344032945,56.227032706454686,56.23184221259281,56.22195779342033,56.22604679420771,56.233198509737164,,,,,
1066,354.799896,55.96369583165706,56.123748651927194,56.11300246147984,56.198079729494204,56.223020087907756,56.18987409516252,56.223376991430655,56.241235859216445,56.25544945737177,56.2272918599782,56.23210081989201,56.222218988396264,56.22630609079715,56.23345920200778,,,,,
1067,355.289304,55.963835552721264,56.12389427849917,56.11314824055723,56.198225478581335,56.22316797735133,56.189928264400905,56.22352465384974,56.241383356835485,56.25559881163295,56.22744009234569,56.23224873943952,56.22236838829395,56.226454404804855,56.23360831484189,,,,,
1068,355.644,55.96345153751588,56.12349404693142,56.11274758852756,56.19782491293074,56.22276153074039,56.18977939112445,56.22311883370738,56.24097799068067,56.25518834403239,56.227032706440326,56.23184221261071,56.221957793452376,56.22604679420178,56.23319850973675,,,,,
1069,355.798896,55.96369583165503,56.12374865192712,56.11300246147272,56.198079729493045,56.22302008790974,56.189874095165436,56.22337699142697,56.24123585920904,56.25544945737292,56.22729185997194,56.232100819895344,56.222218988393195,56.22630609080058,56.233459202002656,,,,,
1070,356.288304,55.96383555272398,56.12389427848674,56.11314824056228,56.19822547858605,56.2231679773386,56.189928264407314,56.22352465385002,56.24138335681538,56.25559881164161,56.22744009233063,56.23224873945364,56.222368388292644,56.22645440481657,56.233608314838364,,,,,
1071,356.643,55.96345153751194,56.123494046929885,56.11274758849828,56.19782491290973,56.22276153073932,56.18977939112792,56.22311883371193,56.24097799066772,56.25518834403251,56.22703270645471,56.23184221259721,56.2219577934189,56.226046794204386,56.23319850973984,,,,,
1072,356.797896,55.963695831656985,56.123748651929965,56.11300246147588,56.198079729495966,56.22302008790411,56.18987409516194,56.22337699142958,56.24123585921501,56.25544945737243,56.22729185997244,56.23210081989497,56.222218988398254,56.2263060907985,56.23345920200434,,,,,
1073,357.287304,55.96383555272072,56.123894278500494,56.11314824056015,56.198225478578756,56.22316797735106,56.18992826440552,56.22352465385152,56.24138335683332,56.255598811634385,56.22744009234567,56.23224873944323,56.22236838829654,56.226454404805565,56.23360831484552,,,,,
1074,357.642,55.96345153751536,56.123494046929146,56.11274758852538,56.1978249129384,56.22276153073905,56.18977939112497,56.223118833708725,56.24097799068053,56.25518834402929,56.227032706438116,56.2318422126108,56.22195779344634,56.226046794208784,56.23319850973993,,,,,
1075,357.796896,55.96369583165971,56.12374865193284,56.11300246147379,56.19807972949023,56.223020087904175,56.18987409515966,56.223376991424374,56.24123585921638,56.2554494573789,56.227291859975594,56.23210081989266,56.22221898839661,56.226306090798,56.23345920201013,,,,,
1076,358.286304,55.9638355527221,56.1238942784983,56.1131482405544,56.19822547857627,56.22316797735197,56.18992826440358,56.22352465384568,56.24138335682912,56.25559881162974,56.227440092346605,56.23224873944142,56.222368388299564,56.226454404807306,56.23360831484146,,,,,
1077,358.641,55.96345153751129,56.123494046930006,56.11274758852313,56.19782491293332,56.22276153073565,56.18977939112174,56.223118833705875,56.240977990681046,56.25518834403333,56.22703270644146,56.23184221261152,56.22195779344265,56.22604679420203,56.23319850973549,,,,,
1078,358.795896,55.96369583166085,56.123748651931066,56.113002461473954,56.198079729497465,56.223020087911124,56.18987409517106,56.22337699143107,56.24123585921257,56.25544945736962,56.227291859976376,56.23210081989234,56.22221898838957,56.22630609079208,56.233459202001214,,,,,
1079,359.285304,55.963835552725655,56.12389427848623,56.11314824055892,56.19822547858143,56.22316797733964,56.1899282644095,56.22352465385253,56.24138335681701,56.25559881163447,56.22744009233348,56.232248739451464,56.22236838829129,56.226454404817126,56.23360831483154,,,,,
1080,359.64,55.96345153750733,56.123494046929714,56.11274758849328,56.197824912910896,56.22276153073781,56.18977939111967,56.22311883371046,56.24097799066941,56.25518834403046,56.2270327064539,56.23184221259704,56.22195779341765,56.22604679420736,56.23319850973934,,,,,
1081,359.794896,55.96369583165854,56.123748651928736,56.113002461473876,56.19807972949054,56.22302008790987,56.18987409516598,56.22337699142454,56.24123585921259,56.25544945736829,56.22729185997698,56.232100819892445,56.22221898839242,56.22630609079206,56.233459202003225,,,,,
1082,360.284304,55.963835552720916,56.12389427849731,56.11314824055896,56.19822547857493,56.22316797735098,56.189928264398525,56.22352465384714,56.24138335682839,56.25559881163467,56.2274400923508,56.23224873943976,56.22236838829428,56.226454404805516,56.233608314844375,,,,,
1083,360.639,55.96345153751425,56.123494046926865,56.1127475885265,56.19782491293507,56.22276153073701,56.189779391120624,56.22311883370552,56.24097799068212,56.25518834403188,56.22703270643965,56.231842212610076,56.22195779344658,56.22604679420846,56.23319850973646,,,,,
1084,360.793896,55.96369583165442,56.12374865192946,56.11300246146839,56.19807972949298,56.223020087906455,56.1898740951701,56.223376991430705,56.241235859219884,56.255449457369096,56.22729185996807,56.23210081989889,56.22221898839249,56.22630609080127,56.233459202003274,,,,,
1085,361.283304,55.96383555272249,56.12389427848927,56.11314824055567,56.198225478581406,56.22316797733678,56.189928264405275,56.223524653849,56.2413833568201,56.25559881163481,56.22744009233348,56.23224873944736,56.22236838829182,56.226454404814916,56.23360831483583,,,,,
1086,361.638,55.96345153751391,56.123494046927675,56.11274758849641,56.19782491291153,56.222761530738836,56.189779391120815,56.22311883370661,56.24097799066066,56.255188344032646,56.22703270645081,56.231842212597805,56.221957793417836,56.22604679420594,56.23319850974067,,,,,
1087,361.792896,55.96369583165823,56.12374865192842,56.113002461477585,56.19807972950044,56.22302008790583,56.189874095160874,56.22337699142882,56.24123585921646,56.25544945737134,56.227291859971814,56.23210081988803,56.222218988394154,56.22630609079467,56.23345920200606,,,,,
1088,362.282304,55.96383555272286,56.12389427849829,56.11314824055322,56.198225478577086,56.22316797734848,56.18992826439591,56.22352465384266,56.24138335683076,56.255598811631664,56.22744009234199,56.23224873944212,56.22236838829406,56.226454404804684,56.23360831484473,,,,,
1089,362.637,55.963451537514885,56.12349404692516,56.11274758852209,56.19782491294058,56.222761530737365,56.189779391122485,56.223118833707694,56.24097799067888,56.25518834403611,56.22703270644156,56.23184221261393,56.22195779344498,56.22604679420591,56.233198509739,,,,,
1090,362.791896,55.96369583166172,56.123748651928544,56.11300246147341,56.19807972948956,56.22302008790612,56.18987409516856,56.22337699142749,56.24123585921533,56.2554494573741,56.22729185997177,56.232100819889254,56.22221898839659,56.22630609079746,56.233459202006415,,,,,
1091,363.281304,55.96383555272012,56.123894278502384,56.11314824055335,56.198225478583,56.22316797735046,56.18992826439931,56.22352465384817,56.24138335682544,56.25559881163414,56.227440092346505,56.23224873943912,56.22236838829159,56.2264544048076,56.233608314845874,,,,,
1092,363.636,55.963451537510544,56.12349404692875,56.112747588527,56.19782491293857,56.2227615307374,56.18977939112369,56.223118833709904,56.24097799068239,56.255188344027125,56.227032706439076,56.23184221260792,56.22195779344797,56.226046794203384,56.23319850973024,,,,,
1093,363.790896,55.96369583165833,56.123748651930505,56.11300246147322,56.19807972949208,56.22302008790598,56.189874095165585,56.22337699142899,56.24123585921282,56.255449457367845,56.22729185997509,56.23210081989151,56.22221898838866,56.22630609080099,56.23345920200346,,,,,
1094,364.280304,55.963835552723666,56.12389427848801,56.1131482405578,56.19822547858374,56.22316797734002,56.189928264402674,56.223524653852635,56.241383356820045,56.255598811631685,56.22744009233219,56.232248739450554,56.22236838829384,56.22645440481696,56.233608314834655,,,,,
1095,364.635,55.96345153751425,56.12349404693273,56.11274758849528,56.19782491290918,56.222761530741195,56.18977939112355,56.22311883370653,56.24097799066725,56.25518834403179,56.22703270645049,56.231842212599425,56.22195779341683,56.22604679420698,56.23319850973278,,,,,
1096,364.789896,55.9636958316564,56.12374865192867,56.11300246147516,56.198079729495404,56.22302008790476,56.189874095162075,56.22337699142721,56.24123585921756,56.25544945736994,56.22729185997578,56.232100819887016,56.22221898839912,56.22630609079259,56.23345920200919,,,,,
1097,365.279304,55.96383555272154,56.123894278495726,56.11314824055555,56.19822547857774,56.22316797735239,56.1899282644024,56.22352465384846,56.24138335682735,56.25559881163392,56.22744009234203,56.23224873943773,56.22236838829574,56.226454404808315,56.23360831484676,,,,,
1098,365.634,55.96345153751146,56.12349404692955,56.11274758852581,56.19782491293819,56.22276153073649,56.18977939112565,56.22311883370959,56.24097799068073,56.25518834402928,56.22703270643793,56.23184221261319,56.22195779345111,56.22604679420419,56.233198509738315,,,,,
1099,365.788896,55.96369583165703,56.123748651924636,56.11300246147174,56.19807972949254,56.22302008791144,56.189874095170794,56.22337699142571,56.241235859213745,56.25544945736662,56.22729185997251,56.23210081989316,56.22221898838614,56.226306090798154,56.23345920200228,,,,,
1100,366.278304,55.96383555272487,56.12389427848338,56.113148240558644,56.19822547858705,56.22316797734208,56.18992826440744,56.22352465385094,56.241383356817686,56.255598811636716,56.22744009233686,56.23224873945225,56.222368388288224,56.22645440481435,56.23360831483294,,,,,
1101,366.633,55.96345153751462,56.12349404692637,56.11274758849402,56.19782491291063,56.22276153074225,56.18977939112026,56.22311883370568,56.24097799066584,56.255188344032305,56.227032706456505,56.231842212597336,56.22195779342393,56.2260467942025,56.23319850974078,,,,,
1102,366.787896,55.96369583165691,56.12374865192972,56.113002461478274,56.19807972949447,56.22302008790379,56.18987409516128,56.22337699143309,56.24123585921852,56.255449457372954,56.227291859975516,56.232100819890626,56.22221898840034,56.226306090798374,56.23345920200326,,,,,
1103,367.277304,55.96383555272013,56.123894278503606,56.11314824056229,56.19822547858105,56.22316797734976,56.189928264404664,56.22352465384552,56.24138335683011,56.255598811633114,56.227440092349816,56.23224873944419,56.22236838828838,56.226454404808614,56.23360831484832,,,,,
1104,367.632,55.96345153751184,56.12349404692659,56.11274758852379,56.1978249129333,56.22276153073915,56.18977939112017,56.22311883370335,56.24097799068318,56.25518834403317,56.22703270643793,56.23184221260995,56.22195779344642,56.22604679420509,56.23319850973394,,,,,
1105,367.786896,55.963695831656445,56.12374865192396,56.11300246147461,56.198079729493195,56.223020087907244,56.18987409516889,56.223376991428744,56.24123585921252,56.25544945736685,56.22729185997685,56.23210081989546,56.222218988391994,56.226306090794786,56.233459202004454,,,,,
1106,368.276304,55.963835552720276,56.12389427848728,56.11314824056153,56.19822547858533,56.22316797733672,56.18992826440757,56.22352465384921,56.24138335681561,56.25559881163611,56.22744009233317,56.232248739449496,56.22236838829323,56.226454404815804,56.23360831483247,,,,,
1107,368.631,55.96345153751389,56.123494046929636,56.112747588498934,56.197824912906,56.222761530740904,56.189779391121746,56.22311883370518,56.240977990666394,56.255188344032085,56.2270327064589,56.23184221259765,56.22195779341713,56.22604679420699,56.23319850973963,,,,,
1108,368.785896,55.963695831658015,56.12374865192942,56.11300246147788,56.19807972949041,56.22302008790799,56.189874095160185,56.22337699142629,56.24123585921327,56.25544945737002,56.227291859972695,56.23210081989064,56.22221898839653,56.2263060907983,56.233459202005754,,,,,
1109,369.275304,55.9638355527198,56.12389427849595,56.11314824055476,56.19822547858354,56.22316797734987,56.18992826440117,56.22352465384805,56.24138335682429,56.255598811636105,56.22744009234341,56.2322487394416,56.22236838828878,56.22645440480006,56.23360831484671,,,,,
1110,369.63,55.963451537510984,56.12349404692411,56.112747588525366,56.19782491293783,56.22276153074029,56.18977939112167,56.22311883370678,56.24097799068168,56.255188344034416,56.22703270644012,56.23184221261119,56.22195779344953,56.22604679420428,56.2331985097381,,,,,
1111,369.784896,55.9636958316553,56.123748651931656,56.11300246147349,56.198079729494125,56.22302008790676,56.18987409516191,56.22337699142419,56.24123585921405,56.255449457376194,56.22729185997198,56.23210081989183,56.22221898839413,56.226306090797905,56.233459202009335,,,,,
1112,370.274304,55.96383555271807,56.12389427849741,56.11314824055254,56.198225478575694,56.22316797735409,56.18992826440185,56.223524653851,56.24138335683139,56.25559881163387,56.227440092343684,56.23224873944323,56.22236838829333,56.22645440480548,56.23360831484224,,,,,
1113,370.629,55.96345153751714,56.123494046926474,56.11274758852217,56.19782491293537,56.22276153073655,56.18977939111629,56.223118833708206,56.240977990679035,56.25518834403286,56.22703270644152,56.23184221260839,56.22195779344635,56.22604679420606,56.233198509735644,,,,,
1114,370.783896,55.9636958316567,56.123748651928345,56.113002461472796,56.19807972949562,56.22302008790959,56.18987409517034,56.22337699142597,56.241235859217085,56.25544945736529,56.22729185997619,56.23210081989338,56.222218988394275,56.226306090799206,56.23345920200257,,,,,
1115,371.273304,55.96383555272489,56.123894278487086,56.11314824055759,56.19822547858172,56.22316797733772,56.18992826441023,56.223524653851555,56.24138335681899,56.25559881163504,56.22744009233544,56.23224873945341,56.222368388287755,56.22645440481978,56.23360831483495,,,,,
1116,371.628,55.9634515375168,56.12349404692844,56.112747588495914,56.19782491290831,56.22276153074041,56.1897793911202,56.22311883370306,56.24097799066402,56.255188344032725,56.227032706455006,56.23184221259836,56.221957793420934,56.22604679420362,56.23319850974274,,,,,
1117,371.782896,55.96369583165742,56.12374865193065,56.11300246147186,56.19807972949152,56.22302008790316,56.189874095158004,56.2233769914295,56.241235859216886,56.255449457374894,56.22729185997357,56.232100819897106,56.222218988390665,56.226306090799795,56.23345920200196,,,,,
1118,372.272304,55.963835552720134,56.12389427850125,56.11314824055381,56.19822547858241,56.22316797735435,56.189928264404685,56.223524653844805,56.2413833568264,56.25559881162925,56.227440092342114,56.23224873944004,56.222368388293496,56.22645440480892,56.233608314838456,,,,,
1119,372.627,55.96345153751321,56.12349404693087,56.112747588524165,56.197824912940476,56.222761530742204,56.18977939112086,56.22311883370858,56.24097799068155,56.255188344030124,56.2270327064425,56.23184221260761,56.22195779344468,56.22604679420503,56.23319850973802,,,,,
1120,372.781896,55.96369583165451,56.123748651927464,56.11300246146829,56.198079729494005,56.22302008790796,56.18987409517045,56.22337699143082,56.241235859216566,56.25544945736676,56.22729185997836,56.232100819898584,56.22221898839024,56.226306090798396,56.23345920200026,,,,,
1121,373.271304,55.96383555272257,56.123894278488365,56.113148240557436,56.19822547858555,56.223167977341106,56.189928264407136,56.223524653854234,56.241383356819114,56.25559881163455,56.22744009233485,56.23224873944777,56.22236838829163,56.226454404811946,56.233608314833496,,,,,
1122,373.626,55.96345153750841,56.12349404692955,56.11274758849558,56.19782491290864,56.22276153074055,56.18977939112256,56.22311883370847,56.24097799066413,56.25518834403442,56.22703270645232,56.231842212599425,56.22195779341894,56.22604679420458,56.233198509736866,,,,,
1123,373.780896,55.963695831654555,56.123748651929816,56.11300246148008,56.19807972949514,56.22302008790936,56.18987409516319,56.22337699142831,56.241235859218236,56.25544945737915,56.227291859975246,56.23210081989102,56.22221898839216,56.22630609079399,56.23345920200821,,,,,
1124,374.270304,55.9638355527193,56.123894278497126,56.11314824055957,56.19822547857607,56.22316797734996,56.18992826440765,56.22352465385091,56.24138335682668,56.255598811631536,56.22744009235043,56.23224873944349,56.22236838829323,56.22645440480528,56.23360831484343,,,,,
1125,374.625,55.96345153751658,56.123494046924236,56.112747588521735,56.197824912937655,56.22276153073909,56.18977939111953,56.22311883370447,56.24097799067739,56.25518834403239,56.227032706437456,56.2318422126095,56.22195779344659,56.22604679420221,56.23319850973905,,,,,
1126,374.779896,55.96369583165372,56.12374865192877,56.11300246147487,56.19807972949231,56.223020087910236,56.18987409516426,56.22337699142791,56.24123585921613,56.25544945737225,56.22729185997315,56.232100819887634,56.22221898839815,56.226306090797294,56.233459202005946,,,,,
1127,375.269304,55.96383555272169,56.123894278491825,56.11314824055825,56.19822547858068,56.223167977354244,56.18992826440177,56.223524653841196,56.24138335682823,56.25559881163175,56.227440092345,56.23224873944075,56.2223683882917,56.226454404804656,56.233608314845505,,,,,
1128,375.624,55.9634515375135,56.12349404692483,56.11274758852314,56.1978249129412,56.22276153073543,56.18977939112492,56.22311883370697,56.2409779906848,56.25518834402969,56.22703270643886,56.23184221261018,56.221957793447544,56.226046794201835,56.23319850974093,,,,,
1129,375.778896,55.9636958316574,56.12374865192812,56.113002461471055,56.19807972949306,56.22302008791164,56.18987409516513,56.22337699143229,56.24123585921378,56.2554494573752,56.227291859971466,56.23210081989836,56.22221898839014,56.22630609079492,56.23345920199905,,,,,
1130,376.268304,55.96383555272669,56.12389427848672,56.1131482405633,56.198225478586494,56.2231679773422,56.18992826440661,56.22352465385272,56.24138335681899,56.25559881163213,56.22744009233412,56.23224873945034,56.222368388289865,56.22645440481301,56.233608314838165,,,,,
1131,376.623,55.963451537512796,56.12349404692799,56.11274758849341,56.1978249129095,56.22276153073412,56.18977939112275,56.22311883370489,56.24097799066865,56.25518834402816,56.22703270645322,56.23184221259479,56.221957793420906,56.22604679420742,56.23319850973536,,,,,
1132,376.777896,55.96369583165797,56.123748651928956,56.11300246147526,56.198079729490104,56.223020087906,56.18987409516788,56.22337699142333,56.24123585921618,56.25544945737235,56.227291859973164,56.23210081989327,56.22221898839456,56.22630609079522,56.23345920200757,,,,,
1133,377.267304,55.96383555272148,56.12389427849876,56.11314824055503,56.198225478579964,56.22316797735028,56.18992826440645,56.22352465384652,56.2413833568282,56.25559881163543,56.22744009234769,56.23224873944007,56.22236838829637,56.226454404806915,56.23360831485151,,,,,
1134,377.622,55.96345153751232,56.12349404692826,56.11274758852573,56.19782491293397,56.22276153073817,56.1897793911218,56.22311883370665,56.24097799068225,56.25518834403234,56.22703270643911,56.23184221261193,56.22195779344759,56.22604679420624,56.23319850974055,,,,,
1135,377.776896,55.96369583165395,56.123748651927386,56.11300246147233,56.19807972949287,56.22302008790455,56.18987409516879,56.22337699142829,56.241235859221355,56.25544945737255,56.22729185997644,56.23210081989499,56.222218988392044,56.22630609079993,56.233459202004106,,,,,
1136,378.266304,55.96383555272202,56.123894278489,56.11314824056008,56.19822547858444,56.223167977342214,56.18992826440746,56.22352465384818,56.241383356819185,56.255598811636624,56.227440092333495,56.232248739449766,56.22236838828923,56.226454404811506,56.233608314840296,,,,,
1137,378.621,55.963451537511325,56.12349404692745,56.112747588495886,56.19782491290965,56.22276153073658,56.18977939112736,56.22311883370688,56.2409779906637,56.25518834402989,56.2270327064542,56.23184221259648,56.22195779341926,56.226046794198176,56.233198509735274,,,,,
1138,378.775896,55.963695831660246,56.12374865192988,56.11300246147772,56.19807972949476,56.2230200879075,56.18987409515914,56.2233769914293,56.24123585921141,56.25544945737169,56.22729185997337,56.232100819890476,56.22221898839194,56.22630609079772,56.23345920200175,,,,,
1139,379.265304,55.96383555271954,56.12389427849551,56.11314824055684,56.198225478580206,56.22316797734977,56.18992826440273,56.22352465384662,56.2413833568308,56.25559881163538,56.22744009234237,56.232248739440784,56.22236838829406,56.22645440480444,56.233608314844766,,,,,
1140,379.62,55.963451537514075,56.12349404692682,56.112747588521046,56.19782491293798,56.22276153074015,56.18977939111979,56.22311883370627,56.24097799068209,56.25518834403536,56.2270327064417,56.2318422126079,56.22195779344655,56.22604679420169,56.233198509739104,,,,,
1141,379.774896,55.9636958316549,56.1237486519258,56.11300246147719,56.19807972948706,56.22302008790969,56.18987409516673,56.22337699142348,56.24123585922113,56.255449457375846,56.22729185997719,56.232100819894406,56.22221898839917,56.22630609079652,56.233459202008326,,,,,
1142,380.264304,55.96383555271964,56.123894278498184,56.11314824055472,56.19822547858471,56.223167977348496,56.18992826440417,56.2235246538499,56.24138335683332,56.25559881163332,56.22744009234735,56.23224873944051,56.22236838829544,56.22645440480508,56.233608314847686,,,,,
1143,380.619,55.963451537510274,56.12349404692955,56.11274758852274,56.197824912936944,56.222761530735845,56.189779391127594,56.22311883370528,56.24097799068151,56.2551883440344,56.22703270643756,56.231842212613756,56.22195779344604,56.2260467942013,56.23319850973473,,,,,
1144,380.773896,55.96369583165697,56.12374865193171,56.11300246147111,56.1980797294889,56.22302008791192,56.18987409516976,56.22337699143163,56.24123585921755,56.25544945736954,56.227291859973434,56.23210081989609,56.2222189883907,56.22630609079799,56.233459202002486,,,,,
1145,381.263304,55.963835552721385,56.12389427848833,56.11314824055838,56.19822547858376,56.223167977340196,56.18992826440578,56.22352465385328,56.24138335681336,56.25559881163991,56.22744009233788,56.23224873945103,56.22236838829044,56.22645440481323,56.233608314839714,,,,,
1146,381.618,55.96345153751175,56.123494046926595,56.11274758850259,56.1978249129062,56.22276153073659,56.18977939111775,56.22311883370869,56.24097799066706,56.25518834403421,56.227032706459575,56.231842212596966,56.22195779341892,56.226046794204834,56.23319850973398,,,,,
1147,381.772896,55.96369583165571,56.12374865192694,56.113002461477556,56.19807972949289,56.22302008790499,56.18987409516298,56.22337699142646,56.24123585921837,56.25544945737498,56.22729185997194,56.23210081989539,56.222218988393266,56.226306090795475,56.23345920200703,,,,,
1148,382.262304,55.96383555271934,56.12389427849989,56.11314824055322,56.19822547857692,56.2231679773514,56.18992826440556,56.22352465384771,56.24138335683229,56.25559881163459,56.22744009234648,56.23224873943891,56.22236838829836,56.22645440481173,56.23360831484379,,,,,
1149,382.617,55.963451537515226,56.123494046923035,56.112747588523995,56.197824912936554,56.22276153073946,56.18977939112629,56.22311883370769,56.24097799068287,56.25518834403125,56.22703270644065,56.231842212610324,56.22195779344698,56.226046794203185,56.23319850973487,,,,,
1150,382.771896,55.96369583165647,56.12374865192404,56.11300246146968,56.19807972949082,56.22302008790822,56.18987409516788,56.223376991429035,56.241235859213006,56.255449457371974,56.22729185997465,56.23210081989528,56.222218988396314,56.22630609080005,56.233459202005776,,,,,
1151,383.261304,55.963835552722934,56.12389427848119,56.11314824055613,56.19822547858416,56.22316797734171,56.18992826440695,56.223524653848585,56.241383356815525,56.25559881163887,56.227440092337986,56.232248739451336,56.22236838828847,56.22645440481834,56.233608314833084,,,,,
1152,383.616,55.963451537511645,56.12349404692313,56.112747588501435,56.197824912912196,56.22276153073596,56.18977939111972,56.22311883370497,56.24097799066684,56.25518834403358,56.22703270645315,56.23184221259995,56.221957793414795,56.22604679419932,56.23319850973599,,,,,
1153,383.770896,55.96369583165868,56.12374865193249,56.11300246147809,56.19807972949649,56.223020087909156,56.189874095164534,56.22337699142523,56.241235859215976,56.25544945737272,56.22729185997159,56.23210081989264,56.22221898839438,56.226306090799106,56.23345920200885,,,,,
1154,384.260304,55.96383555272025,56.12389427849976,56.1131482405562,56.19822547857695,56.22316797735378,56.18992826440337,56.22352465384717,56.2413833568268,56.255598811635345,56.227440092345034,56.2322487394411,56.222368388292004,56.22645440480436,56.23360831484819,,,,,
1155,384.615,55.96345153751032,56.12349404692574,56.112747588528336,56.197824912938806,56.22276153073662,56.18977939112441,56.22311883370712,56.24097799068512,56.255188344032966,56.22703270643722,56.23184221261145,56.221957793450066,56.22604679420436,56.233198509732105,,,,,
1156,384.769896,55.963695831659564,56.12374865192837,56.11300246146784,56.19807972949854,56.2230200879089,56.18987409516822,56.22337699142398,56.24123585921558,56.25544945736572,56.227291859973995,56.23210081989237,56.22221898839634,56.22630609080073,56.23345920199938,,,,,
1157,385.259304,55.96383555272574,56.12389427848587,56.11314824056102,56.19822547858327,56.2231679773425,56.18992826440769,56.223524653851726,56.24138335681833,56.255598811643985,56.2274400923339,56.232248739447456,56.222368388288594,56.22645440481464,56.23360831483809,,,,,
1158,385.614,55.96345153751482,56.123494046927654,56.11274758849739,56.197824912901794,56.222761530736044,56.18977939112134,56.223118833710316,56.240977990666906,56.255188344033485,56.22703270645234,56.23184221259852,56.22195779341878,56.226046794208,56.23319850974081,,,,,
1159,385.768896,55.963695831658455,56.12374865193044,56.11300246147717,56.19807972949499,56.22302008790349,56.1898740951611,56.22337699142627,56.241235859215685,56.25544945737069,56.227291859974464,56.2321008198884,56.22221898839552,56.226306090799255,56.23345920200684,,,,,
1160,386.258304,55.96383555271956,56.123894278497815,56.11314824055751,56.198225478579374,56.22316797735315,56.189928264404074,56.22352465384762,56.241383356829296,56.25559881163386,56.22744009234369,56.23224873943781,56.22236838829723,56.226454404805956,56.233608314843764,,,,,
1161,386.613,55.96345153751089,56.123494046925295,56.11274758851915,56.19782491293517,56.22276153074197,56.18977939112465,56.22311883370687,56.24097799068043,56.255188344031815,56.227032706440035,56.23184221261127,56.22195779344879,56.22604679420577,56.23319850973852,,,,,
1162,386.767896,55.963695831658576,56.123748651928885,56.113002461478004,56.198079729493564,56.22302008790181,56.18987409515755,56.22337699143126,56.241235859212765,56.2554494573716,56.2272918599761,56.23210081988857,56.22221898839815,56.22630609079802,56.233459202007026,,,,,
1163,387.257304,55.96383555272169,56.12389427849347,56.113148240557734,56.19822547858147,56.22316797734801,56.18992826440388,56.22352465384815,56.24138335682873,56.25559881163654,56.22744009234653,56.232248739438866,56.222368388287414,56.226454404800876,56.23360831484968,,,,,
1164,387.612,55.96345153751038,56.12349404692308,56.112747588525316,56.19782491293777,56.22276153073744,56.18977939111836,56.223118833705556,56.240977990684264,56.2551883440326,56.227032706441626,56.23184221261318,56.22195779344374,56.226046794202894,56.23319850973823,,,,,
1165,387.766896,55.96369583165692,56.12374865193435,56.113002461474196,56.19807972949549,56.22302008790892,56.18987409516963,56.22337699143203,56.24123585921208,56.25544945737107,56.22729185996914,56.232100819891954,56.22221898838737,56.22630609080217,56.233459201999736,,,,,
1166,388.256304,55.96383555272321,56.12389427848919,56.11314824055993,56.19822547858913,56.2231679773401,56.18992826440807,56.223524653846624,56.24138335681917,56.25559881163909,56.227440092336295,56.23224873944796,56.22236838829014,56.22645440481648,56.23360831482744,,,,,
1167,388.611,55.96345153751333,56.12349404693226,56.112747588496745,56.19782491290762,56.22276153073557,56.18977939112291,56.2231188337101,56.24097799066943,56.2551883440306,56.2270327064553,56.231842212596504,56.22195779342373,56.2260467942075,56.23319850973663,,,,,
1168,388.765896,55.96369583166072,56.1237486519302,56.113002461473975,56.198079729493976,56.22302008790985,56.189874095163724,56.22337699143122,56.24123585921546,56.255449457370005,56.227291859977406,56.23210081988988,56.22221898839638,56.22630609079772,56.233459202005534,,,,,
1169,389.255304,55.96383555272218,56.123894278497986,56.113148240554466,56.19822547857731,56.223167977349846,56.189928264401,56.2235246538461,56.241383356832124,56.2555988116299,56.227440092344075,56.232248739443605,56.222368388295145,56.226454404805416,56.233608314844545,,,,,
1170,389.61,55.963451537512675,56.12349404692968,56.11274758852743,56.19782491293647,56.22276153074127,56.18977939112149,56.22311883370769,56.240977990678296,56.25518834402897,56.22703270643672,56.23184221261027,56.22195779344359,56.22604679419952,56.23319850973877,,,,,
1171,389.764896,55.96369583165923,56.123748651932914,56.11300246147043,56.198079729493564,56.22302008790352,56.18987409516788,56.223376991429184,56.241235859217554,56.25544945736704,56.22729185997873,56.232100819890704,56.22221898839612,56.22630609080176,56.23345920200084,,,,,
1172,390.254304,55.96383555272549,56.12389427848972,56.11314824055919,56.19822547858182,56.223167977341824,56.18992826440518,56.223524653851435,56.24138335681717,56.255598811636716,56.22744009233175,56.23224873945465,56.22236838829054,56.226454404814234,56.23360831483422,,,,,
1173,390.609,55.963451537513315,56.12349404692717,56.11274758849942,56.19782491290657,56.22276153073861,56.189779391118556,56.223118833705136,56.24097799066571,56.25518834403406,56.22703270645266,56.231842212597094,56.22195779342134,56.22604679420361,56.233198509736305,,,,,
1174,390.763896,55.963695831657404,56.12374865193112,56.11300246147554,56.19807972949481,56.22302008790266,56.18987409516445,56.22337699142748,56.241235859218165,56.25544945737469,56.2272918599708,56.23210081989416,56.22221898839431,56.22630609079856,56.233459202001974,,,,,
1175,391.253304,55.963835552720916,56.123894278498604,56.11314824055351,56.19822547857853,56.22316797734933,56.189928264400656,56.223524653851264,56.24138335683043,56.25559881163062,56.22744009234602,56.23224873944377,56.22236838829294,56.22645440480537,56.23360831484414,,,,,
1176,391.608,55.9634515375099,56.12349404692422,56.1127475885245,56.197824912935005,56.2227615307339,56.189779391119494,56.22311883370837,56.24097799068418,56.2551883440306,56.22703270644014,56.23184221261177,56.22195779344963,56.22604679420276,56.23319850973845,,,,,
1177,391.762896,55.963695831657176,56.12374865192882,56.113002461475126,56.198079729489834,56.223020087908495,56.18987409516529,56.22337699142775,56.24123585921493,56.25544945737006,56.22729185997646,56.23210081989058,56.22221898839398,56.226306090798936,56.23345920200602,,,,,
1178,392.252304,55.9638355527245,56.12389427849854,56.11314824055657,56.198225478578266,56.223167977354905,56.189928264406724,56.22352465384935,56.24138335682712,56.255598811635544,56.22744009234477,56.23224873944435,56.22236838829091,56.226454404809225,56.23360831484803,,,,,
1179,392.607,55.96345153751208,56.12349404692514,56.11274758852911,56.19782491293942,56.22276153074117,56.18977939112162,56.22311883370689,56.24097799067774,56.25518834403581,56.2270327064405,56.23184221261243,56.22195779344562,56.22604679420161,56.233198509731345,,,,,
1180,392.761896,55.96369583165705,56.12374865192776,56.11300246147344,56.198079729492754,56.22302008791068,56.18987409516754,56.22337699142854,56.24123585921803,56.25544945736707,56.227291859973654,56.232100819893994,56.22221898838788,56.226306090799234,56.233459202006884,,,,,
1181,393.251304,55.96383555272517,56.1238942784871,56.113148240556356,56.19822547858056,56.22316797734112,56.18992826440442,56.22352465385422,56.24138335681908,56.255598811631934,56.22744009233448,56.232248739454874,56.222368388290654,56.226454404817574,56.23360831483718,,,,,
1182,393.606,55.96345153751457,56.123494046931505,56.11274758849597,56.19782491290811,56.22276153073999,56.18977939112068,56.22311883370852,56.24097799066766,56.25518834403248,56.22703270645711,56.23184221259291,56.2219577934188,56.22604679420453,56.23319850973504,,,,,
1183,393.760896,55.96369583165742,56.123748651924785,56.113002461478274,56.198079729492534,56.22302008790549,56.18987409516099,56.22337699142687,56.24123585921511,56.25544945737426,56.227291859970975,56.232100819889816,56.222218988399675,56.226306090797685,56.23345920201225,,,,,
1184,394.250304,55.9638355527185,56.12389427850077,56.11314824055784,56.19822547858306,56.22316797735021,56.18992826440569,56.22352465384561,56.241383356830575,56.255598811633625,56.227440092350086,56.232248739439704,56.222368388292004,56.226454404806745,56.233608314848425,,,,,
1185,394.605,55.963451537508384,56.123494046927604,56.112747588526396,56.19782491293603,56.22276153073716,56.189779391123196,56.2231188337036,56.24097799068014,56.25518834403153,56.227032706439346,56.23184221261152,56.22195779344726,56.22604679420582,56.23319850973736,,,,,
1186,394.759896,55.9636958316616,56.12374865192848,56.113002461472604,56.19807972949176,56.22302008790917,56.189874095166225,56.22337699142838,56.2412358592142,56.25544945736971,56.22729185997265,56.23210081989344,56.222218988389976,56.226306090800676,56.23345920200447,,,,,
1187,395.249304,55.96383555272525,56.12389427848671,56.11314824055842,56.19822547858191,56.22316797734466,56.18992826440807,56.22352465385151,56.24138335681722,56.25559881163838,56.22744009233917,56.23224873945041,56.22236838829488,56.226454404814554,56.233608314833305,,,,,
1188,395.604,55.963451537512384,56.12349404692829,56.112747588495594,56.19782491290946,56.22276153074113,56.18977939111909,56.223118833706074,56.240977990665485,56.25518834402996,56.22703270645592,56.231842212597314,56.22195779341602,56.22604679419931,56.23319850973493,,,,,
1189,395.758896,55.96369583165631,56.12374865193022,56.113002461477905,56.19807972949169,56.223020087910854,56.189874095162025,56.223376991427415,56.24123585921483,56.255449457374645,56.227291859971324,56.23210081989076,56.22221898839671,56.22630609079443,56.23345920200787,,,,,
1190,396.248304,55.9638355527198,56.123894278500075,56.11314824055661,56.1982254785818,56.22316797735226,56.18992826440117,56.2235246538465,56.241383356830255,56.255598811635366,56.22744009234292,56.23224873944202,56.22236838829599,56.22645440480421,56.23360831484265,,,,,
1191,396.603,55.96345153751659,56.12349404692546,56.11274758852264,56.197824912936305,56.22276153073448,56.18977939112565,56.22311883370389,56.24097799068032,56.25518834403602,56.227032706439466,56.23184221261239,56.22195779344965,56.226046794205196,56.233198509737015,,,,,
1192,396.757896,55.96369583165576,56.123748651927855,56.11300246147423,56.1980797294937,56.22302008790802,56.18987409516934,56.2233769914277,56.24123585921588,56.25544945736538,56.227291859973214,56.232100819890086,56.22221898838732,56.22630609080182,56.2334592019998,,,,,
1193,397.247304,55.96383555272174,56.12389427849271,56.11314824056001,56.198225478587524,56.22316797734069,56.18992826440491,56.223524653848806,56.24138335681786,56.25559881163611,56.22744009233296,56.23224873945376,56.22236838829275,56.226454404813566,56.23360831483055,,,,,
1194,397.602,55.96345153751401,56.12349404692849,56.11274758849558,56.19782491291009,56.22276153073346,56.18977939112288,56.22311883370994,56.24097799067298,56.25518834403551,56.22703270645416,56.231842212596376,56.22195779341958,56.22604679420363,56.23319850973696,,,,,
1195,397.756896,55.963695831658455,56.12374865193163,56.11300246147582,56.19807972949041,56.22302008790563,56.1898740951637,56.22337699142616,56.241235859214314,56.25544945737421,56.22729185997328,56.23210081989222,56.22221898839382,56.2263060907971,56.233459202006436,,,,,
1196,398.246304,55.96383555272086,56.12389427849719,56.11314824055649,56.19822547857588,56.22316797734942,56.189928264399974,56.223524653843896,56.24138335682922,56.255598811638194,56.22744009234564,56.23224873944114,56.22236838829232,56.22645440479983,56.23360831484186,,,,,
1197,398.601,55.96345153750927,56.12349404692305,56.112747588521245,56.19782491293688,56.22276153074236,56.18977939112154,56.223118833701704,56.24097799067711,56.25518834403043,56.22703270644159,56.23184221260693,56.22195779344693,56.22604679420001,56.23319850973484,,,,,
1198,398.755896,55.96369583166133,56.12374865193019,56.11300246147456,56.198079729497074,56.22302008790457,56.18987409516157,56.22337699142989,56.24123585922081,56.25544945737269,56.22729185997793,56.232100819893915,56.222218988391624,56.22630609079586,56.233459202010515,,,,,
1199,399.245304,55.96383555271678,56.123894278499385,56.11314824055511,56.19822547857998,56.22316797735545,56.18992826440222,56.223524653846674,56.24138335682822,56.25559881163394,56.22744009234815,56.23224873943901,56.222368388297205,56.2264544048082,56.23360831484499,,,,,
1200,399.6,55.96345153751691,56.12349404692675,56.11274758852357,56.197824912931935,56.22276153073454,56.189779391119096,56.22311883370313,56.24097799067985,56.25518834403475,56.2270327064388,56.23184221261017,56.221957793451715,56.22604679420605,56.233198509740454,,,,,
1201,399.754896,55.96369583165762,56.12374865193129,56.11300246147322,56.19807972949026,56.22302008791022,56.18987409516983,56.223376991432,56.241235859212836,56.25544945736688,56.22729185997248,56.23210081989282,56.222218988386985,56.22630609079994,56.23345920200916,,,,,
1202,400.244304,55.963835552724106,56.12389427848097,56.11314824056363,56.19822547858175,56.223167977342335,56.18992826440381,56.22352465385001,56.24138335681881,56.255598811641164,56.22744009233354,56.23224873944792,56.22236838829318,56.22645440481992,56.233608314835806,,,,,
1203,400.599,55.96345153751218,56.123494046932116,56.11274758849903,56.19782491291124,56.22276153073693,56.18977939112369,56.22311883370546,56.24097799066872,56.25518834402965,56.227032706452846,56.231842212596256,56.22195779341554,56.22604679420399,56.233198509732865,,,,,
1204,400.753896,55.96369583165492,56.123748651936246,56.11300246147542,56.19807972949657,56.22302008790863,56.189874095161876,56.223376991425006,56.24123585921285,56.25544945736992,56.227291859974294,56.23210081989133,56.22221898839446,56.22630609079728,56.23345920201041,,,,,
1205,401.243304,55.963835552717335,56.12389427849706,56.113148240554274,56.1982254785808,56.22316797735316,56.18992826440286,56.223524653843874,56.241383356830724,56.255598811630726,56.22744009234317,56.23224873943979,56.222368388295685,56.22645440480321,56.23360831484474,,,,,
1206,401.598,55.963451537512995,56.12349404692511,56.112747588523995,56.19782491293442,56.22276153074241,56.18977939112426,56.22311883370737,56.24097799068155,56.25518834403512,56.227032706440546,56.231842212613074,56.22195779344575,56.22604679420648,56.23319850973517,,,,,
1207,401.752896,55.963695831660274,56.12374865193241,56.113002461468774,56.19807972949125,56.223020087914115,56.18987409516864,56.22337699142884,56.24123585921049,56.25544945737062,56.227291859978685,56.23210081989264,56.22221898839064,56.22630609079925,56.23345920199869,,,,,
1208,402.242304,55.96383555272597,56.12389427848736,56.11314824056257,56.198225478585535,56.22316797734064,56.18992826440422,56.22352465385059,56.24138335681462,56.255598811633774,56.227440092336764,56.232248739450284,56.22236838829119,56.22645440481666,56.23360831483227,,,,,
1209,402.597,55.963451537515965,56.12349404692849,56.112747588497655,56.19782491290964,56.22276153073875,56.1897793911273,56.2231188337063,56.24097799066822,56.25518834402767,56.22703270645641,56.23184221259554,56.22195779341651,56.22604679420932,56.23319850973794,,,,,
1210,402.751896,55.96369583165787,56.123748651932864,56.113002461474075,56.19807972949678,56.22302008790559,56.1898740951636,56.223376991428964,56.241235859215635,56.25544945737273,56.22729185997385,56.23210081989126,56.22221898839198,56.226306090798964,56.23345920201047,,,,,
1211,403.241304,55.963835552723545,56.123894278503414,56.11314824055521,56.19822547858291,56.223167977353874,56.18992826440276,56.22352465384773,56.24138335682552,56.25559881163798,56.22744009234199,56.23224873943734,56.22236838829042,56.22645440480377,56.23360831484319,,,,,
1212,403.596,55.963451537514814,56.123494046930354,56.11274758852331,56.197824912933726,56.222761530740485,56.1897793911203,56.2231188337099,56.24097799068209,56.25518834403007,56.22703270644106,56.23184221261097,56.22195779344574,56.22604679420394,56.23319850973691,,,,,
1213,403.750896,55.963695831659926,56.12374865193201,56.11300246147766,56.198079729489834,56.223020087902924,56.18987409516068,56.22337699142447,56.24123585921993,56.25544945737511,56.22729185997109,56.23210081988633,56.22221898839962,56.22630609079776,56.233459202011694,,,,,
1214,404.240304,55.96383555271972,56.123894278495776,56.113148240558694,56.198225478575985,56.22316797735095,56.189928264400244,56.22352465385152,56.24138335682806,56.25559881163275,56.22744009234319,56.23224873943694,56.22236838829538,56.226454404805715,56.23360831484719,,,,,
1215,404.595,55.96345153751375,56.12349404692859,56.11274758852388,56.19782491293983,56.22276153074015,56.18977939112405,56.22311883370419,56.24097799068555,56.25518834402961,56.22703270643659,56.231842212611255,56.22195779344779,56.226046794210085,56.233198509737704,,,,,
1216,404.749896,55.96369583165963,56.12374865192863,56.11300246147124,56.198079729495895,56.22302008790805,56.18987409516555,56.223376991426505,56.24123585921004,56.25544945737243,56.22729185997538,56.23210081989607,56.22221898839502,56.22630609080086,56.23345920200466,,,,,
1217,405.239304,55.9638355527232,56.12389427848943,56.113148240560854,56.19822547857902,56.22316797733886,56.18992826440448,56.223524653855236,56.24138335681336,56.255598811640326,56.227440092334426,56.23224873944797,56.2223683882898,56.22645440481512,56.23360831483611,,,,,
1218,405.594,55.963451537509044,56.12349404693156,56.11274758849645,56.19782491290866,56.22276153073836,56.189779391122855,56.22311883370716,56.24097799066655,56.25518834403305,56.22703270645466,56.23184221259831,56.22195779342008,56.22604679420219,56.233198509736916,,,,,
1219,405.748896,55.96369583165704,56.12374865192911,56.11300246147622,56.198079729493934,56.22302008790533,56.18987409515857,56.223376991425276,56.241235859215394,56.255449457369046,56.22729185997244,56.232100819889546,56.22221898839367,56.22630609079838,56.233459202004916,,,,,
1220,406.238304,55.96383555271914,56.123894278497495,56.113148240558246,56.19822547858143,56.22316797735239,56.189928264403235,56.22352465384903,56.241383356831015,56.25559881162814,56.22744009234772,56.232248739440784,56.22236838829495,56.22645440480696,56.233608314842485,,,,,
1221,406.593,55.96345153750886,56.12349404692885,56.112747588525195,56.19782491293997,56.222761530741515,56.189779391123984,56.223118833705584,56.24097799067918,56.25518834402953,56.22703270643878,56.2318422126131,56.221957793443835,56.22604679420313,56.2331985097359,,,,,
1222,406.747896,55.96369583165702,56.123748651929986,56.11300246146784,56.1980797294962,56.22302008790699,56.189874095167646,56.22337699142759,56.24123585921795,56.25544945736811,56.22729185997298,56.23210081989635,56.222218988393266,56.22630609080357,56.23345920199987,,,,,
1223,407.237304,55.96383555272594,56.12389427848529,56.11314824056267,56.19822547858247,56.2231679773455,56.18992826440422,56.22352465385081,56.24138335682485,56.255598811637874,56.227440092328784,56.232248739452594,56.22236838828916,56.22645440481633,56.233608314835436,,,,,
1224,407.592,55.96345153751211,56.12349404693042,56.11274758849462,56.197824912912196,56.22276153073805,56.18977939111993,56.22311883370549,56.240977990666806,56.25518834403537,56.227032706455645,56.23184221259381,56.22195779341877,56.22604679420512,56.23319850973334,,,,,
1225,407.746896,55.963695831656246,56.12374865192896,56.113002461477016,56.19807972949186,56.223020087906924,56.189874095162075,56.22337699142375,56.24123585921467,56.25544945737157,56.22729185997315,56.23210081989354,56.22221898839465,56.22630609079587,56.2334592020068,,,,,
1226,408.236304,55.96383555272013,56.12389427849741,56.11314824055561,56.19822547858187,56.22316797735263,56.18992826440423,56.223524653850134,56.24138335682802,56.25559881163721,56.22744009234913,56.232248739441985,56.22236838829596,56.22645440480615,56.23360831484859,,,,,
1227,408.591,55.963451537514715,56.12349404692521,56.112747588527576,56.197824912939375,56.22276153073766,56.1897793911249,56.223118833705506,56.24097799068105,56.25518834403593,56.2270327064393,56.231842212612186,56.22195779344893,56.22604679420198,56.233198509738855,,,,,
1228,408.745896,55.96369583165415,56.12374865192887,56.113002461473066,56.198079729495305,56.22302008790579,56.189874095167085,56.22337699143264,56.24123585921763,56.25544945736714,56.22729185997902,56.2321008198992,56.22221898838876,56.226306090795674,56.23345920199904,,,,,
1229,409.235304,55.96383555272524,56.123894278488514,56.11314824056013,56.1982254785778,56.223167977344865,56.18992826440945,56.223524653854106,56.24138335681561,56.25559881163211,56.227440092333886,56.2322487394475,56.22236838828857,56.2264544048155,56.2336083148342,,,,,
1230,409.59,55.96345153751458,56.123494046925444,56.112747588493995,56.197824912910484,56.22276153073974,56.18977939112227,56.22311883370771,56.24097799066644,56.255188344031694,56.22703270645006,56.231842212597925,56.22195779342288,56.22604679420506,56.233198509738195,,,,,
1231,409.744896,55.963695831659734,56.1237486519274,56.11300246147725,56.19807972949429,56.223020087906725,56.18987409515935,56.22337699142539,56.24123585921516,56.25544945737272,56.22729185997296,56.23210081989249,56.22221898839441,56.22630609079746,56.23345920200617,,,,,
1232,410.234304,55.96383555271879,56.123894278493864,56.11314824056064,56.198225478580746,56.22316797735027,56.189928264403896,56.22352465384805,56.24138335682928,56.25559881163189,56.22744009234237,56.2322487394386,56.22236838829373,56.22645440480634,56.23360831484338,,,,,
1233,410.589,55.9634515375132,56.12349404692265,56.11274758852534,56.197824912939055,56.222761530738794,56.18977939112087,56.223118833705826,56.24097799068152,56.25518834403091,56.227032706436454,56.23184221261155,56.22195779344936,56.2260467942026,56.23319850973313,,,,,
1234,410.743896,55.96369583165451,56.12374865193303,56.11300246147887,56.198079729489294,56.223020087909056,56.18987409516128,56.22337699142716,56.24123585921886,56.255449457370155,56.22729185997498,56.23210081989195,56.22221898839593,56.22630609079836,56.23345920200514,,,,,
1235,411.233304,55.963835552719594,56.12389427849951,56.11314824055679,56.19822547858025,56.223167977354194,56.189928264405935,56.22352465384859,56.24138335682558,56.255598811633625,56.22744009234645,56.2322487394446,56.22236838829319,56.22645440480299,56.23360831484712,,,,,
1236,411.588,55.96345153751043,56.12349404692544,56.11274758852179,56.19782491293816,56.22276153073669,56.189779391125455,56.22311883371145,56.2409779906829,56.25518834403182,56.227032706441356,56.231842212610566,56.2219577934475,56.22604679420371,56.23319850973309,,,,,
1237,411.742896,55.963695831660075,56.12374865193275,56.11300246147321,56.19807972949589,56.22302008790762,56.18987409516959,56.223376991429184,56.24123585921799,56.25544945736047,56.22729185997469,56.23210081989602,56.222218988388654,56.22630609079741,56.23345920200367,,,,,
1238,412.232304,55.96383555272281,56.12389427848649,56.11314824056174,56.1982254785805,56.22316797733872,56.18992826440731,56.22352465384846,56.241383356816264,56.25559881163749,56.22744009233475,56.232248739454164,56.222368388291706,56.226454404817595,56.233608314835955,,,,,
1239,412.587,55.96345153750805,56.12349404693073,56.112747588495075,56.19782491290836,56.22276153073965,56.18977939112133,56.22311883370855,56.24097799066657,56.25518834403688,56.22703270645561,56.23184221259563,56.22195779341668,56.226046794205196,56.23319850973278,,,,,
1240,412.741896,55.963695831660296,56.12374865193136,56.11300246147199,56.19807972949019,56.2230200879057,56.18987409516403,56.2233769914243,56.24123585921611,56.255449457374226,56.22729185997333,56.23210081989181,56.22221898839374,56.226306090795276,56.233459202009406,,,,,
1241,413.231304,55.96383555272165,56.12389427850045,56.11314824055921,56.19822547858301,56.22316797735226,56.18992826440337,56.22352465384952,56.24138335683086,56.2555988116365,56.22744009234676,56.232248739440735,56.222368388295585,56.226454404804194,56.2336083148404,,,,,
1242,413.586,55.963451537508384,56.12349404692759,56.11274758852725,56.19782491293329,56.2227615307343,56.18977939112373,56.22311883370941,56.240977990680456,56.25518834402724,56.227032706440966,56.23184221260716,56.22195779344756,56.22604679420338,56.23319850973814,,,,,
1243,413.740896,55.96369583166102,56.12374865192833,56.11300246147377,56.198079729493735,56.22302008791023,56.18987409517251,56.223376991428054,56.241235859218314,56.255449457368286,56.227291859970116,56.2321008198943,56.22221898839037,56.226306090796925,56.23345920199704,,,,,
1244,414.230304,55.963835552722685,56.123894278484805,56.11314824055874,56.19822547858397,56.223167977339145,56.18992826440671,56.223524653852664,56.24138335681616,56.255598811637405,56.227440092334035,56.23224873945319,56.22236838828602,56.22645440481579,56.23360831483227,,,,,
1245,414.585,55.9634515375109,56.12349404692677,56.11274758849507,56.19782491290326,56.222761530742645,56.18977939112169,56.22311883370547,56.24097799066686,56.255188344028404,56.22703270645695,56.23184221259123,56.22195779341638,56.22604679420227,56.23319850973438,,,,,
1246,414.739896,55.9636958316565,56.12374865192878,56.11300246147692,56.19807972949576,56.22302008791137,56.18987409516119,56.2233769914243,56.241235859218314,56.25544945737147,56.22729185997443,56.23210081988829,56.22221898839462,56.22630609079043,56.23345920201049,,,,,
1247,415.229304,55.96383555271889,56.123894278496806,56.113148240556626,56.19822547857675,56.22316797735062,56.18992826440358,56.22352465384838,56.24138335683038,56.25559881163387,56.227440092344544,56.23224873944129,56.222368388293646,56.22645440480206,56.23360831484582,,,,,
1248,415.584,55.96345153751552,56.12349404692404,56.11274758852523,56.197824912935516,56.222761530741444,56.18977939112417,56.22311883370357,56.24097799068581,56.25518834403204,56.22703270643864,56.23184221261506,56.22195779344584,56.22604679420545,56.23319850973752,,,,,
1249,415.738896,55.96369583165651,56.12374865193058,56.11300246148006,56.19807972949179,56.223020087908054,56.189874095164214,56.223376991429966,56.24123585921534,56.25544945736776,56.227291859973974,56.23210081989401,56.22221898839156,56.226306090793315,56.2334592020058,,,,,
1250,416.228304,55.96383555271897,56.123894278493864,56.113148240556924,56.19822547858155,56.223167977354436,56.18992826439989,56.223524653849736,56.24138335682631,56.255598811630264,56.22744009234798,56.23224873944275,56.2223683882917,56.2264544048091,56.23360831484373,,,,,
1251,416.583,55.96345153751173,56.12349404692927,56.11274758851969,56.19782491293751,56.22276153074212,56.189779391122514,56.2231188337123,56.24097799067981,56.255188344029534,56.22703270643872,56.23184221261127,56.221957793447196,56.22604679420138,56.23319850973572,,,,,
1252,416.737896,55.96369583165764,56.123748651935266,56.11300246147182,56.198079729499035,56.22302008791478,56.189874095170595,56.223376991429234,56.24123585921514,56.25544945737088,56.227291859973406,56.23210081989288,56.222218988387795,56.22630609079785,56.2334592020027,,,,,
1253,417.227304,55.96383555272335,56.12389427848576,56.11314824056047,56.19822547858647,56.22316797733896,56.18992826440902,56.22352465385118,56.24138335681546,56.25559881164059,56.22744009233223,56.23224873944791,56.2223683882889,56.22645440481804,56.233608314831685,,,,,
1254,417.582,55.96345153751069,56.123494046926666,56.11274758849549,56.197824912906306,56.22276153074145,56.189779391120155,56.22311883370438,56.24097799066422,56.25518834403118,56.22703270645619,56.23184221259564,56.22195779341755,56.226046794202404,56.233198509732304,,,,,
1255,417.736896,55.963695831659095,56.12374865192812,56.11300246147701,56.198079729489145,56.22302008790831,56.189874095159134,56.22337699142729,56.241235859215216,56.25544945737215,56.22729185997087,56.23210081988831,56.22221898839242,56.22630609079697,56.23345920200984,,,,,
1256,418.226304,55.963835552720944,56.12389427849707,56.113148240558786,56.19822547857945,56.22316797735193,56.18992826440569,56.22352465384615,56.241383356829026,56.255598811633874,56.22744009234838,56.23224873944523,56.222368388291464,56.22645440480607,56.23360831484415,,,,,
1257,418.581,55.963451537508895,56.12349404692718,56.11274758852327,56.197824912934536,56.22276153073707,56.189779391122954,56.22311883370508,56.24097799068032,56.25518834403492,56.22703270644198,56.23184221260945,56.22195779344502,56.22604679420164,56.23319850973984,,,,,
1258,418.735896,55.96369583165447,56.12374865192761,56.11300246147623,56.19807972949372,56.2230200879086,56.1898740951659,56.22337699142999,56.241235859215195,56.25544945736655,56.22729185997905,56.232100819889915,56.222218988388974,56.226306090800854,56.233459202002,,,,,
1259,419.225304,55.96383555272463,56.12389427848504,56.113148240559475,56.19822547858507,56.22316797734111,56.18992826440791,56.22352465384935,56.2413833568153,56.2555988116378,56.227440092331,56.23224873945273,56.222368388290526,56.226454404817375,56.233608314832374,,,,,
1260,419.58,55.96345153751088,56.123494046924435,56.112747588499865,56.19782491290526,56.22276153073844,56.189779391124524,56.22311883370709,56.240977990670196,56.25518834402735,56.22703270645291,56.23184221260057,56.22195779341674,56.22604679420402,56.233198509731885,,,,,
1261,419.734896,55.9636958316595,56.123748651932374,56.113002461476725,56.1980797294937,56.22302008790451,56.18987409516303,56.22337699142969,56.24123585921678,56.25544945737318,56.2272918599749,56.23210081989101,56.22221898839143,56.22630609079566,56.23345920200377,,,,,
1262,420.224304,55.9638355527188,56.12389427849629,56.113148240555326,56.19822547857975,56.2231679773497,56.18992826440244,56.223524653847726,56.24138335683229,56.25559881163789,56.2274400923462,56.23224873944384,56.22236838829076,56.22645440480362,56.23360831484681,,,,,
1263,420.579,55.96345153751193,56.1234940469256,56.11274758852423,56.19782491294204,56.222761530739795,56.18977939112008,56.22311883370344,56.240977990680676,56.255188344031886,56.22703270644216,56.23184221260802,56.22195779344906,56.2260467942012,56.233198509734734,,,,,
1264,420.733896,55.96369583165478,56.12374865193086,56.1130024614717,56.19807972949204,56.223020087907386,56.18987409517057,56.22337699142485,56.241235859222,56.255449457367995,56.227291859973256,56.232100819898825,56.222218988390566,56.22630609080095,56.233459201999445,,,,,
1265,421.223304,55.963835552723054,56.123894278490496,56.113148240560605,56.198225478585286,56.22316797734463,56.18992826441138,56.22352465385038,56.24138335681562,56.25559881163905,56.227440092334334,56.2322487394513,56.2223683882938,56.226454404814724,56.233608314832765,,,,,
1266,421.578,55.96345153751685,56.12349404692194,56.11274758849549,56.19782491290826,56.22276153073584,56.18977939112419,56.22311883370812,56.24097799066914,56.25518834403573,56.227032706448,56.23184221259586,56.22195779341605,56.22604679420089,56.233198509732645,,,,,
1267,421.732896,55.96369583165802,56.123748651931685,56.113002461478004,56.19807972949032,56.223020087910086,56.189874095162075,56.22337699142672,56.241235859214996,56.255449457374326,56.22729185997374,56.232100819887975,56.22221898839564,56.22630609079534,56.23345920200842,,,,,
1268,422.222304,55.963835552719075,56.12389427849972,56.11314824055896,56.19822547858017,56.22316797734874,56.189928264404614,56.22352465384924,56.241383356827384,56.255598811633384,56.22744009234369,56.23224873944058,56.222368388296054,56.22645440480396,56.2336083148444,,,,,
1269,422.577,55.9634515375127,56.12349404692729,56.11274758852756,56.197824912938906,56.22276153074044,56.18977939112093,56.22311883371078,56.24097799068351,56.255188344029534,56.2270327064417,56.23184221260876,56.22195779344692,56.22604679420706,56.23319850973957,,,,,
1270,422.731896,55.96369583165487,56.12374865192943,56.113002461474224,56.19807972949075,56.223020087903194,56.18987409516337,56.223376991431806,56.24123585921542,56.255449457371135,56.22729185997364,56.23210081989064,56.22221898839474,56.2263060907955,56.233459202004184,,,,,
1271,423.221304,55.96383555271882,56.12389427849563,56.11314824056214,56.19822547858133,56.22316797734614,56.18992826440288,56.22352465384793,56.24138335683251,56.25559881163348,56.22744009234694,56.23224873944309,56.22236838829487,56.226454404804194,56.23360831484697,,,,,
1272,423.576,55.96345153751686,56.123494046929345,56.11274758852418,56.19782491292989,56.22276153073534,56.18977939112358,56.223118833709094,56.24097799067683,56.25518834403608,56.227032706439985,56.23184221261208,56.22195779344682,56.226046794205885,56.23319850973389,,,,,
1273,423.730896,55.96369583165692,56.12374865193469,56.11300246147074,56.198079729487944,56.22302008791281,56.18987409516579,56.22337699142888,56.24123585921157,56.2554494573691,56.22729185997257,56.23210081989703,56.22221898839099,56.226306090799845,56.23345920200218,,,,,
1274,424.220304,55.96383555272352,56.12389427848223,56.1131482405641,56.198225478583524,56.223167977339166,56.18992826440878,56.22352465385228,56.2413833568225,56.25559881163509,56.227440092332166,56.232248739448764,56.222368388291564,56.226454404814326,56.23360831483542,,,,,
1275,424.575,55.96345153751178,56.12349404692532,56.11274758849513,56.197824912907286,56.2227615307351,56.18977939112551,56.223118833705826,56.24097799066852,56.25518834403058,56.22703270645481,56.23184221259621,56.22195779342025,56.22604679420436,56.23319850973473,,,,,
1276,424.729896,55.96369583165957,56.12374865192854,56.11300246147427,56.19807972949231,56.223020087907564,56.1898740951594,56.223376991427735,56.24123585921633,56.25544945737505,56.22729185997491,56.23210081989156,56.222218988398545,56.22630609079504,56.23345920200527,,,,,
1277,425.219304,55.96383555272032,56.1238942784976,56.113148240555056,56.198225478577505,56.22316797735354,56.18992826440261,56.223524653845466,56.24138335683106,56.25559881163518,56.227440092345766,56.2322487394429,56.22236838829342,56.22645440480678,56.233608314844645,,,,,
1278,425.574,55.96345153751042,56.123494046925074,56.112747588521685,56.197824912935914,56.22276153073551,56.18977939112441,56.223118833708824,56.240977990684684,56.25518834403076,56.227032706437726,56.23184221261289,56.221957793450144,56.22604679420553,56.23319850973636,,,,,
1279,425.728896,55.963695831657425,56.12374865192222,56.11300246146837,56.19807972949177,56.22302008791078,56.18987409516697,56.22337699142967,56.241235859215905,56.2554494573632,56.2272918599789,56.23210081989093,56.222218988395134,56.226306090796704,56.233459202002166,,,,,
1280,426.218304,55.96383555272224,56.123894278487114,56.11314824056153,56.1982254785823,56.22316797734062,56.18992826440831,56.22352465384949,56.241383356817394,56.25559881163991,56.22744009233541,56.23224873945496,56.2223683882898,56.22645440481654,56.233608314834925,,,,,
1281,426.573,55.96345153751037,56.12349404692813,56.11274758849655,56.197824912909724,56.222761530738616,56.1897793911181,56.2231188337027,56.24097799066674,56.25518834403244,56.227032706453954,56.231842212594785,56.2219577934169,56.22604679420209,56.23319850973734,,,,,
1282,426.727896,55.963695831659265,56.12374865193309,56.113002461472945,56.19807972949009,56.223020087908495,56.189874095161954,56.223376991424765,56.24123585921935,56.255449457372876,56.227291859976454,56.232100819891215,56.222218988396236,56.226306090796946,56.23345920200824,,,,,
1283,427.217304,55.963835552717654,56.12389427850105,56.11314824055658,56.19822547858492,56.22316797735158,56.18992826440137,56.22352465384917,56.2413833568302,56.25559881163001,56.22744009234037,56.232248739437566,56.22236838829473,56.22645440480569,56.23360831484066,,,,,
1284,427.572,55.96345153751331,56.12349404692512,56.11274758852062,56.19782491293984,56.22276153074087,56.18977939112431,56.223118833704554,56.240977990681465,56.25518834402746,56.22703270643778,56.23184221260866,56.22195779344729,56.22604679420436,56.23319850973882,,,,,
1285,427.726896,55.963695831659045,56.1237486519308,56.113002461478374,56.19807972949625,56.223020087902874,56.189874095162075,56.223376991425404,56.241235859210924,56.25544945737638,56.22729185997687,56.232100819891215,56.22221898839223,56.22630609079679,56.23345920200612,,,,,
1286,428.216304,55.963835552720155,56.1238942785003,56.113148240557926,56.198225478581584,56.22316797735041,56.189928264403996,56.2235246538495,56.24138335682723,56.25559881163294,56.22744009234694,56.23224873943844,56.22236838829557,56.226454404809914,56.23360831484648,,,,,
1287,428.571,55.96345153751238,56.12349404692412,56.11274758852075,56.19782491293762,56.222761530740804,56.18977939112229,56.22311883370539,56.240977990676214,56.25518834403565,56.22703270644497,56.23184221260576,56.221957793442144,56.22604679420532,56.23319850973903,,,,,
1288,428.725896,55.963695831654626,56.12374865192991,56.11300246147039,56.19807972948928,56.22302008790809,56.18987409516737,56.22337699142568,56.24123585921472,56.25544945737255,56.2272918599756,56.23210081989274,56.222218988393436,56.22630609079926,56.2334592020026,,,,,
1289,429.215304,55.96383555272351,56.123894278486304,56.11314824055906,56.19822547858269,56.22316797734013,56.189928264405616,56.223524653849374,56.241383356821935,56.25559881163672,56.22744009233595,56.23224873945375,56.222368388288885,56.226454404815925,56.23360831482957,,,,,
1290,429.57,55.96345153751255,56.12349404692593,56.11274758849333,56.19782491290916,56.22276153073891,56.18977939112079,56.22311883370722,56.24097799066584,56.25518834402928,56.22703270644884,56.23184221259479,56.221957793419556,56.2260467942075,56.23319850973545,,,,,
1291,429.724896,55.96369583165731,56.12374865193309,56.11300246147372,56.198079729493294,56.223020087909894,56.189874095164015,56.22337699142782,56.24123585921549,56.25544945737301,56.227291859977136,56.232100819892,56.222218988399234,56.22630609078972,56.23345920200909,,,,,
1292,430.214304,55.96383555272041,56.123894278496344,56.1131482405572,56.19822547857692,56.22316797735006,56.18992826440117,56.22352465384622,56.24138335683011,56.25559881163432,56.22744009234617,56.232248739437864,56.222368388294974,56.226454404807434,56.23360831484537,,,,,
1293,430.569,55.963451537510394,56.123494046925444,56.11274758852721,56.19782491293449,56.22276153074092,56.18977939112293,56.223118833704795,56.24097799068065,56.255188344031794,56.22703270643771,56.23184221261301,56.221957793446954,56.226046794202105,56.23319850973246,,,,,
1294,430.723896,55.963695831656665,56.123748651929255,56.11300246147481,56.19807972949431,56.22302008791005,56.18987409516655,56.22337699142847,56.241235859212786,56.25544945736887,56.22729185997262,56.2321008198967,56.222218988388256,56.226306090795674,56.23345920200171,,,,,
1295,431.213304,55.96383555272364,56.12389427848871,56.11314824055668,56.198225478586465,56.22316797733931,56.18992826440837,56.223524653853325,56.24138335681336,56.255598811635444,56.22744009233643,56.23224873945235,56.22236838829014,56.226454404813445,56.23360831483465,,,,,
1296,431.568,55.96345153751602,56.12349404693149,56.11274758849905,56.19782491290425,56.22276153073771,56.18977939111913,56.22311883370759,56.24097799066688,56.25518834403039,56.22703270645237,56.231842212596106,56.22195779341739,56.226046794204564,56.23319850973673,,,,,
1297,431.722896,55.96369583165797,56.12374865192692,56.11300246147571,56.19807972949307,56.22302008791088,56.18987409516312,56.22337699142237,56.24123585921883,56.25544945737012,56.22729185997494,56.232100819896054,56.222218988395234,56.226306090793585,56.23345920200251,,,,,
1298,432.212304,55.9638355527184,56.12389427849612,56.113148240553684,56.198225478577896,56.223167977353675,56.1899282644065,56.22352465384409,56.241383356824514,56.25559881163864,56.227440092344075,56.23224873943823,56.22236838829721,56.22645440480689,56.233608314845455,,,,,
1299,432.567,55.96345153751652,56.12349404692948,56.11274758852434,56.19782491293843,56.22276153073658,56.1897793911221,56.22311883370741,56.240977990685764,56.25518834403115,56.227032706440966,56.2318422126113,56.22195779344456,56.226046794209395,56.23319850973861,,,,,
1300,432.721896,55.96369583166154,56.1237486519272,56.11300246147214,56.19807972949497,56.22302008791101,56.18987409517161,56.22337699142596,56.24123585921487,56.255449457370844,56.22729185997552,56.23210081989626,56.22221898838973,56.226306090798886,56.233459202005044,,,,,
1301,433.211304,55.96383555272408,56.12389427848788,56.113148240558814,56.19822547858046,56.22316797734352,56.189928264403186,56.22352465384447,56.24138335681854,56.25559881164166,56.22744009233382,56.23224873944555,56.22236838829212,56.22645440481667,56.23360831483515,,,,,
1302,433.566,55.963451537511325,56.123494046930446,56.11274758849618,56.19782491290955,56.22276153073895,56.189779391124425,56.223118833706614,56.24097799066886,56.2551883440327,56.22703270645237,56.2318422125995,56.22195779341538,56.22604679420848,56.233198509738244,,,,,
1303,433.720896,55.963695831657525,56.1237486519311,56.113002461477734,56.19807972949179,56.22302008790448,56.189874095158906,56.2233769914275,56.241235859219266,56.255449457374894,56.22729185997261,56.232100819891265,56.22221898839469,56.2263060907943,56.23345920200919,,,,,
1304,434.210304,55.96383555272228,56.123894278495776,56.113148240555205,56.198225478583325,56.223167977352695,56.189928264402056,56.22352465384405,56.2413833568282,56.255598811633966,56.227440092344544,56.23224873944053,56.222368388294505,56.2264544048091,56.23360831484777,,,,,
1305,434.565,55.9634515375116,56.12349404693226,56.112747588526716,56.19782491293531,56.22276153074044,56.189779391124546,56.22311883371199,56.24097799068301,56.25518834403116,56.22703270643462,56.23184221261136,56.221957793450414,56.22604679420488,56.23319850973921,,,,,
1306,434.719896,55.96369583165701,56.123748651929944,56.11300246147712,56.19807972949207,56.22302008791145,56.18987409516232,56.22337699142405,56.24123585921694,56.255449457373444,56.22729185997764,56.23210081989279,56.222218988400506,56.22630609080029,56.2334592020036,,,,,
1307,435.209304,55.9638355527188,56.12389427849685,56.11314824055741,56.198225478578934,56.22316797734922,56.18992826440288,56.223524653854106,56.24138335682406,56.255598811634655,56.22744009234649,56.23224873944275,56.22236838829518,56.22645440480241,56.23360831484376,,,,,
1308,435.564,55.96345153751166,56.12349404692958,56.11274758852179,56.1978249129364,56.2227615307387,56.18977939112187,56.223118833707915,56.24097799068289,56.25518834403663,56.227032706433285,56.23184221260902,56.22195779344723,56.22604679420606,56.23319850973802,,,,,
1309,435.718896,55.96369583165848,56.123748651925396,56.11300246147043,56.19807972949643,56.22302008790697,56.18987409516929,56.223376991426996,56.24123585921197,56.25544945737154,56.22729185997551,56.23210081989352,56.2222189883943,56.226306090800385,56.233459202000425,,,,,
1310,436.208304,55.96383555272261,56.123894278489246,56.113148240555525,56.19822547858539,56.223167977340786,56.18992826440815,56.22352465385206,56.24138335681662,56.255598811635345,56.22744009233748,56.232248739450625,56.222368388286625,56.22645440481931,56.233608314837674,,,,,
1311,436.563,55.96345153751069,56.12349404693058,56.112747588498586,56.19782491290821,56.22276153073923,56.189779391123416,56.22311883370759,56.24097799066157,56.25518834403174,56.22703270645451,56.23184221259446,56.22195779342172,56.22604679420597,56.233198509736035,,,,,
1312,436.717896,55.963695831655635,56.12374865192733,56.1130024614789,56.1980797294945,56.22302008790415,56.18987409516285,56.22337699142784,56.24123585921412,56.2554494573753,56.227291859976994,56.23210081989157,56.22221898839712,56.22630609079914,56.233459202005356,,,,,
1313,437.207304,55.96383555271919,56.12389427849226,56.11314824055796,56.19822547858513,56.22316797735263,56.18992826440168,56.2235246538448,56.241383356829225,56.2555988116351,56.22744009234203,56.23224873943707,56.22236838829373,56.22645440480006,56.233608314840744,,,,,
1314,437.562,55.96345153750921,56.123494046931505,56.112747588525444,56.1978249129412,56.222761530740115,56.18977939112365,56.22311883371212,56.24097799068204,56.25518834403462,56.2270327064405,56.231842212612385,56.22195779345048,56.22604679420309,56.233198509740404,,,,,
1315,437.716896,55.96369583165757,56.123748651927954,56.113002461472874,56.1980797294937,56.22302008791443,56.18987409516553,56.22337699142717,56.241235859215394,56.25544945736894,56.227291859975615,56.23210081989531,56.222218988392015,56.226306090801344,56.23345920199959,,,,,
1316,438.206304,55.96383555272333,56.12389427849176,56.11314824056324,56.19822547858194,56.2231679773373,56.18992826441058,56.223524653850816,56.24138335681793,56.25559881163614,56.227440092332955,56.23224873944801,56.22236838828916,56.2264544048178,56.23360831483547,,,,,
1317,438.561,55.9634515375137,56.12349404693077,56.11274758849075,56.19782491290668,56.222761530741444,56.18977939112476,56.22311883370587,56.240977990666785,56.25518834402816,56.227032706454665,56.231842212597165,56.22195779342015,56.22604679420137,56.23319850973549,,,,,
1318,438.715896,55.963695831656395,56.12374865192884,56.113002461479155,56.19807972949101,56.223020087902945,56.18987409516232,56.22337699142419,56.24123585921349,56.2554494573713,56.22729185997733,56.232100819892636,56.22221898839621,56.226306090798985,56.23345920200228,,,,,
1319,439.205304,55.96383555271764,56.123894278495946,56.1131482405571,56.19822547858333,56.2231679773521,56.189928264401644,56.2235246538495,56.24138335683008,56.25559881163209,56.227440092346576,56.232248739440074,56.22236838829045,56.22645440480564,56.23360831484422,,,,,
1320,439.56,55.96345153751584,56.12349404692491,56.11274758852017,56.19782491293752,56.222761530742346,56.18977939112063,56.22311883370924,56.24097799067873,56.25518834403398,56.227032706440454,56.23184221261569,56.22195779344774,56.22604679420403,56.23319850973539,,,,,
1321,439.714896,55.96369583165744,56.123748651931244,56.11300246147357,56.19807972949618,56.22302008790523,56.18987409516147,56.22337699142676,56.24123585921449,56.255449457374766,56.2272918599754,56.232100819892615,56.222218988397245,56.226306090795845,56.23345920200442,,,,,
1322,440.204304,55.96383555271677,56.1238942784976,56.113148240552405,56.19822547857915,56.22316797735128,56.18992826440461,56.223524653847704,56.24138335682823,56.255598811635416,56.22744009234633,56.232248739443364,56.22236838829226,56.226454404811015,56.23360831484484,,,,,
1323,440.559,55.96345153751041,56.12349404692662,56.11274758852204,56.19782491293814,56.22276153073746,56.189779391128035,56.22311883370408,56.24097799068079,56.255188344031666,56.22703270643648,56.2318422126075,56.22195779345083,56.226046794206376,56.23319850973408,,,,,
1324,440.713896,55.96369583165862,56.123748651931926,56.11300246147054,56.19807972949136,56.22302008791346,56.18987409516701,56.223376991426754,56.24123585921499,56.25544945736824,56.22729185997404,56.23210081989438,56.22221898839547,56.22630609079776,56.23345920200638,,,,,
1325,441.203304,55.963835552725094,56.1238942784879,56.11314824055717,56.19822547858059,56.223167977342214,56.18992826441246,56.223524653854156,56.24138335682038,56.25559881163619,56.22744009233783,56.23224873944863,56.222368388288665,56.226454404819876,56.2336083148361,,,,,
1326,441.558,55.96345153751656,56.123494046927725,56.112747588498664,56.19782491290668,56.22276153073551,56.18977939112283,56.223118833708625,56.24097799066635,56.25518834403251,56.22703270645726,56.231842212597414,56.22195779341957,56.2260467942037,56.23319850973921,,,,,
1327,441.712896,55.963695831656295,56.12374865192973,56.113002461475425,56.19807972949351,56.22302008790481,56.189874095164356,56.223376991425454,56.241235859220964,56.25544945737092,56.227291859973484,56.23210081988952,56.22221898839626,56.22630609079368,56.23345920200772,,,,,
1328,442.202304,55.96383555272291,56.123894278493985,56.1131482405519,56.19822547857903,56.22316797734937,56.189928264399526,56.22352465385238,56.24138335683076,56.255598811631764,56.227440092344814,56.232248739439065,56.22236838829458,56.226454404802325,56.23360831484504,,,,,
1329,442.557,55.96345153751388,56.123494046926645,56.11274758852264,56.197824912936426,56.2227615307392,56.1897793911234,56.22311883370886,56.240977990679944,56.25518834402853,56.22703270643946,56.23184221261153,56.22195779344831,56.22604679420913,56.233198509738585,,,,,
1330,442.711896,55.96369583165866,56.123748651929716,56.11300246147279,56.198079729491816,56.223020087908246,56.18987409516866,56.223376991427195,56.24123585921902,56.25544945736472,56.22729185997508,56.23210081989699,56.22221898839583,56.22630609080272,56.233459201999814,,,,,
1331,443.201304,55.96383555272521,56.12389427848356,56.11314824055982,56.19822547858387,56.22316797734412,56.18992826440782,56.22352465384923,56.2413833568182,56.255598811636965,56.22744009233805,56.232248739449524,56.22236838829136,56.22645440481505,56.2336083148354,,,,,
1332,443.556,55.963451537515866,56.123494046927426,56.11274758849642,56.197824912909276,56.22276153074006,56.18977939112673,56.22311883370735,56.24097799066869,56.255188344031424,56.227032706450515,56.23184221259333,56.22195779341921,56.2260467942039,56.233198509734414,,,,,
1333,443.710896,55.963695831655514,56.12374865193049,56.11300246147708,56.19807972949347,56.223020087904274,56.18987409516157,56.22337699143016,56.24123585921783,56.255449457376585,56.227291859971025,56.232100819891606,56.222218988398325,56.22630609079572,56.23345920200565,,,,,
1334,444.200304,55.96383555272293,56.123894278493346,56.11314824055465,56.19822547857793,56.223167977349775,56.18992826440303,56.2235246538508,56.24138335682493,56.255598811632645,56.227440092345496,56.232248739439875,56.22236838829381,56.22645440480226,56.23360831484474,,,,,
1335,444.555,55.963451537506955,56.12349404692697,56.11274758852497,56.19782491293222,56.22276153074032,56.18977939111836,56.22311883370501,56.24097799067567,56.25518834403048,56.227032706437285,56.23184221261125,56.221957793447196,56.22604679420522,56.23319850973438,,,,,
1336,444.709896,55.96369583165656,56.12374865192886,56.11300246147327,56.198079729490146,56.22302008790618,56.18987409516576,56.22337699142403,56.24123585921338,56.25544945737171,56.22729185997182,56.232100819896466,56.22221898839172,56.226306090799945,56.233459202003694,,,,,
1337,445.199304,55.96383555272448,56.12389427848776,56.11314824056613,56.198225478587396,56.22316797733957,56.18992826440695,56.22352465385422,56.241383356815774,56.25559881164019,56.22744009233183,56.23224873945122,56.222368388297305,56.2264544048124,56.23360831483221,,,,,
1338,445.554,55.96345153751173,56.123494046925366,56.11274758849239,56.19782491290412,56.222761530739966,56.189779391119835,56.223118833705676,56.240977990670885,56.2551883440365,56.2270327064557,56.23184221259593,56.22195779342456,56.226046794203334,56.23319850973409,,,,,
1339,445.708896,55.96369583165685,56.1237486519301,56.11300246147422,56.19807972949303,56.22302008790535,56.189874095160086,56.22337699142434,56.24123585921664,56.255449457373985,56.22729185997519,56.23210081989761,56.222218988398,56.22630609079703,56.23345920200162,,,,,
1340,446.198304,55.96383555272272,56.12389427849797,56.11314824055635,56.198225478577456,56.22316797734883,56.189928264402596,56.223524653849125,56.24138335682788,56.25559881163082,56.22744009234765,56.2322487394415,56.22236838829318,56.22645440480155,56.2336083148507,,,,,
1341,446.553,55.963451537512185,56.12349404692486,56.11274758852276,56.19782491293743,56.22276153073739,56.189779391123174,56.22311883371076,56.24097799067959,56.255188344030856,56.22703270644009,56.23184221261368,56.2219577934519,56.22604679420177,56.23319850973877,,,,,
1342,446.707896,55.96369583165822,56.12374865193274,56.11300246147391,56.19807972949672,56.22302008790995,56.18987409516412,56.22337699142953,56.24123585921368,56.25544945737067,56.22729185997814,56.23210081989461,56.22221898839337,56.22630609079593,56.233459202010714,,,,,
1343,447.197304,55.963835552721015,56.123894278496756,56.11314824055359,56.19822547857715,56.22316797735266,56.18992826440261,56.22352465384988,56.24138335682329,56.255598811630776,56.22744009234788,56.23224873944107,56.222368388288885,56.226454404801224,56.23360831484515,,,,,
1344,447.552,55.963451537600264,56.12349404684687,56.11274758852543,56.19782491293573,56.22276153075237,56.189779391122016,56.22311883377029,56.240977990786675,56.255188344029335,56.227032706435885,56.23184221254297,56.22195779344674,56.22604679420498,56.23319850970245,,,,,
1345,447.706896,55.96369583173492,56.12374865215749,56.11300246168357,56.198079729758305,56.22302008814419,56.18987409510054,56.22337699175185,56.24123585955038,56.25544945760732,56.227291860207025,56.23210082008507,56.22221898869052,56.22630609109364,56.233459202280656,,,,,
1346,448.196304,55.963835551761406,56.12389427744718,56.113148239590714,56.198225477584145,56.22316797636191,56.189928264684326,56.22352465298638,56.24138335585051,56.25559881075582,56.22744009145993,56.232248738385515,56.22236838738479,56.226454403850056,56.23360831398398,,,,,
1347,448.551,55.963451533060535,56.12349404230832,56.112747583804016,56.19782490829429,56.22276152616324,56.18977939246945,56.22311882896709,56.240977986030856,56.25518833936299,56.2270327018111,56.231842207846356,56.22195778887633,56.226046789569175,56.23319850513755,,,,,
1348,448.705896,55.96371144743034,56.1237646086503,56.11301848915836,56.198095562425095,56.223036029290455,56.18987994828288,56.223392927519264,56.24125178557605,56.25546557030741,56.22730787240006,56.23211673118527,56.2222351117637,56.226322085275946,56.23347526885846,,,,,
1349,449.195304,55.96377061471614,56.12382792258117,56.11308159054663,56.198159637986166,56.22310168620162,56.189903913102185,56.22345838485231,56.24131712750153,56.25553180675081,56.227373505799285,56.23218257262935,56.22230134004139,56.226387892597614,56.23354150164441,,,,,
1350,449.55,55.96314304354574,56.12317881303942,56.11243095986931,56.19751212833038,56.22244660778192,56.18966366562486,56.222804014489725,56.2406633590653,56.254870029392464,56.22671637743311,56.23152787865511,56.22163927313392,56.22573081949666,56.23288110392627,,,,,
1351,449.704896,47.01710863117012,46.86497799111469,46.84642363863397,46.96969542719071,47.01446356444071,46.935940220944204,47.020709350343296,47.0324234987075,46.983951074257504,46.9419384894971,46.88593060077081,46.849339869500966,46.885276586083314,46.85668107377548,,,,,
1352,450.194304,21.293016796389367,20.86205312445736,20.88069289864595,20.501557160840957,20.709988990088423,20.7658225438624,20.86307902696956,20.779504046280632,20.769932789357778,20.571481681165306,20.447935247465967,20.625549973760894,20.42937092065866,20.479073275260593,,,,,
1353,450.549,10.146117326001118,10.231701125787197,10.266480531702264,9.858818447104511,10.016638324447191,10.082679301461175,10.171481538594291,10.080659521868943,10.109214182276652,10.004826624075726,10.135260544100092,10.245713303577036,10.04313454944961,10.140706572269444,,,,,
1354,450.703896,14.894510467108308,14.79229429446923,14.836415419326325,14.361144085491068,14.555947748709196,14.631928419738836,14.739674218655324,14.640902727096353,14.662772789961329,14.501490540670737,14.54972423561084,14.709766210585839,14.47643033219749,14.57111196583427,,,,,
1355,451.193304,14.663463946742507,14.58002444334721,14.626112365118022,14.151848505934048,14.34471410179649,14.421876262213807,14.5291822369112,14.430421409949258,14.453957673779028,14.295978542112515,14.352330215608395,14.511167664997453,14.277484051094088,14.373580507127341,,,,,
1356,451.548,14.496135525594037,14.426040257152275,14.47353674593987,14.000183133300247,14.191627759410393,14.269524826557141,14.376571320746288,14.277847356542717,14.302554189990783,14.147007838310358,14.209123387396367,14.367036422959751,14.133173900588117,14.230251084005818,,,,,
1357,451.702896,14.422968317405067,14.35864092997476,14.40674832259493,13.933833870685664,14.124654931146742,14.20293177825804,14.309791462828642,14.211089851050335,14.236298944248569,14.081825511903746,14.146432968643495,14.303928627564733,14.070004879559914,14.167500574536342,,,,,
1358,452.192304,14.192051064422015,14.145636817658271,14.19564961940995,13.724321452754456,13.913155426521085,13.992484569269134,14.098830492075304,14.000231260367885,14.02698465381489,13.875938540405597,13.948280291320529,14.104402519897661,13.870367577950507,13.969134496182356,,,,,
1359,452.547,14.024983063675496,13.991244163360259,14.04261188074452,13.57262171188827,13.760000488463586,13.83996013131755,13.945997141397047,13.847502067961809,13.875333045803394,13.726803870775402,13.804614899884777,13.959690406467162,13.725653706656704,13.82529252512677,,,,,
1360,452.701896,13.951961954441709,13.923687618419754,13.975639943758711,13.50627952568884,13.693019765086158,13.773317716339587,13.879139858277702,13.780696938138144,13.808988244244913,13.661567691672825,13.74173750642193,13.89634174487013,13.662323301438404,13.762331599737086,,,,,
1361,453.191304,13.721686584515467,13.710323068639553,13.76408830965749,13.2969230092362,13.481630255638771,13.562838039209407,13.668062911680106,13.569817254379254,13.599515836050955,13.455628574544516,13.543094882673667,13.69615610161126,13.462283022243245,13.563402838251994,,,,,
1362,453.546,13.555244630543655,13.555789516187977,13.610833486094688,13.1454541566486,13.3286739552417,13.410405031171434,13.515258278125835,13.41718631819942,13.44785897646135,13.30655916324106,13.399161322366057,13.551053370950005,13.317369849945358,13.41924120826233,,,,,
1363,453.700896,13.482536646747702,13.488200591164027,13.543793353496845,13.079241638698498,13.261808970407365,13.343832148756892,13.448440744729131,13.350451573238173,13.381538219427505,13.241376299189549,13.336187325106714,13.48755460232519,13.2539744900829,13.356161464145694,,,,,
1364,454.190304,13.253422689790774,13.27486564357463,13.332148971400505,12.870422192714134,13.05091364779893,13.133696483722053,13.237612285976985,13.139917792557734,13.172261324610801,13.03571793993304,13.137335354569313,13.286991677176044,13.053830887305656,13.156954669160633,,,,,
1365,454.545,13.087985125549183,13.12047982051622,13.178944748377527,12.71946366696568,12.898437681206843,12.981631687864619,13.085105028363037,12.987655320274532,13.020860405693256,12.886959183989791,12.993342115683408,13.141708870783207,12.908940480820872,13.01268508649524,,,,,
1366,454.699896,13.01575609579756,13.052986211396274,13.111955151006166,12.653503796667588,12.831812410570706,12.915250183265398,13.018445849620013,12.92111017352969,12.954679142083576,12.821937980561074,12.93036397515206,13.078153576379176,12.845578506726966,12.949580464953472,,,,,
1367,455.189304,12.788327119823947,12.840089435172139,12.90059921337312,12.445612085880049,12.621805181809254,12.70584650692415,12.808244308370337,12.711302298812692,12.745966673543455,12.616906124034532,12.731599646393502,12.877514833509707,12.64564678591325,12.750397601364417,,,,,
1368,455.544,12.624271968330184,12.686151688272147,12.747727086169093,12.295448411243772,12.470096519027468,12.554433372234204,12.656311651671116,12.559686308111692,12.595092475136878,12.46871137928769,12.587766272421709,12.732275631257957,12.501011498290588,12.606243495676273,,,,,
1369,455.698896,12.552686739034918,12.618885762243075,12.680912417245047,12.229865920580867,12.403836781203898,12.488367552228295,12.58993276903233,12.493452963115175,12.529169954062452,12.403963307362535,12.524881062930985,12.668762928002518,12.437785487110592,12.543212844353187,,,,,
1370,456.188304,12.32745966669197,12.40684844751063,12.470242263455646,12.0232961111758,12.195115366931327,12.280089708442377,12.380745295595252,12.284758566409874,12.321401072931868,12.199911993466188,12.326514910855568,12.468366310338972,12.238393036131075,12.344370336760925,,,,,
1371,456.543,12.165156779314735,12.253666325106884,12.317993679179631,11.874212380919895,12.044461795835238,12.12961406756383,12.229668996939143,12.134070722767806,12.171330068540144,12.052539076067706,12.183069719988161,12.323405299095908,12.094252844040879,12.200564559229182,,,,,
1372,456.697896,12.094375761999897,12.186763067812192,12.251482221944954,11.80913173755929,11.9786932603934,12.063988781296432,12.163693866046314,12.068272498039173,12.105787574221518,11.988177150526228,12.120378076810953,12.260038798434731,12.031268388381934,12.137710565440502,,,,,
1373,457.187304,11.87184999321848,11.976012469913387,12.041905425500683,11.604275007269878,11.77165277498501,11.857230259749935,11.955910378725843,11.8610806161978,11.899345900871461,11.785463545180377,11.922730642546279,12.060215185426454,11.832750710217013,11.93953569896175,,,,,
1374,457.542,11.711653265581385,11.823895601922338,11.890577225838292,11.456552101463123,11.622338161086699,11.707975700580388,11.805972255909301,11.711601668040602,11.75035588684963,11.639170844232284,11.779907971034042,11.91577506274049,11.689350083078532,11.796317708142878,,,,,
1375,457.696896,11.641829067883625,11.757490324377423,11.824499092977337,11.392095400791257,11.557184256616756,11.642914292591211,11.74052385356848,11.646360967505238,11.68531478471747,11.575307889624709,11.71751283601807,11.852661588951037,11.626714375679498,11.73374561559844,,,,,
1376,458.186304,11.422476086942341,11.548452255903017,11.616426722514472,11.189333268666854,11.352210577778074,11.438061702926472,11.534530638771908,11.441055607429545,11.48058210072944,11.37428670827342,11.520910529614424,11.65375053076889,11.42941045795613,11.536572291801399,,,,,
1377,458.541,11.264716229462291,11.39770686904758,11.466316076104313,11.043243045200128,11.204510073196596,11.290304816610783,11.386007866652719,11.293060634030674,11.332947545068109,11.229329079156146,11.378947583434192,11.510078823557723,11.286994871298464,11.39418491440586,,,,,
1378,458.695896,11.19599057990645,11.331932783867451,11.400800949917889,10.979527917674034,11.140089899877081,11.225927052024684,11.321206620563942,11.22849686085502,11.26852722866939,11.166075919585953,11.316952790977288,11.447326930983193,11.224815148082495,11.332001065677819,,,,,
1379,459.185304,10.980244689477189,11.125023920271907,11.194640310199906,10.77922573368967,10.937553162234474,11.023353616181332,11.117379793362357,11.025450433212441,11.065876967904641,10.96709369835202,11.121723301881968,11.249671800187897,11.029062450314864,11.136165062497282,,,,,
1380,459.54,10.825222989607289,10.975947268242114,11.046039376695816,10.635026438916233,10.791728607819305,10.877359360061854,10.970540199292437,10.879204143186596,10.919864305293231,10.823718329160009,10.980856734828434,11.107017216397745,10.887874686245187,10.994850950028322,,,,,
1381,459.694896,10.757724138840855,10.910933061201396,10.981214160997498,10.572164080120839,10.728154960682307,10.813779426262732,10.906501943587996,10.815431662390578,10.85618014558051,10.7611819883432,10.919365492501353,11.044735561129317,10.826256593588967,10.93316121115682,,,,,
1382,460.184304,10.545974852412611,10.706553364627572,10.777361378843912,10.374665006834618,10.52840350417822,10.613838817880522,10.705201096813525,10.6149986772309,10.655970999849702,10.56457147663537,10.72583293175625,10.848678312710641,10.63238586815852,10.73899513720735,,,,,
1383,460.539,10.393958265627841,10.559428369919946,10.630551980249443,10.232597137170073,10.384699255667517,10.469856226226018,10.56029869266429,10.470750996744096,10.51183410998872,10.42301392659277,10.586295291780068,10.707286876826416,10.492662266707514,10.598993067337565,,,,,
1384,460.693896,10.32779899799401,10.495295896011894,10.566538486457057,10.170690558517643,10.322076857093133,10.407180911052917,10.497132752099425,10.407877249646873,10.448995510428231,10.361295924416558,10.525408619918949,10.64558251197944,10.431708225711716,10.537901201821212,,,,,
1385,461.183304,10.120385454124191,10.293821561290335,10.365371332361676,9.976310337456752,10.125431924806405,10.210201744858985,10.298695111994558,10.210388589993393,10.251565471264707,10.167370867487408,10.333888602805173,10.451458278891147,10.240038407023473,10.345729364988832,,,,,
1386,461.538,9.971603227625064,10.148911951487628,10.220619913779515,9.83659314511555,9.984071299573976,10.06846019306455,10.15596608283215,10.06837075717924,10.109541565492718,10.027851464626664,10.19590480227636,10.311569423284483,10.1020052393325,10.207270551741232,,,,,
1387,461.692896,9.906879556865754,10.085774176393043,10.157532703703128,9.775735724649932,9.922495321861893,10.006787324799715,10.093773579148525,10.006494618967983,10.04765021888221,9.96704629008381,10.13572000148849,10.250546094379413,10.041812882164162,10.146876616892367,,,,,
1388,462.182304,9.704087122217677,9.887551461058695,9.959404026693361,9.58475845394923,9.729246740075375,9.81306854593354,9.898508945386725,9.812252661565116,9.853311343375445,9.776096840708638,9.946514888881525,10.0586778653497,9.852646277168054,9.957010039159911,,,,,
1389,462.537,9.558729011166996,9.745097640823763,9.816957167332092,9.447587236776007,9.59042922902417,9.673774727868974,9.758168278038095,9.672674002137466,9.713617451681053,9.638817598103028,9.810298855566055,9.920520657353117,9.716516404927344,9.820314619301065,,,,,
1390,462.691896,9.495519570758205,9.683056926920537,9.754901662862071,9.387861624388869,9.529984163971049,9.613191940801242,9.697040733266443,9.611884453304905,9.652765877841725,9.57901142427316,9.750908069955177,9.860277176750412,9.657177153182072,9.760713457575749,,,,,
1391,463.181304,9.297578604963963,9.488397150353242,9.56013376534664,9.200536690849152,9.340387156041109,9.422999289520526,9.505227416520514,9.421159234749497,9.461800006303463,9.391300372583729,9.564302577727911,9.670970800859221,9.470795145626989,9.573445259846936,,,,,
1392,463.536,9.15579460748541,9.348612985800273,9.420214453655298,9.066080942021213,9.204286483924752,9.286335009619533,9.367466298537211,9.284204737341097,9.324630206855337,9.256442541547175,9.430054231548372,9.534760477638665,9.336765109642526,9.438719111069522,,,,,
1393,463.690896,9.094160690262102,9.287759792031775,9.359285400220266,9.007558345363359,9.145045388539542,9.226918872830252,9.307484585892357,9.224579894128778,9.264900627166693,9.197712229249696,9.3715431689962,9.475389251071993,9.278362954385566,9.379999002217351,,,,,
1394,464.180304,8.901247280230686,9.096935687494,9.168165598017353,8.824098564397055,8.959318586556021,9.04048251530619,9.119366475187102,9.037606436785827,9.077556202499192,9.013472176249303,9.187800528540164,9.288928990889868,9.095022396250167,9.195600356970555,,,,,
1395,464.535,8.763148710866123,8.960006302326406,9.030970418731291,8.692500993969945,8.82608163978973,8.906603334632841,8.984350533518379,8.903435183669721,8.94307967609644,8.881194505871802,9.055703205193009,9.154863950899799,8.963270044914672,9.063032378869828,,,,,
1396,464.689896,8.703134869654718,8.900418332710418,8.971250759485262,8.635240843371117,8.768105760212583,8.84841885430742,8.925584199525185,8.845041705122592,8.884543254234332,8.823606920919694,8.99815006458983,9.09644971832205,8.905880572763254,9.005273906990222,,,,,
1397,465.179304,8.515373222137999,8.713661825548707,8.784028272201956,8.45582177567514,8.586430393134378,8.6659321853515,8.741369006013999,8.662018529873713,8.701033307727782,8.643038451367813,8.817508877061396,8.913094531546573,8.725810984988938,8.823990713446774,,,,,
1398,465.534,8.381034873466161,8.57974242873464,8.649725577948495,8.327198158342107,8.456176976779872,8.53496690183216,8.609237393621088,8.530762977355177,8.569393238150049,8.513476173751414,8.687727287136115,8.781353897203763,8.596493713748794,8.693750668099065,,,,,
1399,465.688896,8.322669967685206,8.521484229467111,8.591285761710438,8.271248124998946,8.39951572731316,8.47806738226452,8.551744348489223,8.473655839871824,8.512109689500853,8.457087820804144,8.631201927192741,8.723972733410115,8.5401834052498,8.637025841614511,,,,,
1400,466.178304,8.140136082594296,8.338985609151313,8.408169973230986,8.09600846773555,8.222035892981856,8.299686930782963,8.371602991502037,8.29474461335273,8.33261097516019,8.280358663968068,8.453873804436933,8.543953408036165,8.363585052027124,8.459076225511144,,,,,
1401,466.533,8.009599192209517,8.208201301192013,8.276899038309978,7.97044822467697,8.094859230935207,8.171737823378525,8.242468274909674,8.166510662502825,8.203924259514299,8.153623177809937,8.326552578779912,8.414695231387602,8.236838682123034,8.331313193661195,,,,,
1402,466.687896,7.952897755688161,8.151324276310593,8.21979675290572,7.915844548066878,8.039550486901298,8.116165051552382,8.18629482531174,8.11073327103274,8.14794180811522,8.098480134349018,8.271115946684578,8.358413833091605,8.181664490568117,8.275684838334787,,,,,
1403,467.177304,7.77562398539347,7.973232640675842,8.04095678460028,7.744887446764253,7.866374360870452,7.942011360568724,8.010361859169421,7.936059470702906,7.972594997604568,7.925725243032882,8.097283978079217,8.18193103967798,8.00870733372145,8.101257520918026,,,,,
1404,467.532,7.648899726874624,7.845679088535904,7.912827873539918,7.622454839532952,7.742342221469426,7.817155091200773,7.884310616912824,7.810927228501739,7.846952685161179,7.80190443041707,7.972546812065075,8.055291178050984,7.88464561860498,7.976098989199397,,,,,
1405,467.686896,7.593863535320763,7.790221880755092,7.857108168402581,7.569222907645817,7.68841287110621,7.762939795061318,7.829491797860772,7.756511816967645,7.792308328033542,7.748042548576675,7.918250632990528,8.00016644425492,7.830654819678168,7.921620416140475,,,,,
1406,468.176304,7.421843658078861,7.616646666535713,7.682673629251051,7.402618004539221,7.519614673146639,7.593099109404438,7.65786672917754,7.586166252647041,7.621219125535207,7.57936498259969,7.748068666724134,7.827389707944128,7.661478308088266,7.75087394201906,,,,,
1407,468.531,7.298916899765483,7.492391498412504,7.5577688625625505,7.283353802536088,7.398770984494374,7.471388153741489,7.534960741793574,7.464191357708787,7.498687471348629,7.45852406631775,7.626018040574549,7.703481354218249,7.540193020974575,7.628425497763365,,,,,
1408,468.685896,7.245536629810118,7.4383806670779755,7.503464604955216,7.231508923951378,7.346237679951092,7.418550676772746,7.481520892982805,7.411159621578563,7.445407498151291,7.4059693999398055,7.57290475479868,7.649560248844077,7.487423309865547,7.575140432825483,,,,,
1409,469.175304,7.078731114700233,7.269394042804122,7.333527327944292,7.069294948429346,7.181860205673184,7.253077252413929,7.314270209858829,7.245200628343918,7.278648501698806,7.241441871843471,7.406497437689131,7.480627789785134,7.322136917546831,7.408203198371607,,,,,
1410,469.53,6.959564231626185,7.148478795052394,7.211902196071486,6.95321842992982,7.06422702153596,7.134541723320917,7.194548107497584,7.1264160038407685,7.159270503899395,7.123624705135962,7.287214860944819,7.359541605662837,7.203698447702865,7.288548777804038,,,,,
1411,469.684896,6.907821122508569,7.095929716860271,7.159034793513439,6.902766736844963,7.013097068218224,7.0830928555316115,7.142501635017187,7.074779904597435,7.107371213261434,7.072394113664297,7.2353177831492355,7.3068612765334375,7.152178249604576,7.23649152534971,,,,,
1412,470.174304,6.746162326566676,6.931569602330196,6.9936513388704515,6.744954449854834,6.853154598027334,6.922011703748904,6.9796613597791435,6.9132360164438875,6.944984336320075,6.912061041605888,7.072781269249307,7.141880624597672,6.9908626474139695,7.073462512914246,,,,,
1413,470.529,6.630698898449419,6.814012048935622,6.875336701923567,6.6320656054791804,6.738734282519096,6.8066614346141,6.863140592170155,6.797653914506001,6.828781622023989,6.797291717373708,6.956327976696162,7.023685398772312,6.875321016193583,6.9566651254221465,,,,,
1414,470.683896,6.58056634856303,6.762929967857195,6.823917019099341,6.583005031613766,6.689006610447206,6.756603343141714,6.812492856578947,6.747416597077924,6.778270175774548,6.747393597134911,6.905671643715247,6.972273516288851,6.825069969857521,6.905860930903185,,,,,
1415,471.173304,6.42396345374873,6.603203453443433,6.663111719288909,6.429580354680817,6.533488024621164,6.599913235001124,6.654071440521259,6.590289521075701,6.620269446048184,6.591273511013119,6.74707485979075,6.81132277679179,6.667778700444396,6.746811029693739,,,,,
1416,471.528,6.3121317296913375,6.489000160103451,6.548116132165965,6.319862178053447,6.422265538959638,6.487740002872475,6.540750442302854,6.477903733588147,6.507244377339403,6.479558181601999,6.633492873497768,6.696066512829783,6.555164900364807,6.632913867494603,,,,,
1417,471.682896,6.2635767806412215,6.439381319433169,6.498145533314908,6.272183463327584,6.373931707058476,6.439067211404302,6.491498719193116,6.429060503891427,6.458119737711372,6.430993277803307,6.584093542417384,6.6459417855819,6.50619447235406,6.583379438135401,,,,,
1418,472.172304,6.111920340846091,6.284268282352208,6.341913867680369,6.12311064880018,6.222803660703248,6.286743790445604,6.337480115508105,6.276328234919832,6.304494306118788,6.279081435630928,6.4294798876312464,6.489071417742876,6.35295599417736,6.42835322152005,,,,,
1419,472.527,6.003636394303373,6.17339724820258,6.230226084074528,6.016531419705465,6.114748854838312,6.17772357656515,6.227340555861616,6.167116362931807,6.1946321921890215,6.170410245053691,6.318793355481945,6.376782749811899,6.2432835553458945,6.3173810594165944,,,,,
1420,472.681896,5.956621073277747,6.125230047263061,6.181697538637742,5.970219102280825,6.067794047840568,6.130423951072512,6.179475022048677,6.119655680211946,6.146886093835558,6.123172502824919,6.270659612719432,6.327955572253797,6.1955977432953375,6.269125201261903,,,,,
1421,473.171304,5.809787095580574,5.97468679522427,6.030009651220806,5.825443830708296,5.921004088230428,5.982422828792818,6.029821798334606,5.971275623188095,5.9976033104809945,5.975443592886521,6.1200489695069695,6.175190539231724,6.0464177158049734,6.11814302956857,,,,,
1422,473.526,5.704957629037725,5.867110070455599,5.92160118120565,5.7219593170771965,5.816073921218559,5.876518034558408,5.922830822958857,5.865201317317497,5.890874630333654,5.8697926377807965,6.012265692821226,6.0658803750129735,5.9396844103622035,6.010103821923988,,,,,
1423,473.680896,5.659440135136287,5.820376200062155,5.874500380670808,5.676992683018697,5.770477908217745,5.8305737417797605,5.876335530434836,5.819105765441259,5.844492547707318,5.8238700575872615,5.965399136616064,6.0183535637826715,5.893280497449999,5.963128153254762,,,,,
1424,474.170304,5.517293662729095,5.674339009343953,5.727304587603048,5.5364450027622745,5.627957445846914,5.686833479240447,5.730991910241471,5.675017760642398,5.699500989174596,5.680280883708256,5.818790077294559,5.869695720719001,5.748144192409545,5.816188479536772,,,,,
1425,474.525,5.4158184493798744,5.570005203788422,5.622132208561244,5.436000528727024,5.526098079545548,5.5839950360634205,5.627104304561481,5.572032865940975,5.5958635501907885,5.577614136017324,5.713903147736173,5.7633590189487744,5.644333799133104,5.711075069802203,,,,,
1426,474.679896,5.371754180943129,5.524680726097706,5.576438653155503,5.392354498169206,5.481836111951234,5.539383450002743,5.581958113185323,5.527280076538172,5.550825629592909,5.532989605623648,5.66829911008569,5.717128598314208,5.599203126747416,5.665374774956027,,,,,
1427,475.169304,5.234152377466405,5.3830691769831,5.43366482119301,5.2559515490829565,5.343503183723826,5.399828355857303,5.440852864156467,5.387409251943884,5.410057989981886,5.393481676041465,5.525671196890573,5.572559199319763,5.458077868118433,5.522456545462679,,,,,
1428,475.524,5.135926347695915,5.2819157999976944,5.33167296686032,5.158483894521048,5.24465191273206,5.299997686276562,5.340013086324563,5.287455810191346,5.309458967246491,5.293752816698296,5.4236606735288655,5.4691768011202555,5.357161932255834,5.420248415212081,,,,,
1429,475.678896,5.093268775559887,5.237972149064564,5.287360991963765,5.11612983099771,5.201695547232695,5.2566922259500215,5.296190534717523,5.24401931907353,5.265740901542455,5.250404899356972,5.379308952507514,5.424232803731012,5.313290664054588,5.37581300816211,,,,,
1430,476.168304,4.9600635332642895,5.100692194308507,5.1489237033630575,4.983778317163774,5.067457333608626,5.1212349255931695,5.159239646691896,5.108278718845456,5.129116686061716,5.114906861400728,5.240625045154967,5.283715027338723,5.176128217924797,5.236878066850057,,,,,
1431,476.523,4.864978527092407,5.002647788255138,5.050046679387379,4.889217429498266,4.9715443302052105,5.024345729277146,5.061383696646113,5.011290798525182,5.031494505493554,5.01806098953905,5.14145961482988,5.18325547506164,5.078067755314107,5.137543064496972,,,,,
1432,476.677896,4.8236807606318495,4.960052875902337,5.007086482763393,4.848124044851317,4.929862122016051,4.9823165907751745,5.01885573675263,4.969140909218999,4.989068622373568,4.975965082825242,5.09834539655696,5.139582825258531,5.035437762145208,5.094357257598026,,,,,
1433,477.167304,4.6947165990794755,4.826998590445838,4.872887516168216,4.7197215240240435,4.79961743909513,4.850860480271025,4.885965169848176,4.837433434136324,4.856495148072587,4.844392776678566,4.96355286369897,5.003063754521203,4.902175849660354,4.9593520696477835,,,,,
1434,477.522,4.602650017145432,4.731981596313576,4.7770502654898115,4.627989289282367,4.706568024116401,4.7568407485897835,4.791023218368654,4.743337468949348,4.761776824307437,4.7503614095822915,4.867188335914653,4.905483595895459,4.806920656503366,4.862846233517716,,,,,
1435,477.676896,4.717330340234394,4.756125951110672,4.767594701140971,4.648268013102571,4.641139057879997,4.671828338994849,4.715328213143893,4.73580654854827,4.80541689396397,4.819396663329401,4.892141507261939,4.899834353481633,4.818684322293288,4.865455133543447,,,,,
1436,478.166304,3.837258190285181,4.299296093250609,4.474693795072387,4.221860298814343,4.643386512831921,4.773203187007304,4.764067701997821,4.439240234157574,4.254039140911392,4.147471679292079,4.425940231386411,4.581335896603023,4.421670710849246,4.5094845372466255,,,,,
1437,478.521,1.8890303554644021,3.3080700324000256,3.915418757981534,3.3004929515232417,4.953646696897316,5.416651055502511,5.2331321262693695,3.86509498997902,3.030287858150956,2.641515451374976,3.412011782735673,3.9563977313247927,3.5827536573258723,3.7811763891006103,,,,,
1438,478.675896,9.741160700441712e-06,1.820574905270559e-05,2.6263747392538204e-05,1.8563690789925707e-05,9.871551723987226e-05,0.05359361805065667,0.00017644644171338562,2.5678197259532744e-05,1.5695543862739506e-05,1.31352647556766e-05,1.8724439007220783e-05,2.5608311634117525e-05,2.0892990350902325e-05,2.321912630365689e-05,,,,,
1439,479.165304,1.3942628799021956e-06,1.7409272757331522e-06,1.908490247788196e-06,1.7308084670621192e-06,2.236332654299874e-06,8.755110187056656e-07,2.3277803709197458e-06,1.8952826241230673e-06,1.6755343162340007e-06,1.5811432856859455e-06,1.7848002723276006e-06,1.9285314407506465e-06,1.8204860845962603e-06,1.8802234734433452e-06,,,,,
1440,479.52,3.148683524962999e-06,3.649708157005905e-06,3.867615317745492e-06,3.6161118445276284e-06,4.2273814617118236e-06,1.6092027872204778e-06,4.3451739214673395e-06,3.847955601651508e-06,3.5725623539063668e-06,3.4430968934704067e-06,3.739947087032849e-06,3.923417653147778e-06,3.768759709507507e-06,3.857070537264524e-06,,,,,
1441,479.674896,5.609740345408067e-07,6.317151542282753e-07,6.611822872686743e-07,6.249508850586079e-07,7.055346086280407e-07,2.601331843252438e-07,7.223190220381652e-07,6.582469709693983e-07,6.223784249192167e-07,6.047343540428353e-07,6.474245139868081e-07,6.718546601560922e-07,6.493756707148973e-07,6.624522745811985e-07,,,,,
1442,480.164304,2.3673995430033986e-07,2.604794554185002e-07,2.7004566979661794e-07,2.573791904194645e-07,2.8309553134734505e-07,9.968688354430915e-08,2.890363660187504e-07,2.690318712984556e-07,2.5799421323830836e-07,2.5231999502171746e-07,2.670914383588182e-07,2.7485580556258477e-07,2.669004660535159e-07,2.7161971104208484e-07,,,,,
1443,480.519,8.226831750391638e-07,8.919003847759751e-07,9.193668289563223e-07,8.812033543940431e-07,9.545894185664712e-07,3.495260860830204e-07,9.72762126811721e-07,9.163936244851276e-07,8.859343473386383e-07,8.698601892057324e-07,9.139539457089041e-07,9.359176082440459e-07,9.117482969973659e-07,9.262509081964331e-07,,,,,
1444,480.673896,1.790151465586291e-07,1.9305944585444314e-07,1.9856696049782468e-07,1.9058353147686973e-07,2.0525322890409705e-07,7.001270239000063e-08,2.0910557840774223e-07,1.9794899686874736e-07,1.9206201564089175e-07,1.8888241264662196e-07,1.9801778717871894e-07,2.0236827635326764e-07,1.972802111309108e-07,2.0036002595815198e-07,,,,,
1445,481.163304,9.128377344952544e-08,9.787964874755463e-08,1.0044104674380596e-07,9.654306247950542e-08,1.0336240717597626e-07,3.202414780836323e-08,1.0528416763438599e-07,1.0016046813873155e-07,9.755033412833365e-08,9.610438237119536e-08,1.0051931787752867e-07,1.0250868456471704e-07,1.0000126072163794e-07,1.0153484876216134e-07,,,,,
1446,481.518,3.73278971776416e-07,3.9626144987498963e-07,4.051396543700898e-07,3.9119173013985147e-07,4.148632723361339e-07,1.4726298923655618e-07,4.2184580656542315e-07,4.042002971267096e-07,3.9545062341777364e-07,3.9052290966061306e-07,4.0621780280274447e-07,4.130348916656868e-07,4.0400562830595693e-07,4.095639242890127e-07,,,,,
1447,481.672896,8.478138322381155e-08,9.008725911066755e-08,9.212447889683712e-08,8.882400933941302e-08,9.426578913602787e-08,2.854811455319636e-08,9.593777608219846e-08,9.19088475585461e-08,8.996512031469186e-08,8.885106034000199e-08,9.253911477506787e-08,9.408899732415544e-08,9.19421569459639e-08,9.327067554389213e-08,,,,,
1448,482.162304,4.571807710454099e-08,4.857690250369438e-08,4.9670251587433725e-08,4.7835939637835744e-08,5.077058922942748e-08,1.2438183369201238e-08,5.1717709680341175e-08,4.956429094687048e-08,4.8562955813128136e-08,4.797853025793148e-08,5.001527481189205e-08,5.0835954007854435e-08,4.963358065430545e-08,5.0382694079393586e-08,,,,,
1449,482.517,2.125817097957786e-07,2.2337388527917177e-07,2.2749235999395032e-07,2.2042127619837544e-07,2.315247110317215e-07,7.910865107593071e-08,2.352244847855506e-07,2.271254433570556e-07,2.2345807798692444e-07,2.2129209147717694e-07,2.291137240756356e-07,2.321773766498653e-07,2.2751751266263503e-07,2.3043341353801563e-07,,,,,
1450,482.671896,4.756521365753326e-08,5.022483754341259e-08,5.1235498632713754e-08,4.9458279317790613e-08,5.219413010749188e-08,1.2930866459895773e-08,5.3133296009132066e-08,5.1148231174467016e-08,5.0273437937524633e-08,4.9749203915500936e-08,5.170587019940815e-08,5.24524761601397e-08,5.127666039376894e-08,5.2015053569768167e-08,,,,,
1451,483.161304,2.563447208317004e-08,2.7177321271315144e-08,2.7762646766421935e-08,2.6705341645257102e-08,2.8301993970675702e-08,4.111126347193723e-09,2.8870200191114387e-08,2.7720002722390147e-08,2.72307294005355e-08,2.693353415699519e-08,2.8093498241004073e-08,2.852122988708384e-08,2.7816935439205727e-08,2.8261406960585828e-08,,,,,
1452,483.516,1.3691908884582265e-07,1.4301158264267738e-07,1.453209677665747e-07,1.4107384579301409e-07,1.474122292708879e-07,4.796630518498615e-08,1.4972160717418012e-07,1.4517769230903965e-07,1.4329242131522096e-07,1.4213725242299913e-07,1.467875439714262e-07,1.484629814692816e-07,1.4562034196857415e-07,1.474201115246487e-07,,,,,
1453,483.670896,2.905806352986642e-08,3.061927635617246e-08,3.1209008804070094e-08,3.0103006315221925e-08,3.173029614729798e-08,5.360547097012565e-09,3.233683181372315e-08,3.117527204123623e-08,3.07056987003807e-08,3.041437458575664e-08,3.16216078287939e-08,3.204723133104896e-08,3.130443521979394e-08,3.177595413853767e-08,,,,,
1454,484.160304,1.49886093374387e-08,1.5936634812159815e-08,1.6294552046094267e-08,1.5608514692765217e-08,1.6605626583840444e-08,0.0,1.698762094066702e-08,1.6280163569533605e-08,1.6003487905502792e-08,1.5830120603552978e-08,1.6577733725693997e-08,1.6833778067240323e-08,1.6370142468789193e-08,1.6665587026886092e-08,,,,,
1455,484.515,9.518103346799645e-08,9.903324230083357e-08,1.0048732727003074e-07,9.765894544493299e-08,1.0173969586616505e-07,3.109718831414665e-08,1.0333146601933629e-07,1.0044799584105282e-07,9.934610397613045e-08,9.865133929585956e-08,1.0173123017768876e-07,1.0276533614221238e-07,1.0084541170000904e-07,1.020719874721424e-07,,,,,
1456,484.669896,1.8488050645979264e-08,1.9500993863248624e-08,1.988216137391443e-08,1.9128282584773082e-08,2.0204662470732022e-08,1.105898188089533e-09,2.0632138794064764e-08,1.987432654920705e-08,1.9591772553704483e-08,1.941169172380138e-08,2.023094994594502e-08,2.05009798763714e-08,1.9987660729213223e-08,2.031626267217258e-08,,,,,
1457,485.159304,8.648052317787158e-09,9.28243968638247e-09,9.521172263534017e-09,9.040200396214563e-09,9.721809689573937e-09,0.0,9.998402739108006e-09,9.521009959993115e-09,9.348407769945423e-09,9.237633219559018e-09,9.760145708414066e-09,9.92804902485228e-09,9.598620813720472e-09,9.810167020219168e-09,,,,,
1458,485.514,6.964830523824387e-08,7.227721668701099e-08,7.326670536537152e-08,7.124798764960995e-08,7.409655368823227e-08,2.090376405454876e-08,7.526902064555559e-08,7.32809635877949e-08,7.257735209501813e-08,7.212391241020355e-08,7.431712191222491e-08,7.500968607948025e-08,7.362124137197357e-08,7.451472771337846e-08,,,,,
1459,485.668896,1.1864494002403611e-08,1.2568493363464952e-08,1.2832698967297947e-08,1.2285738314307168e-08,1.3051550182572559e-08,0.0,1.337139321823933e-08,1.2838589405802281e-08,1.2654346578267778e-08,1.2534502493929855e-08,1.3127995801643857e-08,1.331239836471054e-08,1.2935132510421667e-08,1.3178297166382337e-08,,,,,
1460,486.158304,4.555099455567406e-09,5.00587151272411e-09,5.1751086447765405e-09,4.819014162292481e-09,5.315555981587937e-09,0.0,5.5265594422896715e-09,5.182663594408315e-09,5.067082234808811e-09,4.991571280554063e-09,5.3781854042033735e-09,5.495601748447569e-09,5.248600497245705e-09,5.408224035239861e-09,,,,,
1461,486.513,5.284667515510635e-08,5.474149864131082e-08,5.545316496423951e-08,5.3938969245145044e-08,5.604595821311153e-08,1.4255312828153553e-08,5.6951618856449244e-08,5.549688113556293e-08,5.501745054585547e-08,5.4703511949866053e-08,5.6348544257018474e-08,5.684033536965568e-08,5.5785818952709045e-08,5.6468512094335936e-08,,,,,
1462,486.667896,7.42825292780552e-09,7.942577727889e-09,8.135209956186756e-09,7.719931835672904e-09,8.294416721336153e-09,0.0,8.544361800873319e-09,8.148797340388929e-09,8.02125359797185e-09,7.937063863331809e-09,8.38790945480575e-09,8.520761782376349e-09,8.230776839992842e-09,8.418756942229892e-09,,,,,
1463,487.157304,1.752422978343952e-09,2.087250063724046e-09,2.2127255480628277e-09,1.938208282355846e-09,2.3173671869814446e-09,0.0,2.484683555339569e-09,2.224660596725785e-09,2.142991045261697e-09,2.088972394225067e-09,2.387369984859327e-09,2.4734822264059265e-09,2.2807446062761803e-09,2.405967987108498e-09,,,,,
1464,487.512,4.1173946048625784e-08,4.2596628298535917e-08,4.313004418778903e-08,4.195109719678915e-08,4.3578685351610786e-08,9.667317284029028e-09,4.430368031739019e-08,4.319056859550067e-08,4.284718895545529e-08,4.2619918738723745e-08,4.390278683917503e-08,4.426766489975748e-08,4.343671642571234e-08,4.397742208035287e-08,,,,,
1465,487.666896,4.304314179352715e-09,4.6945163746768306e-09,4.840419118869283e-09,4.514045102082529e-09,4.962647522202029e-09,0.0,5.164529648309145e-09,4.858466171203884e-09,4.76597463760871e-09,4.704337602700509e-09,5.059378387963426e-09,5.1590494972647e-09,4.9284249528240725e-09,5.0786555982147744e-09,,,,,
1466,488.156304,0.0,2.012484906538321e-12,9.828460033363434e-11,0.0,1.801445561618502e-10,0.0,3.168348228145206e-10,1.1276295240120146e-10,5.256167395701604e-11,1.2446441594892945e-11,2.50360969292978e-10,3.158630435337223e-10,1.60766763984748e-10,2.6199679154283964e-10,,,,,
1467,488.511,3.271720876566595e-08,3.381968699491544e-08,3.4232424905890456e-08,3.328744059673283e-08,3.458775018866783e-08,6.36085471880099e-09,3.5184475427222145e-08,3.430268646077426e-08,3.40468021791337e-08,3.387643524030829e-08,3.490760493004824e-08,3.518767049034803e-08,3.451383126404841e-08,3.495423142134304e-08,,,,,
1468,488.665896,2.0168104058754683e-09,2.321683201797494e-09,2.4355147067188554e-09,2.171960120118554e-09,2.5334369117623765e-09,0.0,2.700784190968933e-09,2.4561774760347112e-09,2.3865584222403406e-09,2.3399387513985934e-09,2.6275368257257422e-09,2.704716662405606e-09,2.5163213346202584e-09,2.6395609589706404e-09,,,,,
1469,489.155304,0.0,0.0,0.0,0.0,0.0,0.0,0.0,0.0,0.0,0.0,0.0,0.0,0.0,0.0,,,,,
1470,489.51,2.638263142402905e-08,2.7258669506024907e-08,2.7586176074984766e-08,2.6810898732388065e-08,2.7877995607549514e-08,3.894633114531115e-09,2.8380195430574196e-08,2.7662032371458034e-08,2.7465067904407193e-08,2.7333728046457254e-08,2.8182858813362133e-08,2.8403700922675548e-08,2.784455913097139e-08,2.8211390162198675e-08,,,,,
1471,489.664896,2.8851277839517117e-10,5.323804973589849e-10,6.233113124503853e-10,4.0577940715753354e-10,7.044863964838241e-10,0.0,8.461388506134311e-10,6.45493049016419e-10,5.914579025133391e-10,5.552552021965731e-10,7.93571625435926e-10,8.548654284995024e-10,6.97603914634885e-10,8.008546281125178e-10,,,,,
1472,490.154304,0.0,0.0,0.0,0.0,0.0,0.0,0.0,0.0,0.0,0.0,0.0,0.0,0.0,0.0,,,,,
1473,490.509,2.150713630971601e-08,2.2217531117015395e-08,2.2482750640344547e-08,2.1834473543049e-08,2.2729548379067176e-08,2.0031092001557084e-09,2.315996596182371e-08,2.2561691211860712e-08,2.2405916828472254e-08,2.230230532122115e-08,2.3015475351187464e-08,2.319346497206562e-08,2.2720675065189043e-08,2.3031885912139017e-08,,,,,
1474,490.663896,0.0,0.0,0.0,0.0,0.0,0.0,0.0,0.0,0.0,0.0,0.0,0.0,0.0,0.0,,,,,
1475,491.153304,0.0,0.0,0.0,0.0,0.0,0.0,0.0,0.0,0.0,0.0,0.0,0.0,0.0,0.0,,,,,
1476,491.508,1.7669296335809808e-08,1.8255091995703362e-08,1.84734949168718e-08,1.7922735533355305e-08,1.8687272658248922e-08,5.185271514565627e-10,1.9061815389371053e-08,1.8553962341774297e-08,1.8427890393790692e-08,1.8344561288856948e-08,1.8953461622240494e-08,1.9099519725521265e-08,1.869341005504913e-08,1.8961506538884015e-08,,,,,
1477,491.662896,0.0,0.0,0.0,0.0,0.0,0.0,0.0,0.0,0.0,0.0,0.0,0.0,0.0,0.0,,,,,
1478,492.152304,0.0,0.0,0.0,0.0,0.0,0.0,0.0,0.0,0.0,0.0,0.0,0.0,0.0,0.0,,,,,
1479,492.507,1.459058032457266e-08,1.5080430979791136e-08,1.526280831455433e-08,1.4788561303110049e-08,1.54516672539976e-08,0.0,1.5781809408610736e-08,1.5343823003572512e-08,1.5239735853204897e-08,1.5171608611300034e-08,1.5698752544179994e-08,1.582042231218256e-08,1.546690674556241e-08,1.570087562282367e-08,,,,,
1480,492.661896,0.0,0.0,0.0,0.0,0.0,0.0,0.0,0.0,0.0,0.0,0.0,0.0,0.0,0.0,,,,,
1481,493.151304,0.0,0.0,0.0,0.0,0.0,0.0,0.0,0.0,0.0,0.0,0.0,0.0,0.0,0.0,,,,,
1482,493.506,1.2080740118466323e-08,1.2495224484946366e-08,1.2649321843474239e-08,1.223621780953791e-08,1.2818914738129228e-08,0.0,1.3113151070057799e-08,1.2730265279467075e-08,1.2642816297395682e-08,1.2586320951144366e-08,1.3048144934168408e-08,1.3150791760161434e-08,1.283951355884725e-08,1.3045983524238628e-08,,,,,
1483,493.660896,0.0,0.0,0.0,0.0,0.0,0.0,0.0,0.0,0.0,0.0,0.0,0.0,0.0,0.0,,,,,
1484,494.150304,0.0,0.0,0.0,0.0,0.0,0.0,0.0,0.0,0.0,0.0,0.0,0.0,0.0,0.0,,,,,
1485,494.505,1.000612790395102e-08,1.0360387169495739e-08,1.04919020264895e-08,1.0128436269286167e-08,1.0646288211837868e-08,0.0,1.0911049296563857e-08,1.0572386863754341e-08,1.0497772863187359e-08,1.045033694457318e-08,1.085912454880945e-08,1.0946661829060759e-08,1.0669832027998433e-08,1.0853802926332348e-08,,,,,
1486,494.659896,0.0,0.0,0.0,0.0,0.0,0.0,0.0,0.0,0.0,0.0,0.0,0.0,0.0,0.0,,,,,
1487,495.149304,0.0,0.0,0.0,0.0,0.0,0.0,0.0,0.0,0.0,0.0,0.0,0.0,0.0,0.0,,,,,
1488,495.504,8.270553872586338e-09,8.575963954873905e-09,8.689176925536498e-09,8.366566226346922e-09,8.831345835727513e-09,0.0,9.071594487397154e-09,8.768966717116076e-09,8.704419529758447e-09,8.664148506894941e-09,9.029267120448479e-09,9.10461182745092e-09,8.856256726205107e-09,9.021573485149505e-09,,,,,
1489,495.658896,0.0,0.0,0.0,0.0,0.0,0.0,0.0,0.0,0.0,0.0,0.0,0.0,0.0,0.0,,,,,
1490,496.148304,0.0,0.0,0.0,0.0,0.0,0.0,0.0,0.0,0.0,0.0,0.0,0.0,0.0,0.0,,,,,
1491,496.503,6.803309350219667e-09,7.068574663523951e-09,7.166761890393968e-09,6.878184224735775e-09,7.29896468298024e-09,0.0,7.518596182235133e-09,7.2457201862801195e-09,7.189183907602642e-09,7.154655675186398e-09,7.483376061487284e-09,7.548744014955513e-09,7.324202958400632e-09,7.473872830496408e-09,,,,,
1492,496.657896,0.0,0.0,0.0,0.0,0.0,0.0,0.0,0.0,0.0,0.0,0.0,0.0,0.0,0.0,,,,,
1493,497.147304,0.0,0.0,0.0,0.0,0.0,0.0,0.0,0.0,0.0,0.0,0.0,0.0,0.0,0.0,,,,,
1494,497.502,5.551442009563318e-09,5.7833306343270085e-09,5.869040682731368e-09,5.609116220755483e-09,5.993006659832012e-09,0.0,6.19512431432636e-09,5.94709804304163e-09,5.89701819351373e-09,5.8671471671876736e-09,6.1652012267955355e-09,6.222303893096039e-09,6.017885276041182e-09,6.154295728758108e-09,,,,,
1495,497.656896,0.0,0.0,0.0,0.0,0.0,0.0,0.0,0.0,0.0,0.0,0.0,0.0,0.0,0.0,,,,,
1496,498.146304,0.0,0.0,0.0,0.0,0.0,0.0,0.0,0.0,0.0,0.0,0.0,0.0,0.0,0.0,,,,,
1497,498.501,4.474638915905573e-09,4.678488737302492e-09,4.753733060746352e-09,4.518161649832836e-09,4.870814680973715e-09,0.0,5.0579238867833945e-09,4.830865285165163e-09,4.786047559813952e-09,4.759992562530356e-09,5.031961912076331e-09,5.082140838802216e-09,4.894881041388142e-09,5.019952836241948e-09,,,,,
1498,498.655896,0.0,0.0,0.0,0.0,0.0,0.0,0.0,0.0,0.0,0.0,0.0,0.0,0.0,0.0,,,,,
1499,499.145304,0.0,0.0,0.0,0.0,0.0,0.0,0.0,0.0,0.0,0.0,0.0,0.0,0.0,0.0,,,,,
1500,499.5,3.5417560741930055e-09,3.7218307324940367e-09,3.788217521352252e-09,3.573520262448951e-09,3.899489877000993e-09,0.0,4.0736375512001605e-09,3.864431062120064e-09,3.8239445540306945e-09,3.801045006192809e-09,4.05063736582649e-09,4.094958040095021e-09,3.922449037643073e-09,4.037745957523183e-09,,,,,
1501,499.654896,0.0,0.0,0.0,0.0,0.0,0.0,0.0,0.0,0.0,0.0,0.0,0.0,0.0,0.0,,,,,
1502,500.144304,0.0,0.0,0.0,0.0,0.0,0.0,0.0,0.0,0.0,0.0,0.0,0.0,0.0,0.0,,,,,
1503,500.499,2.7284146391992032e-09,2.8881586565201652e-09,2.946988714226114e-09,2.7503203634877864e-09,3.0533192297507072e-09,0.0,3.216195801742332e-09,3.0223107820908643e-09,2.9854203326825226e-09,2.965151178911391e-09,3.1954006347120824e-09,3.2347193010820663e-09,3.074983133862456e-09,3.181792059043133e-09,,,,,
1504,500.653896,0.0,0.0,0.0,0.0,0.0,0.0,0.0,0.0,0.0,0.0,0.0,0.0,0.0,0.0,,,,,
1505,501.143304,0.0,0.0,0.0,0.0,0.0,0.0,0.0,0.0,0.0,0.0,0.0,0.0,0.0,0.0,,,,,
1506,501.498,2.0153042315354766e-09,2.157529018359947e-09,2.20986562639706e-09,2.0288761695656212e-09,2.311963835300418e-09,0.0,2.4649790611356183e-09,2.284337416282426e-09,2.2504554637757566e-09,2.232394771743105e-09,2.4458093139980785e-09,2.4808213816502725e-09,2.3322172486323516e-09,2.4316075436576775e-09,,,,,
1507,501.652896,0.0,0.0,0.0,0.0,0.0,0.0,0.0,0.0,0.0,0.0,0.0,0.0,0.0,0.0,,,,,
1508,502.142304,0.0,0.0,0.0,0.0,0.0,0.0,0.0,0.0,0.0,0.0,0.0,0.0,0.0,0.0,,,,,
1509,502.497,1.3869648020915812e-09,1.5139863739316064e-09,1.5607069974470675e-09,1.3934379903218837e-09,1.6591607159734237e-09,0.0,1.8035008603935931e-09,1.634379020001117e-09,1.6030307607763732e-09,1.5868360575092782e-09,1.785507921512222e-09,1.8167835917224542e-09,1.6779380718281198e-09,1.7708062751181823e-09,,,,,
1510,502.651896,0.0,0.0,0.0,0.0,0.0,0.0,0.0,0.0,0.0,0.0,0.0,0.0,0.0,0.0,,,,,
1511,503.141304,0.0,0.0,0.0,0.0,0.0,0.0,0.0,0.0,0.0,0.0,0.0,0.0,0.0,0.0,,,,,
1512,503.496,8.308984792533057e-10,9.446408541873837e-10,9.864759501083206e-10,8.312818470227556e-10,1.0817779878935144e-09,0.0,1.2184495277558367e-09,1.0594048041069312e-09,1.0302026078533655e-09,1.0155933467510126e-09,1.2012826681412136e-09,1.2292935342608458e-09,1.0990474734858768e-09,1.1861513751991707e-09,,,,,
1513,503.650896,0.0,0.0,0.0,0.0,0.0,0.0,0.0,0.0,0.0,0.0,0.0,0.0,0.0,0.0,,,,,
1514,504.140304,0.0,0.0,0.0,0.0,0.0,0.0,0.0,0.0,0.0,0.0,0.0,0.0,0.0,0.0,,,,,
1515,504.495,3.369128572142811e-10,4.389866807301898e-10,4.765492013387895e-10,3.32036914301827e-10,5.691173767097124e-10,0.0,6.989808094244223e-10,5.487953437893321e-10,5.214197065273071e-10,5.081641048996624e-10,6.823631379121245e-10,7.075023060920444e-10,5.848698941737618e-10,6.668548381727145e-10,,,,,
1516,504.649896,0.0,0.0,0.0,0.0,0.0,0.0,0.0,0.0,0.0,0.0,0.0,0.0,0.0,0.0,,,,,
1517,505.139304,0.0,0.0,0.0,0.0,0.0,0.0,0.0,0.0,0.0,0.0,0.0,0.0,0.0,0.0,,,,,
1518,505.494,0.0,0.0,2.220027071511888e-11,0.0,1.1239261504200624e-10,0.0,2.3618890469022647e-10,9.382648520983599e-11,6.801167056669856e-11,5.591670836841299e-11,2.1989968896000326e-10,2.4249718044184673e-10,1.266340649078628e-10,2.040534755001041e-10,,,,,
1519,505.648896,0.0,0.0,0.0,0.0,0.0,0.0,0.0,0.0,0.0,0.0,0.0,0.0,0.0,0.0,,,,,
1520,506.138304,0.0,0.0,0.0,0.0,0.0,0.0,0.0,0.0,0.0,0.0,0.0,0.0,0.0,0.0,,,,,
1521,506.493,0.0,0.0,0.0,0.0,0.0,0.0,0.0,0.0,0.0,0.0,0.0,0.0,0.0,0.0,,,,,
1522,506.647896,0.0,0.0,0.0,0.0,0.0,0.0,0.0,0.0,0.0,0.0,0.0,0.0,0.0,0.0,,,,,
1523,507.137304,0.0,0.0,0.0,0.0,0.0,0.0,0.0,0.0,0.0,0.0,0.0,0.0,0.0,0.0,,,,,
1524,507.492,0.0,0.0,0.0,0.0,0.0,0.0,0.0,0.0,0.0,0.0,0.0,0.0,0.0,0.0,,,,,
1525,507.646896,0.0,0.0,0.0,0.0,0.0,0.0,0.0,0.0,0.0,0.0,0.0,0.0,0.0,0.0,,,,,
1526,508.136304,0.0,0.0,0.0,0.0,0.0,0.0,0.0,0.0,0.0,0.0,0.0,0.0,0.0,0.0,,,,,
1527,508.491,0.0,0.0,0.0,0.0,0.0,0.0,0.0,0.0,0.0,0.0,0.0,0.0,0.0,0.0,,,,,
1528,508.645896,0.0,0.0,0.0,0.0,0.0,0.0,0.0,0.0,0.0,0.0,0.0,0.0,0.0,0.0,,,,,
1529,509.135304,0.0,0.0,0.0,0.0,0.0,0.0,0.0,0.0,0.0,0.0,0.0,0.0,0.0,0.0,,,,,
1530,509.49,0.0,0.0,0.0,0.0,0.0,0.0,0.0,0.0,0.0,0.0,0.0,0.0,0.0,0.0,,,,,
1531,509.644896,0.0,0.0,0.0,0.0,0.0,0.0,0.0,0.0,0.0,0.0,0.0,0.0,0.0,0.0,,,,,
1532,510.134304,0.0,0.0,0.0,0.0,0.0,0.0,0.0,0.0,0.0,0.0,0.0,0.0,0.0,0.0,,,,,
1533,510.489,0.0,0.0,0.0,0.0,0.0,0.0,0.0,0.0,0.0,0.0,0.0,0.0,0.0,0.0,,,,,
1534,510.643896,0.0,0.0,0.0,0.0,0.0,0.0,0.0,0.0,0.0,0.0,0.0,0.0,0.0,0.0,,,,,
1535,511.133304,0.0,0.0,0.0,0.0,0.0,0.0,0.0,0.0,0.0,0.0,0.0,0.0,0.0,0.0,,,,,
1536,511.488,0.0,0.0,0.0,0.0,0.0,0.0,0.0,0.0,0.0,0.0,0.0,0.0,0.0,0.0,,,,,
1537,511.642896,0.0,0.0,0.0,0.0,0.0,0.0,0.0,0.0,0.0,0.0,0.0,0.0,0.0,0.0,,,,,
1538,512.132304,0.0,0.0,0.0,0.0,0.0,0.0,0.0,0.0,0.0,0.0,0.0,0.0,0.0,0.0,,,,,
1539,512.487,0.0,0.0,0.0,0.0,0.0,0.0,0.0,0.0,0.0,0.0,0.0,0.0,0.0,0.0,,,,,
1540,512.641896,0.0,0.0,0.0,0.0,0.0,0.0,0.0,0.0,0.0,0.0,0.0,0.0,0.0,0.0,,,,,
1541,513.131304,0.0,0.0,0.0,0.0,0.0,0.0,0.0,0.0,0.0,0.0,0.0,0.0,0.0,0.0,,,,,
1542,513.486,0.0,0.0,0.0,0.0,0.0,0.0,0.0,0.0,0.0,0.0,0.0,0.0,0.0,0.0,,,,,
1543,513.640896,0.0,0.0,0.0,0.0,0.0,0.0,0.0,0.0,0.0,0.0,0.0,0.0,0.0,0.0,,,,,
1544,514.130304,0.0,0.0,0.0,0.0,0.0,0.0,0.0,0.0,0.0,0.0,0.0,0.0,0.0,0.0,,,,,
1545,514.485,0.0,0.0,0.0,0.0,0.0,0.0,0.0,0.0,0.0,0.0,0.0,0.0,0.0,0.0,,,,,
1546,514.639896,0.0,0.0,0.0,0.0,0.0,0.0,0.0,0.0,0.0,0.0,0.0,0.0,0.0,0.0,,,,,
1547,515.129304,0.0,0.0,0.0,0.0,0.0,0.0,0.0,0.0,0.0,0.0,0.0,0.0,0.0,0.0,,,,,
1548,515.484,0.0,0.0,0.0,0.0,0.0,0.0,0.0,0.0,0.0,0.0,0.0,0.0,0.0,0.0,,,,,
1549,515.638896,0.0,0.0,0.0,0.0,0.0,0.0,0.0,0.0,0.0,0.0,0.0,0.0,0.0,0.0,,,,,
1550,516.128304,0.0,0.0,0.0,0.0,0.0,0.0,0.0,0.0,0.0,0.0,0.0,0.0,0.0,0.0,,,,,
1551,516.483,0.0,0.0,0.0,0.0,0.0,0.0,0.0,0.0,0.0,0.0,0.0,0.0,0.0,0.0,,,,,
1552,516.637896,0.0,0.0,0.0,0.0,0.0,0.0,0.0,0.0,0.0,0.0,0.0,0.0,0.0,0.0,,,,,
1553,517.127304,0.0,0.0,0.0,0.0,0.0,0.0,0.0,0.0,0.0,0.0,0.0,0.0,0.0,0.0,,,,,
1554,517.482,0.0,0.0,0.0,0.0,0.0,0.0,0.0,0.0,0.0,0.0,0.0,0.0,0.0,0.0,,,,,
1555,517.636896,0.0,0.0,0.0,0.0,0.0,0.0,0.0,0.0,0.0,0.0,0.0,0.0,0.0,0.0,,,,,
1556,518.126304,0.0,0.0,0.0,0.0,0.0,0.0,0.0,0.0,0.0,0.0,0.0,0.0,0.0,0.0,,,,,
1557,518.481,0.0,0.0,0.0,0.0,0.0,0.0,0.0,0.0,0.0,0.0,0.0,0.0,0.0,0.0,,,,,
1558,518.635896,0.0,0.0,0.0,0.0,0.0,0.0,0.0,0.0,0.0,0.0,0.0,0.0,0.0,0.0,,,,,
1559,519.125304,0.0,0.0,0.0,0.0,0.0,0.0,0.0,0.0,0.0,0.0,0.0,0.0,0.0,0.0,,,,,
1560,519.48,0.0,0.0,0.0,0.0,0.0,0.0,0.0,0.0,0.0,0.0,0.0,0.0,0.0,0.0,,,,,
1561,519.634896,0.0,0.0,0.0,0.0,0.0,0.0,0.0,0.0,0.0,0.0,0.0,0.0,0.0,0.0,,,,,
1562,520.124304,0.0,0.0,0.0,0.0,0.0,0.0,0.0,0.0,0.0,0.0,0.0,0.0,0.0,0.0,,,,,
1563,520.479,0.0,0.0,0.0,0.0,0.0,0.0,0.0,0.0,0.0,0.0,0.0,0.0,0.0,0.0,,,,,
1564,520.633896,0.0,0.0,0.0,0.0,0.0,0.0,0.0,0.0,0.0,0.0,0.0,0.0,0.0,0.0,,,,,
1565,521.123304,0.0,0.0,0.0,0.0,0.0,0.0,0.0,0.0,0.0,0.0,0.0,0.0,0.0,0.0,,,,,
1566,521.478,0.0,0.0,0.0,0.0,0.0,0.0,0.0,0.0,0.0,0.0,0.0,0.0,0.0,0.0,,,,,
1567,521.632896,0.0,0.0,0.0,0.0,0.0,0.0,0.0,0.0,0.0,0.0,0.0,0.0,0.0,0.0,,,,,
1568,522.122304,0.0,0.0,0.0,0.0,0.0,0.0,0.0,0.0,0.0,0.0,0.0,0.0,0.0,0.0,,,,,
1569,522.477,0.0,0.0,0.0,0.0,0.0,0.0,0.0,0.0,0.0,0.0,0.0,0.0,0.0,0.0,,,,,
1570,522.631896,0.0,0.0,0.0,0.0,0.0,0.0,0.0,0.0,0.0,0.0,0.0,0.0,0.0,0.0,,,,,
1571,523.121304,0.0,0.0,0.0,0.0,0.0,0.0,0.0,0.0,0.0,0.0,0.0,0.0,0.0,0.0,,,,,
1572,523.476,0.0,0.0,0.0,0.0,0.0,0.0,0.0,0.0,0.0,0.0,0.0,0.0,0.0,0.0,,,,,
1573,523.630896,0.0,0.0,0.0,0.0,0.0,0.0,0.0,0.0,0.0,0.0,0.0,0.0,0.0,0.0,,,,,
1574,524.120304,0.0,0.0,0.0,0.0,0.0,0.0,0.0,0.0,0.0,0.0,0.0,0.0,0.0,0.0,,,,,
1575,524.475,0.0,0.0,0.0,0.0,0.0,0.0,0.0,0.0,0.0,0.0,0.0,0.0,0.0,0.0,,,,,
1576,524.629896,0.0,0.0,0.0,0.0,0.0,0.0,0.0,0.0,0.0,0.0,0.0,0.0,0.0,0.0,,,,,
1577,525.119304,0.0,0.0,0.0,0.0,0.0,0.0,0.0,0.0,0.0,0.0,0.0,0.0,0.0,0.0,,,,,
1578,525.474,0.0,0.0,0.0,0.0,0.0,0.0,0.0,0.0,0.0,0.0,0.0,0.0,0.0,0.0,,,,,
1579,525.628896,0.0,0.0,0.0,0.0,0.0,0.0,0.0,0.0,0.0,0.0,0.0,0.0,0.0,0.0,,,,,
1580,526.118304,0.0,0.0,0.0,0.0,0.0,0.0,0.0,0.0,0.0,0.0,0.0,0.0,0.0,0.0,,,,,
1581,526.473,0.0,0.0,0.0,0.0,0.0,0.0,0.0,0.0,0.0,0.0,0.0,0.0,0.0,0.0,,,,,
1582,526.627896,0.0,0.0,0.0,0.0,0.0,0.0,0.0,0.0,0.0,0.0,0.0,0.0,0.0,0.0,,,,,
1583,527.117304,0.0,0.0,0.0,0.0,0.0,0.0,0.0,0.0,0.0,0.0,0.0,0.0,0.0,0.0,,,,,
1584,527.472,0.0,0.0,0.0,0.0,0.0,0.0,0.0,0.0,0.0,0.0,0.0,0.0,0.0,0.0,,,,,
1585,527.626896,0.0,0.0,0.0,0.0,0.0,0.0,0.0,0.0,0.0,0.0,0.0,0.0,0.0,0.0,,,,,
1586,528.116304,0.0,0.0,0.0,0.0,0.0,0.0,0.0,0.0,0.0,0.0,0.0,0.0,0.0,0.0,,,,,
1587,528.471,0.0,0.0,0.0,0.0,0.0,0.0,0.0,0.0,0.0,0.0,0.0,0.0,0.0,0.0,,,,,
1588,528.625896,0.0,0.0,0.0,0.0,0.0,0.0,0.0,0.0,0.0,0.0,0.0,0.0,0.0,0.0,,,,,
1589,529.115304,0.0,0.0,0.0,0.0,0.0,0.0,0.0,0.0,0.0,0.0,0.0,0.0,0.0,0.0,,,,,
1590,529.47,0.0,0.0,0.0,0.0,0.0,0.0,0.0,0.0,0.0,0.0,0.0,0.0,0.0,0.0,,,,,
1591,529.624896,0.0,0.0,0.0,0.0,0.0,0.0,0.0,0.0,0.0,0.0,0.0,0.0,0.0,0.0,,,,,
1592,530.114304,0.0,0.0,0.0,0.0,0.0,0.0,0.0,0.0,0.0,0.0,0.0,0.0,0.0,0.0,,,,,
1593,530.469,0.0,0.0,0.0,0.0,0.0,0.0,0.0,0.0,0.0,0.0,0.0,0.0,0.0,0.0,,,,,
1594,530.623896,0.0,0.0,0.0,0.0,0.0,0.0,0.0,0.0,0.0,0.0,0.0,0.0,0.0,0.0,,,,,
1595,531.113304,0.0,0.0,0.0,0.0,0.0,0.0,0.0,0.0,0.0,0.0,0.0,0.0,0.0,0.0,,,,,
1596,531.468,0.0,0.0,0.0,0.0,0.0,0.0,0.0,0.0,0.0,0.0,0.0,0.0,0.0,0.0,,,,,
1597,531.622896,0.0,0.0,0.0,0.0,0.0,0.0,0.0,0.0,0.0,0.0,0.0,0.0,0.0,0.0,,,,,
1598,532.112304,0.0,0.0,0.0,0.0,0.0,0.0,0.0,0.0,0.0,0.0,0.0,0.0,0.0,0.0,,,,,
1599,532.467,0.0,0.0,0.0,0.0,0.0,0.0,0.0,0.0,0.0,0.0,0.0,0.0,0.0,0.0,,,,,
1600,532.621896,0.0,0.0,0.0,0.0,0.0,0.0,0.0,0.0,0.0,0.0,0.0,0.0,0.0,0.0,,,,,
1601,533.111304,0.0,0.0,0.0,0.0,0.0,0.0,0.0,0.0,0.0,0.0,0.0,0.0,0.0,0.0,,,,,
1602,533.466,0.0,0.0,0.0,0.0,0.0,0.0,0.0,0.0,0.0,0.0,0.0,0.0,0.0,0.0,,,,,
1603,533.620896,0.0,0.0,0.0,0.0,0.0,0.0,0.0,0.0,0.0,0.0,0.0,0.0,0.0,0.0,,,,,
1604,534.110304,0.0,0.0,0.0,0.0,0.0,0.0,0.0,0.0,0.0,0.0,0.0,0.0,0.0,0.0,,,,,
1605,534.465,0.0,0.0,0.0,0.0,0.0,0.0,0.0,0.0,0.0,0.0,0.0,0.0,0.0,0.0,,,,,
1606,534.619896,0.0,0.0,0.0,0.0,0.0,0.0,0.0,0.0,0.0,0.0,0.0,0.0,0.0,0.0,,,,,
1607,535.109304,0.0,0.0,0.0,0.0,0.0,0.0,0.0,0.0,0.0,0.0,0.0,0.0,0.0,0.0,,,,,
1608,535.464,0.0,0.0,0.0,0.0,0.0,0.0,0.0,0.0,0.0,0.0,0.0,0.0,0.0,0.0,,,,,
1609,535.618896,0.0,0.0,0.0,0.0,0.0,0.0,0.0,0.0,0.0,0.0,0.0,0.0,0.0,0.0,,,,,
1610,536.108304,0.0,0.0,0.0,0.0,0.0,0.0,0.0,0.0,0.0,0.0,0.0,0.0,0.0,0.0,,,,,
1611,536.463,0.0,0.0,0.0,0.0,0.0,0.0,0.0,0.0,0.0,0.0,0.0,0.0,0.0,0.0,,,,,
1612,536.617896,0.0,0.0,0.0,0.0,0.0,0.0,0.0,0.0,0.0,0.0,0.0,0.0,0.0,0.0,,,,,
1613,537.107304,0.0,0.0,0.0,0.0,0.0,0.0,0.0,0.0,0.0,0.0,0.0,0.0,0.0,0.0,,,,,
1614,537.462,0.0,0.0,0.0,0.0,0.0,0.0,0.0,0.0,0.0,0.0,0.0,0.0,0.0,0.0,,,,,
1615,537.616896,0.0,0.0,0.0,0.0,0.0,0.0,0.0,0.0,0.0,0.0,0.0,0.0,0.0,0.0,,,,,
1616,538.106304,0.0,0.0,0.0,0.0,0.0,0.0,0.0,0.0,0.0,0.0,0.0,0.0,0.0,0.0,,,,,
1617,538.461,0.0,0.0,0.0,0.0,0.0,0.0,0.0,0.0,0.0,0.0,0.0,0.0,0.0,0.0,,,,,
1618,538.615896,0.0,0.0,0.0,0.0,0.0,0.0,0.0,0.0,0.0,0.0,0.0,0.0,0.0,0.0,,,,,
1619,539.105304,0.0,0.0,0.0,0.0,0.0,0.0,0.0,0.0,0.0,0.0,0.0,0.0,0.0,0.0,,,,,
1620,539.46,0.0,0.0,0.0,0.0,0.0,0.0,0.0,0.0,0.0,0.0,0.0,0.0,0.0,0.0,,,,,
1621,539.614896,0.0,0.0,0.0,0.0,0.0,0.0,0.0,0.0,0.0,0.0,0.0,0.0,0.0,0.0,,,,,
1622,540.104304,0.0,0.0,0.0,0.0,0.0,0.0,0.0,0.0,0.0,0.0,0.0,0.0,0.0,0.0,,,,,
1623,540.459,0.0,0.0,0.0,0.0,0.0,0.0,0.0,0.0,0.0,0.0,0.0,0.0,0.0,0.0,,,,,
1624,540.613896,0.0,0.0,0.0,0.0,0.0,0.0,0.0,0.0,0.0,0.0,0.0,0.0,0.0,0.0,,,,,
1625,541.103304,0.0,0.0,0.0,0.0,0.0,0.0,0.0,0.0,0.0,0.0,0.0,0.0,0.0,0.0,,,,,
1626,541.458,0.0,0.0,0.0,0.0,0.0,0.0,0.0,0.0,0.0,0.0,0.0,0.0,0.0,0.0,,,,,
1627,541.612896,0.0,0.0,0.0,0.0,0.0,0.0,0.0,0.0,0.0,0.0,0.0,0.0,0.0,0.0,,,,,
1628,542.102304,0.0,0.0,0.0,0.0,0.0,0.0,0.0,0.0,0.0,0.0,0.0,0.0,0.0,0.0,,,,,
1629,542.457,0.0,0.0,0.0,0.0,0.0,0.0,0.0,0.0,0.0,0.0,0.0,0.0,0.0,0.0,,,,,
1630,542.611896,0.0,0.0,0.0,0.0,0.0,0.0,0.0,0.0,0.0,0.0,0.0,0.0,0.0,0.0,,,,,
1631,543.101304,0.0,0.0,0.0,0.0,0.0,0.0,0.0,0.0,0.0,0.0,0.0,0.0,0.0,0.0,,,,,
1632,543.456,0.0,0.0,0.0,0.0,0.0,0.0,0.0,0.0,0.0,0.0,0.0,0.0,0.0,0.0,,,,,
1633,543.610896,0.0,0.0,0.0,0.0,0.0,0.0,0.0,0.0,0.0,0.0,0.0,0.0,0.0,0.0,,,,,
1634,544.100304,0.0,0.0,0.0,0.0,0.0,0.0,0.0,0.0,0.0,0.0,0.0,0.0,0.0,0.0,,,,,
1635,544.455,0.0,0.0,0.0,0.0,0.0,0.0,0.0,0.0,0.0,0.0,0.0,0.0,0.0,0.0,,,,,
1636,544.609896,0.0,0.0,0.0,0.0,0.0,0.0,0.0,0.0,0.0,0.0,0.0,0.0,0.0,0.0,,,,,
1637,545.099304,0.0,0.0,0.0,0.0,0.0,0.0,0.0,0.0,0.0,0.0,0.0,0.0,0.0,0.0,,,,,
1638,545.454,0.0,0.0,0.0,0.0,0.0,0.0,0.0,0.0,0.0,0.0,0.0,0.0,0.0,0.0,,,,,
1639,545.608896,0.0,0.0,0.0,0.0,0.0,0.0,0.0,0.0,0.0,0.0,0.0,0.0,0.0,0.0,,,,,
1640,546.098304,0.0,0.0,0.0,0.0,0.0,0.0,0.0,0.0,0.0,0.0,0.0,0.0,0.0,0.0,,,,,
1641,546.453,0.0,0.0,0.0,0.0,0.0,0.0,0.0,0.0,0.0,0.0,0.0,0.0,0.0,0.0,,,,,
1642,546.607896,0.0,0.0,0.0,0.0,0.0,0.0,0.0,0.0,0.0,0.0,0.0,0.0,0.0,0.0,,,,,
1643,547.097304,0.0,0.0,0.0,0.0,0.0,0.0,0.0,0.0,0.0,0.0,0.0,0.0,0.0,0.0,,,,,
1644,547.452,2.2092965675349057e-10,1.8259575564886e-10,1.8561491773045896e-10,1.3570512486231867e-10,3.4442868596258667e-10,0.0,4.5529403988013294e-10,3.264855069917933e-10,2.877436136918034e-10,2.7222133196796375e-10,3.6853998099348415e-10,3.5278164802324e-10,2.726334046005576e-10,3.203395401028965e-10,,,,,
1645,547.606896,0.0,0.0,0.0,0.0,0.0,0.0,0.0,0.0,0.0,0.0,0.0,0.0,0.0,0.0,,,,,
1646,548.096304,0.0,0.0,0.0,0.0,0.0,0.0,0.0,0.0,0.0,0.0,0.0,0.0,0.0,0.0,,,,,
1647,548.451,8.218257513519549e-10,7.807237760697592e-10,7.838604231861804e-10,7.325705396090208e-10,9.540185888607253e-10,0.0,1.0712909137569932e-09,9.343616558474454e-10,8.924757833792186e-10,8.751849649671056e-10,9.76733184461572e-10,9.59728953536613e-10,8.755364691960318e-10,9.256746294836678e-10,,,,,
1648,548.605896,0.0,0.0,0.0,0.0,0.0,0.0,0.0,0.0,0.0,0.0,0.0,0.0,0.0,0.0,,,,,
1649,549.095304,0.0,0.0,0.0,0.0,0.0,0.0,0.0,0.0,0.0,0.0,0.0,0.0,0.0,0.0,,,,,
1650,549.45,1.5325933600593749e-09,1.4885644906460366e-09,1.491809359430651e-09,1.4388232150565855e-09,1.6754354053769703e-09,0.0,1.8003631006300564e-09,1.6537042300450962e-09,1.608063323730845e-09,1.5886006167841399e-09,1.6965781401735031e-09,1.6782180074005558e-09,1.5892165650566382e-09,1.6423132968715387e-09,,,,,
1651,549.604896,0.0,0.0,0.0,0.0,0.0,0.0,0.0,0.0,0.0,0.0,0.0,0.0,0.0,0.0,,,,,
1652,550.094304,0.0,0.0,0.0,0.0,0.0,0.0,0.0,0.0,0.0,0.0,0.0,0.0,0.0,0.0,,,,,
1653,550.449,2.378918553793893e-09,2.3318190167343845e-09,2.335146645745059e-09,2.280096813925726e-09,2.534911527081802e-09,0.0,2.6690499599492113e-09,2.510643206119408e-09,2.460471123852155e-09,2.4383078068134145e-09,2.554236664788279e-09,2.5344025474775477e-09,2.439658780546121e-09,2.4963731793498855e-09,,,,,
1654,550.603896,0.0,0.0,0.0,0.0,0.0,0.0,0.0,0.0,0.0,0.0,0.0,0.0,0.0,0.0,,,,,
1655,551.093304,0.0,0.0,0.0,0.0,0.0,0.0,0.0,0.0,0.0,0.0,0.0,0.0,0.0,0.0,,,,,
1656,551.448,3.328364399240433e-09,3.278067891703478e-09,3.281495350684067e-09,3.2241939005413692e-09,3.4995288016993506e-09,0.0,3.644053925895638e-09,3.4723512052288343e-09,3.417011600110943e-09,3.3916930211815883e-09,3.5167102962113044e-09,3.4952917475240304e-09,3.3941341577473528e-09,3.4549469185343115e-09,,,,,
1657,551.602896,0.0,0.0,0.0,0.0,0.0,0.0,0.0,0.0,0.0,0.0,0.0,0.0,0.0,0.0,,,,,
1658,552.092304,0.0,0.0,0.0,0.0,0.0,0.0,0.0,0.0,0.0,0.0,0.0,0.0,0.0,0.0,,,,,
1659,552.447,4.385300272075057e-09,4.331695795204008e-09,4.335253524581655e-09,4.275538455010634e-09,4.573820714363636e-09,0.0,4.729962043969724e-09,4.543334695121735e-09,4.482142265228763e-09,4.453165988097317e-09,4.588470229850945e-09,4.5653539581552235e-09,4.457097461310548e-09,4.52250838118787e-09,,,,,
1660,552.601896,0.0,0.0,0.0,0.0,0.0,0.0,0.0,0.0,0.0,0.0,0.0,0.0,0.0,0.0,,,,,
1661,553.091304,0.0,0.0,0.0,0.0,0.0,0.0,0.0,0.0,0.0,0.0,0.0,0.0,0.0,0.0,,,,,
1662,553.446,5.563327510771017e-09,5.506327122622589e-09,5.5100536633989205e-09,5.447759525262345e-09,5.771738468527174e-09,0.0,5.940889552735682e-09,5.737484607628724e-09,5.669651303326807e-09,5.636427960435994e-09,5.783397149776522e-09,5.758466051551338e-09,5.642346946733878e-09,5.712924881295287e-09,,,,,
1663,553.600896,0.0,0.0,0.0,0.0,0.0,0.0,0.0,0.0,0.0,0.0,0.0,0.0,0.0,0.0,,,,,
1664,554.090304,0.0,0.0,0.0,0.0,0.0,0.0,0.0,0.0,0.0,0.0,0.0,0.0,0.0,0.0,,,,,
1665,554.445,6.881265963636093e-09,6.820817924448938e-09,6.8247590183871315e-09,6.7597082762884975e-09,7.112579803253418e-09,0.0,7.296362700570188e-09,7.074016362854224e-09,6.998615121181223e-09,6.960438323379868e-09,7.120703104182231e-09,7.093837728048621e-09,6.968980507480258e-09,7.0453923880608495e-09,,,,,
1666,554.599896,0.0,0.0,0.0,0.0,0.0,0.0,0.0,0.0,0.0,0.0,0.0,0.0,0.0,0.0,,,,,
1667,555.089304,0.0,0.0,0.0,0.0,0.0,0.0,0.0,0.0,0.0,0.0,0.0,0.0,0.0,0.0,,,,,
1668,555.444,8.361706678785797e-09,8.297813306117839e-09,8.302023364527903e-09,8.234026526917431e-09,8.619526637189167e-09,0.0,8.81984037266506e-09,8.576010966087329e-09,8.491944583255179e-09,8.447962310698415e-09,8.623465191837016e-09,8.594546834785338e-09,8.459943123182345e-09,8.542975868587839e-09,,,,,
1669,555.598896,0.0,0.0,0.0,0.0,0.0,0.0,0.0,0.0,0.0,0.0,0.0,0.0,0.0,0.0,,,,,
1670,556.088304,0.0,0.0,0.0,0.0,0.0,0.0,0.0,0.0,0.0,0.0,0.0,0.0,0.0,0.0,,,,,
1671,556.443,1.0031952344677505e-08,9.964695097509353e-09,9.96923902101247e-09,9.898095433746517e-09,1.03206181343302e-08,0.0,1.053969995984081e-08,1.0271382910450283e-08,1.017734431907123e-08,1.0126521852540235e-08,1.031959347320338e-08,1.0288509012079761e-08,1.0142991594631896e-08,1.0233580108744268e-08,,,,,
1672,556.597896,0.0,0.0,0.0,0.0,0.0,0.0,0.0,0.0,0.0,0.0,0.0,0.0,0.0,0.0,,,,,
1673,557.087304,0.0,0.0,0.0,0.0,0.0,0.0,0.0,0.0,0.0,0.0,0.0,0.0,0.0,0.0,,,,,
1674,557.442,1.1925242441275415e-08,1.1854817303234257e-08,1.1859772749611254e-08,1.1785272447933972e-08,1.225001976138889e-08,0.0,1.2490523327748478e-08,1.219414234438939e-08,1.2088563432304675e-08,1.2029634846955105e-08,1.224309321239894e-08,1.2209742508305296e-08,1.205195306716246e-08,1.215121636867311e-08,,,,,
1675,557.596896,0.0,0.0,0.0,0.0,0.0,0.0,0.0,0.0,0.0,0.0,0.0,0.0,0.0,0.0,,,,,
1676,558.086304,0.0,0.0,0.0,0.0,0.0,0.0,0.0,0.0,0.0,0.0,0.0,0.0,0.0,0.0,,,,,
1677,558.441,1.408236587751085e-08,1.4009133551604297e-08,1.4014593779454175e-08,1.3936521008215386e-08,1.4449695714863768e-08,0.0,1.4714791837297509e-08,1.4386058197368592e-08,1.4267043173117644e-08,1.419844718441959e-08,1.4435728195522407e-08,1.4400035331442164e-08,1.4228384052752578e-08,1.433767240102797e-08,,,,,
1678,558.595896,0.0,0.0,0.0,0.0,0.0,0.0,0.0,0.0,0.0,0.0,0.0,0.0,0.0,0.0,,,,,
1679,559.085304,0.0,0.0,0.0,0.0,0.0,0.0,0.0,0.0,0.0,0.0,0.0,0.0,0.0,0.0,,,,,
1680,559.44,1.6553807543892053e-08,1.6478365174970075e-08,1.6484442632271822e-08,1.640258198224215e-08,1.6971637940279037e-08,0.0,1.7265145920029356e-08,1.6898874483344284e-08,1.6764112136920192e-08,1.668390626286692e-08,1.6949237433174983e-08,1.691116770176913e-08,1.6723782281049897e-08,1.6844739363256795e-08,,,,,
1681,559.594896,0.0,0.0,0.0,0.0,0.0,0.0,0.0,0.0,0.0,0.0,0.0,0.0,0.0,0.0,,,,,
1682,560.084304,0.0,0.0,0.0,0.0,0.0,0.0,0.0,0.0,0.0,0.0,0.0,0.0,0.0,0.0,,,,,
1683,560.439,1.940264046159942e-08,1.9325925022650766e-08,1.9332755905474157e-08,1.9246902552386196e-08,1.9880873617044864e-08,9.546507983443935e-10,2.0207434443572916e-08,1.9797300162761058e-08,1.9643946906954053e-08,1.954969116136709e-08,1.9848325777860496e-08,1.9807911371507935e-08,1.960257205664299e-08,1.973721809454987e-08,,,,,
1684,560.593896,0.0,0.0,0.0,0.0,0.0,0.0,0.0,0.0,0.0,0.0,0.0,0.0,0.0,0.0,,,,,
1685,561.083304,0.0,0.0,0.0,0.0,0.0,0.0,0.0,0.0,0.0,0.0,0.0,0.0,0.0,0.0,,,,,
1686,561.438,2.2708474419174748e-08,2.2631913294795394e-08,2.2639663377871554e-08,2.254963978217122e-08,2.3259577563051346e-08,2.1942416969413795e-09,2.3624885361197098e-08,2.3163096756166192e-08,2.298761860569751e-08,2.2876215723592157e-08,2.321475290612277e-08,2.3172131919684087e-08,2.2946187971575106e-08,2.30970323319348e-08,,,,,
1687,561.592896,0.0,0.0,0.0,0.0,1.5403702661149143e-10,0.0,2.6582387213158053e-10,1.2431620604668593e-10,7.035626525616035e-11,3.576054280721973e-11,1.3992078498662123e-10,1.272449835535552e-10,5.845577813992438e-11,1.046927921883274e-10,,,,,
1688,562.082304,0.0,0.0,0.0,0.0,0.0,0.0,0.0,0.0,0.0,0.0,0.0,0.0,0.0,0.0,,,,,
1689,562.437,2.6572925642210105e-08,2.6498658619742768e-08,2.650753076480252e-08,2.6413213622911518e-08,2.721277833095336e-08,3.644749353738647e-09,2.7623894116922568e-08,2.7100748990420903e-08,2.6898704884947882e-08,2.6766177496362756e-08,2.715300639104603e-08,2.7108482452911152e-08,2.6858743596995978e-08,2.702893971298051e-08,,,,,
1690,562.591896,1.1819188026207586e-09,1.1605424065830643e-09,1.1631608498829368e-09,1.1347944988925633e-09,1.3798245799850355e-09,0.0,1.5058723631401605e-09,1.3452467845813876e-09,1.2829902772144603e-09,1.2417444197629358e-09,1.3610609782978564e-09,1.3478737871326743e-09,1.2717318831666091e-09,1.3240186933180718e-09,,,,,
1691,563.081304,0.0,0.0,0.0,0.0,0.0,0.0,0.0,0.0,0.0,0.0,0.0,0.0,0.0,0.0,,,,,
1692,563.436,3.112731488286151e-08,3.105852599982289e-08,3.106876988902619e-08,3.097013352755598e-08,3.187640390093171e-08,5.3561107370145745e-09,3.234218771917797e-08,3.1745458877891494e-08,3.151119869500851e-08,3.135237335471329e-08,3.1798300046625505e-08,3.175243439479697e-08,3.147502821111321e-08,3.166859030836389e-08,,,,,
1693,563.590896,2.5974293015469386e-09,2.5780521988794235e-09,2.581083833004246e-09,2.5514365120939788e-09,2.8297397504116697e-09,0.0,2.972858565797822e-09,2.7892340229902294e-09,2.7168837856479075e-09,2.667330740730708e-09,2.8052606987615672e-09,2.791759999463265e-09,2.7070501500023663e-09,2.7666665404965278e-09,,,,,
1694,564.080304,0.0,0.0,0.0,0.0,0.0,0.0,2.7996522836334312e-11,0.0,0.0,0.0,0.0,0.0,0.0,0.0,,,,,
1695,564.435,3.654369374267894e-08,3.648511533583943e-08,3.6497040167198836e-08,3.639422667960536e-08,3.742882946459056e-08,7.393867742054689e-09,3.7960546137423425e-08,3.727461684095429e-08,3.700085283911917e-08,3.6808903651903537e-08,3.7328052552830266e-08,3.728180803088361e-08,3.697199036522741e-08,3.719410232212525e-08,,,,,
1696,564.589896,4.2857915559724715e-09,4.2699922262024195e-09,4.273531139103727e-09,4.242663572372027e-09,4.561115514720357e-09,0.0,4.724893441400156e-09,4.5132914453203405e-09,4.428519010361003e-09,4.368462235656191e-09,4.52954550992359e-09,4.516065365260323e-09,4.4212943391072554e-09,4.489900641442954e-09,,,,,
1697,565.079304,1.0715723204910904e-09,1.0614320016574178e-09,1.0642701825663724e-09,1.041327151477736e-09,1.2891154567560754e-09,0.0,1.4165295995264266e-09,1.2513738979787869e-09,1.1847047302135094e-09,1.1368030954360938e-09,1.263213454004105e-09,1.2533760357715021e-09,1.1803928298995574e-09,1.233889337024842e-09,,,,,
1698,565.434,4.3050948955849724e-08,4.300964138442853e-08,4.3023632513086294e-08,4.291706613760533e-08,4.410778168970414e-08,9.845386238049892e-09,4.4719966764009334e-08,4.392458956603441e-08,4.360177583903765e-08,4.336755164220511e-08,4.397868859473769e-08,4.3933658399029186e-08,4.358555811396118e-08,4.384302281048925e-08,,,,,
1699,565.588896,6.320901998057135e-09,6.31103952320284e-09,6.315203115298952e-09,6.283272785385871e-09,6.6507466061468624e-09,0.0,6.839835841057074e-09,6.593770013672678e-09,6.493509975792524e-09,6.419989206641666e-09,6.610289431473736e-09,6.597378180145872e-09,6.490692037724963e-09,6.570478487775043e-09,,,,,
1700,566.078304,2.691167745405534e-09,2.6863269320552327e-09,2.6896756955084536e-09,2.666038120764453e-09,2.9530646795573983e-09,0.0,3.100764090767887e-09,2.9079155478236e-09,2.8287318128197e-09,2.7698238986972222e-09,2.9199453941702554e-09,2.910751224974838e-09,2.828365078440322e-09,2.8908784183280875e-09,,,,,
1701,566.433,5.09588404501323e-08,5.0945423759703e-08,5.096196457030063e-08,5.0852540769374576e-08,5.223563512521133e-08,1.2829164950161453e-08,5.2947360370616414e-08,5.201583519466248e-08,5.1631248605997295e-08,5.1342258025607844e-08,5.20707778915356e-08,5.202955585448319e-08,5.163582653854893e-08,5.1937734912661556e-08,,,,,
1702,566.587896,8.803328185004704e-09,8.802961900588409e-09,8.80789755338265e-09,8.775223717478372e-09,9.203364457923763e-09,0.0,9.423902494706713e-09,9.134771653724652e-09,9.014914848709079e-09,8.923865287963453e-09,9.151637121958742e-09,9.14018457424708e-09,9.019255311088373e-09,9.113166116395913e-09,,,,,
1703,567.077304,4.67742030441324e-09,4.680986569788928e-09,4.684967308927082e-09,4.660941174736119e-09,4.996825049783134e-09,0.0,5.16988992467277e-09,4.9422113803969975e-09,4.84708620915224e-09,4.773747930754749e-09,4.95450504850795e-09,4.9467502173396315e-09,4.85307732730034e-09,4.927064010768609e-09,,,,,
1704,567.432,6.069476965141223e-08,6.072541641358816e-08,6.074511701935509e-08,6.063452078005131e-08,6.225821631635216e-08,1.6509119196312724e-08,6.309498579858937e-08,6.199141735415097e-08,6.152776117871366e-08,6.11666014349931e-08,6.204759279470903e-08,6.201438631901488e-08,6.156572430522294e-08,6.19244779324273e-08,,,,,
1705,567.586896,1.1872716045874633e-08,1.1887289933435433e-08,1.1893183686746783e-08,1.1860357577401333e-08,1.2364743653598211e-08,0.0,1.2624989516705909e-08,1.2281156476625383e-08,1.2136079880786329e-08,1.2021800081751839e-08,1.2298526961464522e-08,1.2289976500438449e-08,1.2151844489293994e-08,1.2263923236276084e-08,,,,,
1706,568.076304,7.148537066560841e-09,7.165296895629868e-09,7.1700632715270174e-09,7.146203440453921e-09,7.543925855641972e-09,0.0,7.749254671622572e-09,7.477000580302317e-09,7.361200344449756e-09,7.268582207527244e-09,7.489703693967042e-09,7.484683219786078e-09,7.3773156883550615e-09,7.466182789605447e-09,,,,,
1707,568.431,7.286159799881432e-08,7.296134826080881e-08,7.298498277126535e-08,7.287623688985387e-08,7.480602268414857e-08,2.1117122858998276e-08,7.580269547218354e-08,7.447774470957149e-08,7.391096460690479e-08,7.345281656830394e-08,7.453592939170838e-08,7.451760117304016e-08,7.400206887173219e-08,7.443499007246259e-08,,,,,
1708,568.585896,1.572747934280181e-08,1.576547097056955e-08,1.5772558610422664e-08,1.5740634849434313e-08,1.6342571640579987e-08,0.0,1.6653895868626267e-08,1.6239246793553374e-08,1.60610711230966e-08,1.5915366317534095e-08,1.6257424901175165e-08,1.6254137126820097e-08,1.6094988944753758e-08,1.62309278237497e-08,,,,,
1709,569.075304,1.0274244052803822e-08,1.031171799296783e-08,1.0317465168906377e-08,1.0294753697610088e-08,1.077224929479092e-08,0.0,1.1019439902644297e-08,1.0688971054028423e-08,1.0545790084389894e-08,1.0426843328032285e-08,1.0702362791014756e-08,1.0702207281564992e-08,1.0578024421744188e-08,1.0686622947714534e-08,,,,,
1710,569.43,8.833148621730734e-08,8.853994170522711e-08,8.856849524635343e-08,8.84669318717775e-08,9.07939522746042e-08,2.6989744630384223e-08,9.199939730342496e-08,9.038347938618164e-08,8.967923152148112e-08,8.908772898732883e-08,9.044517320268517e-08,9.04530677464918e-08,8.985513023231377e-08,9.038708541675337e-08,,,,,
1711,569.584896,2.0657092845402945e-08,2.073200823657921e-08,2.0740588827560508e-08,2.0711428036442196e-08,2.1440811463633942e-08,1.5388884312208757e-09,2.181929007673173e-08,2.1310902453644185e-08,2.108827813363319e-08,2.089903154137345e-08,2.1330457768226934e-08,2.1336354764457635e-08,2.1151205588846027e-08,2.1319250467317465e-08,,,,,
1712,570.074304,1.4305202647279933e-08,1.4375506270851296e-08,1.4382481910141159e-08,1.4362651780872313e-08,1.4945388622500772e-08,0.0,1.5248179481490482e-08,1.4839849069006528e-08,1.465950409408565e-08,1.4503668958236826e-08,1.4854459863558333e-08,1.4862741273590218e-08,1.4717638514196673e-08,1.4853089973871422e-08,,,,,
1713,570.429,1.0840384778388582e-07,1.0878532759131714e-07,1.088200514033577e-07,1.0873509395466619e-07,1.1158990030478759e-07,3.463037902915551e-08,1.1307469704327238e-07,1.1106666576861683e-07,1.1017437976125883e-07,1.093945260648117e-07,1.1113474259041811e-07,1.1118800929873574e-07,1.104871459567271e-07,1.1115499280619695e-07,,,,,
1714,570.583896,2.7097116761092956e-08,2.7231093598265794e-08,2.724154410464433e-08,2.7218448968392764e-08,2.8118518835785535e-08,3.992547830374694e-09,2.8587604181510565e-08,2.795181699688455e-08,2.7667856570322712e-08,2.7416546973554646e-08,2.7973826562886537e-08,2.799557872949061e-08,2.777781330138509e-08,2.799031858436542e-08,,,,,
1715,571.073304,1.9624026785839667e-08,1.9747294897996563e-08,1.9755810134526783e-08,1.974195678055945e-08,2.046729744790893e-08,1.1850411919743995e-09,2.084602793065349e-08,2.0330551799752122e-08,2.00982631225311e-08,1.988914571243916e-08,2.0347396997095816e-08,2.0370265323742985e-08,2.019876132162729e-08,2.037190557545157e-08,,,,,
1716,571.428,1.3508276814232514e-07,1.3574524420986775e-07,1.3578770727081596e-07,1.3573627858013384e-07,1.3931237889184633e-07,4.4818981257212324e-08,1.4118213949966257e-07,1.3862959501605866e-07,1.3747202916026107e-07,1.3641748004420042e-07,1.3870961135125183e-07,1.3884152322674065e-07,1.3801021378055487e-07,1.3887070008348761e-07,,,,,
1717,571.582896,3.572723715113461e-08,3.595786533834852e-08,3.59706505477632e-08,3.5959600427556256e-08,3.7095202230438444e-08,7.292003464093879e-09,3.769041429753453e-08,3.6875883375388907e-08,3.650446728420679e-08,3.616164210309808e-08,3.690242050999816e-08,3.695173743540788e-08,3.6692444181916026e-08,3.696867846423897e-08,,,,,
1718,572.072304,2.6838106626509365e-08,2.704912052192313e-08,2.7059554041135846e-08,2.7057347830507854e-08,2.7982295877051405e-08,3.947667706883253e-09,2.846832505361002e-08,2.7800221874877797e-08,2.749270664574333e-08,2.7203745009991546e-08,2.78212871532313e-08,2.7869714016094833e-08,2.7664382513867385e-08,2.7892451622154244e-08,,,,,
1719,572.427,1.7158936793543264e-07,1.727216993073367e-07,1.7277379363856999e-07,1.7278717715487633e-07,1.773835242268435e-07,5.8816090645584846e-08,1.798032060804643e-07,1.7646632901935758e-07,1.7492017057027395e-07,1.7344912063813857e-07,1.7656928643266827e-07,1.7683991266020708e-07,1.7584073807424087e-07,1.7698533355241457e-07,,,,,
1720,572.581896,4.7655475943252245e-08,4.804945734291083e-08,4.806511563035158e-08,4.8077297387530325e-08,4.955005831537139e-08,1.1871685987080466e-08,5.0327705092004634e-08,4.925241023660489e-08,4.875119580412394e-08,4.8267724431374945e-08,4.9287591473015534e-08,4.938590164425032e-08,4.907292169534389e-08,4.9444437569199423e-08,,,,,
1721,573.071304,3.6958467120626954e-08,3.732029105187795e-08,3.733306356648978e-08,3.7353301592910335e-08,3.856911222886344e-08,7.841210821863288e-09,3.9213258359117205e-08,3.831823724342415e-08,3.78968885847321e-08,3.748274468494612e-08,3.834754665750215e-08,3.844203547630452e-08,3.8192709455343055e-08,3.8504591542506794e-08,,,,,
1722,573.426,2.233670415739765e-07,2.2531708752627303e-07,2.253808451264992e-07,2.25519400650682e-07,2.3162207078703977e-07,7.876636781497443e-08,2.3486332646171363e-07,2.3034396419618568e-07,2.2820134386935364e-07,2.2606767542278458e-07,2.3049250722047165e-07,2.310158454068069e-07,2.297975096300251e-07,2.313822020916645e-07,,,,,
1723,573.580896,6.478725960762257e-08,6.54697204427201e-08,6.54887626164438e-08,6.554612231519616e-08,6.752427985572113e-08,1.848409845609534e-08,6.857883080941048e-08,6.710400986699821e-08,6.640023918330742e-08,6.568917882404619e-08,6.715639049579796e-08,6.734509252241644e-08,6.69617567056955e-08,6.748343550531672e-08,,,,,
1724,574.070304,5.176938079833038e-08,5.240362576180592e-08,5.241907057996167e-08,5.248346326044309e-08,5.414532252046156e-08,1.3572833984492327e-08,5.5035254396077924e-08,5.3784038055273465e-08,5.318059795701659e-08,5.255868973531622e-08,5.383018186920074e-08,5.401144514984071e-08,5.3704237847088324e-08,5.415169021374808e-08,,,,,
1725,574.425,3.0020551790671664e-07,3.0365773669950617e-07,3.03734485871729e-07,3.0412182636490847e-07,3.125739343465431e-07,1.0855987096088963e-07,3.171150955060649e-07,3.10705928170109e-07,3.0759157054200245e-07,3.0433743600976073e-07,3.109493772479027e-07,3.1195639216225386e-07,3.1044923449006e-07,3.1275962646162477e-07,,,,,
1726,574.579896,9.062593602969566e-08,9.184900875945161e-08,9.187152097767076e-08,9.202003321296016e-08,9.480225721876308e-08,2.852557557086121e-08,9.630410090671169e-08,9.417717646122467e-08,9.313622145642513e-08,9.203176221435843e-08,9.426571613255566e-08,9.463070143996438e-08,9.415461466562262e-08,9.492952723907101e-08,,,,,
1727,575.069304,7.46619762317557e-08,7.582271984843636e-08,7.584059354693638e-08,7.599620108649271e-08,7.838946692192068e-08,2.250039924182225e-08,7.968917223357428e-08,7.783763206078844e-08,7.692102223995177e-08,7.592784800382959e-08,7.792034213962452e-08,7.827599308657284e-08,7.78927541629347e-08,7.85768015683393e-08,,,,,
1728,575.424,4.211682011278643e-07,4.275910991296684e-07,4.2767828778681595e-07,4.2858922394192143e-07,4.409819662776771e-07,1.558558464501342e-07,4.477421902158209e-07,4.380707260586982e-07,4.332439926473095e-07,4.279376454965917e-07,4.385254367571245e-07,4.405267405877177e-07,4.386424989804302e-07,4.422521234580617e-07,,,,,
1729,575.578896,1.3219344932703464e-07,1.345156576553217e-07,1.3453985160463539e-07,1.34884979533462e-07,1.3905277458171567e-07,4.4828865942977174e-08,1.4134004739624774e-07,1.380547006716458e-07,1.3640198836867973e-07,1.3455536574207914e-07,1.3822536574396077e-07,1.389627826410416e-07,1.3836705227885742e-07,1.3960933408409447e-07,,,,,
1730,576.068304,1.1273884374250133e-07,1.150173251411772e-07,1.1503498026458852e-07,1.1539506754878774e-07,1.1910259814787365e-07,3.750720437172012e-08,1.2115407007173548e-07,1.1818770649988425e-07,1.1667679295816882e-07,1.1495061189820695e-07,1.183572531725902e-07,1.1909771948573933e-07,1.1861952458869542e-07,1.1976133219339046e-07,,,,,
1731,576.423,6.275006088498312e-07,6.404380740314392e-07,6.405171054647972e-07,6.426370992158192e-07,6.623389900463589e-07,2.3747595176313064e-07,6.733074601759365e-07,6.57371281597671e-07,6.491831309436064e-07,6.39684516695291e-07,6.583448566239907e-07,6.626135751171925e-07,6.602760791590775e-07,6.664903527473954e-07,,,,,
1732,576.577896,2.0529509640115704e-07,2.1012628909588135e-07,2.101428562865828e-07,2.1095974943860218e-07,2.1779946489837672e-07,7.387708065574497e-08,2.2163798935149755e-07,2.1603462895913944e-07,2.1312999100370328e-07,2.097023456192093e-07,2.1641414870633135e-07,2.1803623230402099e-07,2.1730646039396442e-07,2.1952738383740056e-07,,,,,
1733,577.067304,1.829997450797329e-07,1.8799772021705487e-07,1.8800253727201926e-07,1.8888420109178028e-07,1.9528778879838874e-07,6.56297151189515e-08,1.9892317524666265e-07,1.9357544085006537e-07,1.9076562516507327e-07,1.8737119224515066e-07,1.93980807005686e-07,1.956974249039393e-07,1.9513255737203636e-07,1.9730154948543414e-07,,,,,
1734,577.422,1.0225564271887342e-06,1.0521300077748106e-06,1.0521133034541684e-06,1.057465620888096e-06,1.0928919411676823e-06,3.96491988032826e-07,1.1131782967736856e-06,1.0831725829111143e-06,1.0672592086986173e-06,1.0477278985696122e-06,1.0856275011451587e-06,1.0959436099698304e-06,1.0933068073431155e-06,1.1056831134322535e-06,,,,,
1735,577.576896,3.518912006458518e-07,3.635403194456848e-07,3.635064641442769e-07,3.6566505696156126e-07,3.786125199186069e-07,1.333106141334209e-07,3.8611045928610733e-07,3.7495728102704677e-07,3.689846181578114e-07,3.615224636478592e-07,3.7596965756576933e-07,3.801088931880716e-07,3.793584069473275e-07,3.84056257642327e-07,,,,,
1736,578.066304,3.349581889139035e-07,3.4814157610212194e-07,3.4807205786566695e-07,3.5059652765514656e-07,3.638131699234157e-07,1.2798542914838743e-07,3.7159792030287335e-07,3.5991363557866454e-07,3.535664507721728e-07,3.4544284677351165e-07,3.611137562112308e-07,3.659231108834101e-07,3.6549982934688027e-07,3.7057548008410274e-07,,,,,
1737,578.421,1.9293261931333915e-06,2.013090443030378e-06,2.012525165240458e-06,2.0289007699079303e-06,2.1073309948961614e-06,7.721913078648661e-07,2.1541248035911787e-06,2.083447363896848e-06,2.0446892212485854e-06,1.9942998589033228e-06,2.0913241718868125e-06,2.1224722073228475e-06,2.121487782572896e-06,2.152891645910368e-06,,,,,
1738,578.575896,7.159866038768626e-07,7.523779544180273e-07,7.520548659997476e-07,7.593229732167778e-07,7.908702045504909e-07,2.861882629088587e-07,8.100158917027146e-07,7.809008698096049e-07,7.647779341029203e-07,7.434485084718011e-07,7.844992057009964e-07,7.98369004487297e-07,7.987440958134523e-07,8.120594972483354e-07,,,,,
1739,579.065304,7.678324773630095e-07,8.169158112748945e-07,8.163618320322468e-07,8.264868816903974e-07,8.648097216403301e-07,3.142153126933983e-07,8.887176741934303e-07,8.519818014780703e-07,8.313742522909335e-07,8.035013172351345e-07,8.571538724565816e-07,8.766363783699414e-07,8.786211421026002e-07,8.961980618373592e-07,,,,,
1740,579.42,4.820006328039991e-06,5.180174434073156e-06,5.175567001793895e-06,5.251564732860743e-06,5.5152630076510834e-06,2.041593786181679e-06,5.683313700143351e-06,5.423343659261814e-06,5.276521085977139e-06,5.0754809164771995e-06,5.463065568785876e-06,5.610795538135205e-06,5.632399781144019e-06,5.761075495436645e-06,,,,,
1741,579.574896,2.0870168471013203e-06,2.2828071191979686e-06,2.2798825285897214e-06,2.322454588347934e-06,2.4560653548897746e-06,9.085582273945429e-07,2.5438910489309786e-06,2.4070347765652233e-06,2.3294004345354817e-06,2.2218934853324615e-06,2.4301604524598687e-06,2.5146468106829053e-06,2.5311668736771914e-06,2.6022566367692824e-06,,,,,
1742,580.064304,3.0442773239917526e-06,3.465347414905536e-06,3.457810640652725e-06,3.554978593250588e-06,3.821830979885855e-06,1.4283693459039966e-06,4.007961094085396e-06,3.715455561542163e-06,3.5505456750928487e-06,3.321527828416198e-06,3.7715539701376608e-06,3.974810496232876e-06,4.028131236824681e-06,4.19487937387851e-06,,,,,
1743,580.419,2.523286595313962e-05,2.9770104124280085e-05,2.968055657217945e-05,3.077995975054482e-05,3.3619254736626423e-05,1.2711105413552945e-05,3.569438267827456e-05,3.242812723028646e-05,3.061857484528998e-05,2.813458908402624e-05,3.3092319852122965e-05,3.551742943916419e-05,3.624388359056672e-05,3.825374537943279e-05,,,,,
1744,580.573896,1.834202161609522e-05,2.23788013547881e-05,2.2293107855464406e-05,2.33146686090055e-05,2.5872855935300988e-05,9.857510857841361e-06,2.782072159523549e-05,2.4760101094991824e-05,2.3102648762738396e-05,2.0866283425844443e-05,2.5402320085240158e-05,2.7779056534245777e-05,2.85539013493747e-05,3.0575055119268393e-05,,,,,
1745,581.063304,3.42459146499192,5.274602377316257,5.2903436436063656,5.766843820217903,6.923879412586219,7.56026457659395,7.973425109912374,6.418416675783868,5.625168499120413,4.590005840958991,6.796936197425032,8.114772860830607,8.638847474381798,9.959691414986645,,,,,
1746,581.418,2.469472395321536,2.219775982950419,2.2384705447651654,2.1863510726889714,2.154435625342527,2.145098306885313,2.1261534061413325,2.189050079600117,2.237122053628196,2.333949014532766,2.163478734285209,2.077958425676323,2.037937482999632,1.9987047979318682,,,,,
1747,581.572896,21.04068045034336,20.079439046222348,20.127327826366862,19.919749696179398,19.58874210396787,19.389081250654694,19.28553084863427,19.743676612154218,20.025911141655016,20.47885618070532,19.597939069569183,19.203141480318322,19.078069282067922,18.834319393037866,,,,,
1748,582.062304,10.707865371580157,11.265240979457856,11.49404500578774,11.53892682270641,11.879757132464418,12.016508433253529,12.166351236540377,11.85213132214229,11.635435782267137,11.337907286761345,11.957383185248887,12.092342354870823,12.12620235747489,12.31465918542295,,,,,
1749,582.417,19.550166936890243,18.772563527569186,18.838363996268992,18.666685141576654,18.404468206833304,18.23482633497335,18.165383337998268,18.534932870805296,18.76049379262249,19.125684104927682,18.41746863169578,18.09020693289042,17.98992948477826,17.799866764332773,,,,,
1750,582.571896,14.433025916391994,14.398028548724113,14.57500801270405,14.522538200570823,14.567628192703092,14.54770472619155,14.612494495615305,14.61722610785864,14.60607966929617,14.614246583882808,14.621821797087387,14.546778846361498,14.527690481765708,14.547131933842623,,,,,
1751,583.061304,14.429473698172858,14.39442182084198,14.571760437020291,14.51917080164513,14.56443662133717,14.546591522212383,14.609574721157104,14.614156257299149,14.602920582240332,14.61103934838394,14.618844469000178,14.543732060392392,14.524579727607332,14.54411171039166,,,,,
1752,583.416,14.43674877890629,14.401971868867706,14.578627830608115,14.526299806099656,14.57128297767395,14.548997922884006,14.615930801162497,14.620738262562366,14.609631633965716,14.617773062702707,14.625265255418586,14.550354388961445,14.531353750936578,14.55075041697372,,,,,
1753,583.570896,14.432125705397958,14.397173777392073,14.574263451953467,14.521769159298586,14.56693177000317,14.547468246963609,14.611891013949153,14.616555078130782,14.605366555812772,14.613493726720797,14.621184479784304,14.54614543928449,14.527048375084185,14.54653093875856,,,,,
1754,584.060304,14.42985183922548,14.394780867316024,14.57207319721178,14.51949384138831,14.564729160314906,14.546690916984206,14.609828224281665,14.614438132896122,14.603220134697077,14.611355596586797,14.619112184744484,14.543998130535961,14.524849449933711,14.544364164462761,,,,,
1755,584.415,14.436097184532239,14.401353196857395,14.578088910984103,14.525743181393002,14.570778882477612,14.548826377296344,14.61549394756892,14.620252538776326,14.609115458666631,14.61722812004001,14.62480392478164,14.549895897753858,14.530888975975547,14.550315391321199,,,,,
1756,584.569896,14.432125566483084,14.397173640540878,14.574263336314196,14.521769037526184,14.566931664159144,14.547468273628965,14.611890927441506,14.616554977884986,14.60536644764308,14.613493612543252,14.621184386171263,14.546145344645712,14.527048277181704,14.546530848534813,,,,,
1757,585.059304,14.429851897400933,14.394780924585582,14.5720732456659,14.519493892379677,14.564729204676409,14.546690905789589,14.609828260561605,14.614438174928113,14.60322018003888,14.611355644448423,14.619112224001801,14.543998170205494,14.524849490951402,14.544364202263777,,,,,
1758,585.414,14.436097086907482,14.401353101723952,14.5780888294723,14.52574309631842,14.57077880765983,14.548826396558779,14.615493885901039,14.620252467564267,14.609115382047008,14.61722803920263,14.624803858151202,14.54989583076542,14.53088890713437,14.550315327847986,,,,,
1759,585.568896,14.432125566036714,14.397173639961673,14.574263335984712,14.521769037073561,14.56693166387944,14.54746827364059,14.611890927285843,14.616554977678756,14.605366447390832,14.613493612271535,14.621184385997916,14.546145344408568,14.527048276877691,14.5465308482564,,,,,
1760,586.058304,14.429851897584232,14.394780924827684,14.572073245805134,14.519493892564142,14.564729204791204,14.546690905783137,14.609828260625962,14.614438175018506,14.603220180144982,14.611355644559392,14.619112224072275,14.54399817030347,14.524849491079456,14.544364202377032,,,,,
1761,586.413,14.436097086600377,14.401353101355529,14.578088829251502,14.525743096020099,14.570778807467647,14.548826396558287,14.615493885788775,14.620252467413039,14.609115381881965,14.61722803900884,14.624803858024203,14.549895830611158,14.530888906942037,14.55031532765563,,,,,
1762,586.567896,14.432125566034387,14.397173639959032,14.574263335984448,14.521769037068424,14.566931663881183,14.547468273640517,14.611890927286673,14.616554977678998,14.605366447391019,14.61349361226759,14.621184385995118,14.546145344407055,14.527048276875327,14.54653084825902,,,,,
1763,587.057304,14.429851897585682,14.394780924827575,14.572073245806077,14.519493892567983,14.564729204793046,14.546690905783178,14.609828260623793,14.61443817501824,14.603220180145746,14.611355644561366,14.619112224076884,14.54399817030327,14.524849491078983,14.544364202380091,,,,,
1764,587.412,14.4360970865949,14.401353101358518,14.578088829242683,14.525743096022614,14.570778807474834,14.548826396558258,14.615493885795404,14.62025246741316,14.609115381867987,14.617228039017085,14.62480385802533,14.54989583061436,14.530888906930063,14.550315327660796,,,,,
1765,587.566896,14.432125566037495,14.397173639955218,14.574263335987087,14.521769037072758,14.56693166387839,14.547468273643048,14.611890927287696,14.616554977677062,14.605366447387546,14.61349361226858,14.621184385999003,14.546145344408254,14.527048276874488,14.546530848260218,,,,,
1766,588.056304,14.42985189758599,14.394780924827812,14.572073245802528,14.519493892566572,14.56472920479152,14.54669090578716,14.609828260624154,14.614438175018156,14.603220180146756,14.611355644561733,14.619112224076106,14.5439981703025,14.524849491079994,14.544364202378924,,,,,
1767,588.411,14.436097086598226,14.401353101357978,14.57808882924226,14.525743096026886,14.570778807479739,14.548826396566389,14.615493885805451,14.620252467408617,14.609115381872925,14.617228039016181,14.624803858027486,14.549895830610062,14.530888906945245,14.550315327654827,,,,,
1768,588.565896,14.43212556603203,14.397173639953984,14.574263335983884,14.521769037067024,14.566931663879258,14.54746827364067,14.611890927282088,14.616554977672987,14.605366447388736,14.613493612269256,14.621184385995049,14.546145344408744,14.527048276875146,14.546530848254593,,,,,
1769,589.055304,14.42985189758693,14.394780924826836,14.572073245803253,14.519493892565166,14.564729204794112,14.546690905783267,14.609828260625028,14.614438175019364,14.603220180147014,14.611355644561954,14.619112224072717,14.543998170303597,14.524849491078578,14.544364202381658,,,,,
1770,589.41,14.43609708659061,14.401353101352484,14.578088829256624,14.525743096019273,14.5707788074695,14.548826396558342,14.615493885810476,14.620252467419824,14.609115381875943,14.617228039013835,14.624803858016657,14.549895830613117,14.53088890693991,14.550315327653879,,,,,
1771,589.564896,14.432125566033918,14.397173639953794,14.574263335983822,14.521769037066969,14.566931663879213,14.547468273640575,14.611890927282044,14.616554977672749,14.605366447388565,14.61349361226923,14.62118438599471,14.54614534440911,14.527048276875327,14.546530848255074,,,,,
1772,590.054304,14.429851897586813,14.394780924827586,14.572073245803297,14.519493892565439,14.564729204794089,14.546690905783317,14.609828260625086,14.614438175019236,14.60322018014684,14.61135564456192,14.61911222407288,14.543998170303706,14.524849491078289,14.544364202379807,,,,,
1773,590.409,14.43609708659629,14.401353101355753,14.578088829256538,14.525743096022339,14.57077880746942,14.548826396558285,14.615493885810558,14.620252467420176,14.60911538187605,14.617228039017938,14.624803858016637,14.549895830607836,14.530888906940248,14.550315327656508,,,,,
1774,590.563896,14.43212556603217,14.397173639954014,14.574263335983819,14.521769037067063,14.566931663879183,14.547468273640654,14.611890927282266,14.616554977672967,14.605366447388612,14.613493612269421,14.621184385994868,14.546145344409092,14.52704827687527,14.546530848255006,,,,,
1775,591.053304,14.4298518975871,14.394780924827531,14.572073245803153,14.519493892565421,14.56472920479432,14.546690905783365,14.609828260624994,14.614438175019359,14.603220180147046,14.611355644562277,14.619112224072902,14.543998170303459,14.524849491078637,14.544364202379695,,,,,
1776,591.408,14.436097086585576,14.401353101355873,14.578088829256576,14.525743096022405,14.570778807469567,14.548826396558445,14.615493885810453,14.62025246742,14.609115381876189,14.617228039020919,14.624803858016975,14.549895830608067,14.530888906940053,14.550315327656584,,,,,
1777,591.562896,14.432125566032356,14.39717363995382,14.574263335983936,14.521769037067022,14.56693166387932,14.547468273640593,14.611890927282282,14.61655497767295,14.605366447388656,14.613493612269409,14.621184385994635,14.546145344409284,14.52704827687523,14.546530848254914,,,,,
1778,592.052304,14.429851897587278,14.394780924827492,14.572073245803285,14.519493892565439,14.56472920479408,14.546690905783322,14.609828260624957,14.614438175019778,14.603220180147003,14.611355644562225,14.619112224072703,14.543998170303633,14.524849491078628,14.544364202379716,,,,,
1779,592.407,14.436097086585589,14.401353101356033,14.578088829256641,14.52574309602246,14.570778807469566,14.548826396558288,14.615493885810373,14.62025246741995,14.60911538187598,14.617228039021148,14.624803858017005,14.549895830607854,14.530888906940257,14.550315327656604,,,,,
1780,592.561896,14.432125566038502,14.397173639958394,14.57426333598436,14.521769037071882,14.56693166387972,14.547468273643108,14.61189092728863,14.616554977673669,14.605366447388766,14.613493612270142,14.621184385999507,14.546145344409565,14.527048276875608,14.546530848261336,,,,,
1781,593.051304,14.429851897585872,14.394780924827154,14.572073245803141,14.519493892566588,14.564729204792073,14.546690905787296,14.609828260623871,14.614438175016677,14.603220180146792,14.611355644560337,14.619112224075955,14.543998170302554,14.524849491080706,14.544364202378473,,,,,
1782,593.406,14.436097086596291,14.401353101355753,14.578088829240377,14.525743096030565,14.570778807477572,14.548826396566348,14.615493885802493,14.620252467411627,14.60911538187586,14.617228039021063,14.624803858032802,14.549895830600153,14.530888906940085,14.550315327648798,,,,,
1783,593.560896,14.432125566032392,14.397173639953904,14.574263335983797,14.521769037067166,14.566931663879295,14.547468273640565,14.61189092728223,14.616554977673031,14.605366447388642,14.613493612269474,14.621184385994924,14.546145344409133,14.527048276874924,14.546530848254704,,,,,
1784,594.050304,14.429851897587161,14.394780924827113,14.572073245803288,14.519493892565626,14.56472920479406,14.54669090578316,14.609828260624978,14.614438175019458,14.603220180146772,14.611355644562405,14.619112224073199,14.54399817030343,14.524849491078582,14.544364202379985,,,,,
1785,594.405,14.43609708658547,14.401353101355502,14.578088829256682,14.525743096022465,14.570778807469521,14.54882639655853,14.615493885810537,14.620252467419892,14.609115381875998,14.617228039020787,14.62480385801704,14.54989583060774,14.53088890694019,14.550315327656488,,,,,
1786,594.559896,14.432125566032122,14.397173639953657,14.574263335983842,14.52176903706701,14.566931663879183,14.547468273640405,14.61189092728204,14.616554977672772,14.605366447388718,14.613493612269705,14.621184385995033,14.546145344408828,14.527048276874925,14.546530848254578,,,,,
1787,595.049304,14.429851897587127,14.394780924827328,14.572073245803221,14.519493892565478,14.564729204794046,14.546690905783176,14.60982826062513,14.614438175019684,14.603220180146934,14.611355644562364,14.619112224072982,14.543998170303524,14.524849491078534,14.544364202379825,,,,,
1788,595.404,14.436097086585544,14.401353101355626,14.578088829256489,14.5257430960223,14.570778807469408,14.548826396558434,14.615493885810464,14.6202524674201,14.609115381876007,14.617228039020787,14.624803858016962,14.549895830607957,14.53088890693975,14.5503153276565,,,,,
1789,595.558896,14.43212556603221,14.397173639953996,14.57426333598385,14.52176903706691,14.566931663879199,14.5474682736406,14.611890927282198,14.616554977672916,14.605366447388262,14.613493612269309,14.621184385995068,14.546145344408943,14.527048276874964,14.546530848254998,,,,,
1790,596.048304,14.42985189758725,14.39478092482744,14.5720732458032,14.519493892565416,14.56472920479429,14.546690905783253,14.609828260625163,14.614438175019542,14.603220180146868,14.611355644562282,14.61911222407277,14.543998170303485,14.524849491078209,14.54436420237983,,,,,
1791,596.403,14.436097086585495,14.401353101355589,14.578088829256735,14.5257430960225,14.570778807469539,14.548826396558466,14.61549388581046,14.620252467420059,14.609115381876183,14.61722803902116,14.624803858016465,14.54989583060793,14.53088890694012,14.550315327656426,,,,,
1792,596.557896,14.432125566032223,14.397173639953756,14.574263335983716,14.521769037066944,14.5669316638792,14.547468273640545,14.61189092728228,14.61655497767297,14.605366447388356,14.613493612269307,14.621184385994667,14.546145344409044,14.527048276875108,14.546530848254754,,,,,
1793,597.047304,14.429851897587278,14.39478092482743,14.572073245803178,14.519493892565492,14.564729204794068,14.546690905783223,14.609828260625175,14.614438175019378,14.60322018014686,14.611355644562146,14.619112224072973,14.543998170303775,14.524849491078234,14.544364202379866,,,,,
1794,597.402,14.436097086585477,14.401353101356008,14.5780888292565,14.525743096022358,14.570778807469573,14.548826396558509,14.61549388581062,14.620252467419885,14.60911538187626,14.617228039020757,14.624803858016842,14.549895830608206,14.530888906940268,14.550315327656525,,,,,
1795,597.556896,14.432125566038557,14.397173639958558,14.574263335984321,14.521769037071746,14.566931663879792,14.547468273642986,14.611890927288515,14.616554977673665,14.605366447389226,14.613493612269801,14.621184385999182,14.546145344409586,14.527048276875485,14.546530848261359,,,,,
1796,598.046304,14.429851897585664,14.394780924827357,14.572073245803217,14.519493892566642,14.564729204792059,14.546690905787335,14.609828260624157,14.614438175016625,14.603220180146966,14.611355644560204,14.619112224075705,14.543998170302846,14.524849491080692,14.544364202378532,,,,,
1797,598.401,14.436097086596476,14.401353101355916,14.578088829240373,14.525743096030512,14.570778807477792,14.548826396566637,14.615493885802586,14.620252467411747,14.609115381876062,14.61722803902075,14.624803858032573,14.549895830599764,14.530888906940095,14.550315327648704,,,,,
1798,598.555896,14.432125566032278,14.397173639954007,14.574263335983819,14.521769037067045,14.566931663879112,14.547468273640641,14.611890927282207,14.616554977672985,14.605366447388343,14.613493612269618,14.621184385994672,14.546145344408961,14.52704827687526,14.546530848254616,,,,,
1799,599.045304,14.429851897587064,14.39478092482735,14.572073245803262,14.519493892565556,14.564729204794245,14.546690905783263,14.609828260625067,14.614438175019659,14.603220180147122,14.611355644562325,14.619112224073122,14.543998170303405,14.524849491078575,14.544364202379697,,,,,
1800,599.4,14.436097086585514,14.401353101355625,14.578088829256663,14.525743096022344,14.570778807469486,14.548826396558301,14.615493885810377,14.62025246742005,14.60911538187619,14.617228039020992,14.624803858016856,14.54989583060778,14.530888906940202,14.550315327656831,,,,,
1801,599.554896,14.432125566032145,14.397173639953706,14.574263335983789,14.521769037067058,14.566931663879195,14.5474682736405,14.611890927282177,14.61655497767276,14.605366447388473,14.613493612269712,14.62118438599493,14.546145344408878,14.527048276874927,14.546530848254891,,,,,
1802,600.044304,14.429851897587277,14.394780924827163,14.572073245803333,14.519493892565418,14.564729204794256,14.546690905783127,14.609828260625102,14.614438175019263,14.60322018014681,14.611355644562462,14.619112224073211,14.543998170303766,14.524849491078186,14.544364202379901,,,,,
1803,600.399,14.436097086585644,14.401353101355767,14.578088829256616,14.525743096022344,14.570778807469358,14.548826396558445,14.615493885810526,14.620252467419872,14.609115381875784,14.617228039020867,14.624803858016616,14.549895830607745,14.530888906940103,14.55031532765635,,,,,
1804,600.553896,14.432125566032308,14.397173639954072,14.57426333598376,14.521769037067058,14.566931663879322,14.54746827364065,14.611890927282253,14.616554977672932,14.60536644738871,14.613493612269647,14.621184385994678,14.546145344409291,14.527048276875378,14.54653084825479,,,,,
1805,601.043304,14.429851897587069,14.394780924827225,14.572073245803033,14.519493892565704,14.564729204794132,14.546690905783286,14.609828260625005,14.614438175019677,14.603220180147018,14.611355644562405,14.619112224072998,14.543998170303869,14.524849491078259,14.544364202379475,,,,,
1806,601.398,14.436097086585571,14.40135310135574,14.578088829256446,14.525743096022424,14.570778807469456,14.548826396558386,14.615493885810592,14.620252467419725,14.609115381875764,14.617228039021082,14.624803858016733,14.549895830607921,14.530888906939982,14.550315327656667,,,,,
1807,601.552896,14.432125566032145,14.397173639953996,14.57426333598369,14.521769037067012,14.566931663879263,14.547468273640725,14.6118909272822,14.616554977673239,14.605366447388677,14.613493612269615,14.62118438599502,14.546145344409052,14.5270482768749,14.54653084825494,,,,,
1808,602.042304,14.42985189758718,14.394780924827202,14.57207324580321,14.51949389256552,14.564729204794189,14.546690905783183,14.609828260625104,14.614438175019334,14.603220180146936,14.611355644562389,14.61911222407289,14.543998170303883,14.524849491078625,14.544364202379759,,,,,
1809,602.397,14.436097086585603,14.401353101355957,14.578088829256556,14.525743096022236,14.570778807469575,14.548826396558514,14.615493885810604,14.620252467419965,14.609115381875839,14.617228039020816,14.624803858016616,14.549895830607994,14.530888906940067,14.550315327656586,,,,,
1810,602.551896,14.43212556603857,14.397173639958584,14.574263335984371,14.521769037071712,14.566931663879755,14.547468273642968,14.611890927288618,14.616554977673246,14.6053664473889,14.613493612269833,14.621184385999335,14.546145344409782,14.527048276875558,14.546530848261538,,,,,
1811,603.041304,14.429851897585714,14.394780924827192,14.572073245803072,14.519493892566569,14.564729204792206,14.546690905787116,14.609828260623884,14.61443817501661,14.60322018014709,14.611355644560366,14.61911222407589,14.543998170302512,14.524849491080218,14.544364202378581,,,,,
1812,603.396,14.436097086596348,14.401353101355701,14.57808882924037,14.525743096030528,14.57077880747746,14.548826396566398,14.61549388580247,14.620252467411786,14.609115381875828,14.617228039021148,14.624803858032891,14.549895830600144,14.530888906940238,14.55031532764849,,,,,
1813,603.550896,14.432125566032266,14.397173639953667,14.5742633359838,14.521769037067005,14.566931663879137,14.547468273640503,14.611890927282284,14.616554977673049,14.605366447388532,14.613493612269389,14.621184385994797,14.546145344408998,14.527048276875373,14.546530848254553,,,,,
1814,604.040304,14.429851897587177,14.394780924827225,14.57207324580328,14.519493892565643,14.564729204794231,14.546690905783127,14.609828260625083,14.614438175019645,14.603220180146938,14.611355644562042,14.619112224072694,14.54399817030371,14.52484949107833,14.54436420237983,,,,,
1815,604.395,14.436097086585516,14.401353101355648,14.57808882925672,14.525743096022307,14.57077880746957,14.54882639655828,14.615493885810556,14.620252467419881,14.609115381875997,14.6172280390211,14.624803858016918,14.549895830607984,14.530888906940127,14.550315327656618,,,,,
1816,604.549896,14.432125566032234,14.397173639953731,14.574263335983902,14.52176903706696,14.56693166387922,14.547468273640572,14.611890927282104,14.616554977673088,14.605366447388386,14.613493612269593,14.621184385994898,14.54614534440915,14.527048276875316,14.546530848254882,,,,,
1817,605.039304,14.429851897587067,14.394780924827238,14.572073245803125,14.519493892565578,14.564729204794341,14.546690905783128,14.609828260625099,14.614438175019634,14.603220180146833,14.611355644562407,14.619112224072833,14.543998170303503,14.524849491078683,14.544364202379574,,,,,
1818,605.394,14.436097086585642,14.401353101355626,14.578088829256567,14.525743096022278,14.57077880746944,14.548826396558468,14.615493885810446,14.62025246741973,14.609115381875785,14.617228039020766,14.624803858017057,14.549895830608158,14.530888906940035,14.550315327656568,,,,,
1819,605.548896,14.432125566032282,14.397173639953694,14.574263335983739,14.5217690370671,14.566931663879247,14.547468273640666,14.611890927282264,14.616554977672932,14.605366447388414,14.61349361226946,14.62118438599472,14.546145344409053,14.527048276875039,14.546530848254756,,,,,
1820,606.038304,14.429851897587152,14.394780924827337,14.572073245803333,14.519493892565377,14.564729204794265,14.546690905783114,14.609828260625015,14.614438175019545,14.603220180146751,14.611355644562462,14.61911222407299,14.543998170303704,14.52484949107827,14.54436420237962,,,,,
1821,606.393,14.436097086585523,14.401353101355753,14.578088829256489,14.525743096022262,14.57077880746954,14.548826396558301,14.61549388581045,14.620252467419814,14.609115381875933,14.617228039020814,14.624803858016861,14.549895830607838,14.530888906940092,14.550315327656822,,,,,
1822,606.547896,14.432125566032406,14.397173639953756,14.574263335983693,14.521769037066859,14.56693166387914,14.547468273640444,14.611890927282097,14.616554977672989,14.605366447388413,14.613493612269659,14.62118438599512,14.546145344408997,14.527048276875389,14.546530848254548,,,,,
1823,607.037304,14.429851897587316,14.394780924827531,14.572073245803184,14.519493892565519,14.564729204794201,14.546690905783162,14.609828260625127,14.61443817501957,14.603220180147117,14.611355644561964,14.619112224072927,14.543998170303789,14.524849491078113,14.544364202379525,,,,,
1824,607.392,14.436097086585553,14.401353101355529,14.578088829256531,14.525743096022453,14.570778807469454,14.548826396558496,14.615493885810519,14.620252467419856,14.609115381876135,14.61722803902092,14.624803858016698,14.549895830607795,14.530888906940278,14.550315327656564,,,,,
1825,607.546896,14.43212556603828,14.397173639958748,14.574263335984488,14.521769037071707,14.566931663879805,14.547468273643142,14.61189092728872,14.61655497767337,14.605366447389036,14.613493612270068,14.621184385999527,14.5461453444094,14.527048276875849,14.546530848261389,,,,,
1826,608.036304,14.42985189758565,14.394780924827115,14.57207324580323,14.519493892566512,14.56472920479211,14.546690905787143,14.60982826062404,14.614438175016645,14.60322018014725,14.61135564456021,14.619112224076092,14.54399817030288,14.524849491080419,14.54436420237879,,,,,
1827,608.391,14.436097086596256,14.401353101355564,14.578088829240192,14.525743096030775,14.570778807477586,14.548826396566504,14.615493885802513,14.620252467411774,14.609115381875815,14.617228039020961,14.624803858032445,14.549895830599807,14.530888906939937,14.550315327648653,,,,,
1828,608.545896,14.432125566032303,14.397173639953975,14.57426333598376,14.521769037067006,14.566931663879187,14.54746827364061,14.611890927282063,14.616554977672676,14.605366447388533,14.613493612269405,14.621184385995006,14.546145344408895,14.5270482768754,14.546530848254564,,,,,
1829,609.035304,14.42985189758726,14.394780924827275,14.572073245803082,14.519493892565405,14.56472920479415,14.546690905783318,14.609828260624905,14.614438175019556,14.603220180147247,14.611355644562042,14.61911222407266,14.54399817030373,14.524849491078609,14.54436420237983,,,,,
1830,609.39,14.436097086585416,14.40135310135603,14.578088829256501,14.525743096022516,14.570778807469505,14.548826396558459,14.615493885810361,14.620252467419785,14.609115381875899,14.61722803902125,14.62480385801711,14.549895830608236,14.530888906940202,14.550315327656355,,,,,
1831,609.544896,14.432125566032294,14.397173639953504,14.574263335983751,14.521769037067035,14.566931663879293,14.547468273640687,14.611890927282193,14.616554977672875,14.605366447388592,14.613493612269407,14.621184385995125,14.546145344409108,14.527048276874977,14.546530848254566,,,,,
1832,610.034304,14.42985189758724,14.394780924827453,14.572073245803033,14.51949389256546,14.564729204794363,14.546690905783256,14.609828260624969,14.614438175019385,14.603220180147211,14.611355644562206,14.619112224072767,14.543998170303723,14.524849491078449,14.544364202379938,,,,,
1833,610.389,14.436097086585471,14.401353101355992,14.57808882925667,14.5257430960223,14.57077880746942,14.548826396558246,14.615493885810508,14.620252467420082,14.60911538187609,14.61722803902117,14.62480385801703,14.549895830608074,14.530888906940177,14.550315327656618,,,,,
1834,610.543896,14.432125566032294,14.397173639953971,14.574263335983707,14.521769037067015,14.566931663879176,14.547468273640613,14.61189092728211,14.616554977672847,14.605366447388738,14.613493612269215,14.621184385994704,14.546145344409005,14.527048276875435,14.54653084825483,,,,,
1835,611.033304,14.429851897587143,14.394780924827304,14.572073245803159,14.51949389256553,14.5647292047942,14.546690905783358,14.609828260625024,14.614438175019654,14.603220180146876,14.611355644562343,14.619112224072992,14.543998170303949,14.52484949107856,14.544364202379612,,,,,
1836,611.388,14.436097086585692,14.401353101355792,14.578088829256476,14.525743096022458,14.570778807469514,14.548826396558301,14.615493885810402,14.620252467419833,14.60911538187615,14.61722803902077,14.624803858016852,14.549895830607912,14.530888906939797,14.550315327656428,,,,,
1837,611.542896,14.432125566038497,14.397173639958694,14.574263335984492,14.521769037071783,14.566931663879878,14.54746827364298,14.611890927288526,14.616554977673665,14.605366447388942,14.613493612270133,14.621184385999468,14.546145344409748,14.527048276875922,14.54653084826137,,,,,
1838,612.032304,14.429851897585616,14.394780924827193,14.572073245803178,14.519493892566619,14.564729204792098,14.546690905787319,14.60982826062394,14.61443817501657,14.603220180146996,14.611355644560406,14.619112224075739,14.543998170302489,14.524849491080655,14.544364202378837,,,,,
1839,612.387,14.436097086596446,14.401353101355852,14.578088829240173,14.525743096030673,14.57077880747762,14.548826396566378,14.615493885802481,14.62025246741204,14.609115381875787,14.617228039020695,14.624803858032651,14.549895830599752,14.530888906939968,14.550315327648597,,,,,
1840,612.541896,14.43212556603212,14.39717363995377,14.574263335983833,14.52176903706687,14.566931663879162,14.54746827364055,14.611890927282104,14.61655497767297,14.605366447388299,14.613493612269359,14.621184385994688,14.546145344408988,14.527048276875071,14.54653084825467,,,,,
1841,613.031304,14.429851897587236,14.394780924827215,14.572073245803164,14.519493892565379,14.564729204794133,14.546690905783198,14.609828260625088,14.61443817501954,14.60322018014696,14.611355644562106,14.619112224073165,14.543998170303405,14.524849491078582,14.544364202379391,,,,,
1842,613.386,14.436097086585688,14.401353101355644,14.578088829256533,14.525743096022506,14.570778807469607,14.548826396558542,14.615493885810466,14.620252467419753,14.60911538187572,14.617228039020917,14.624803858016648,14.549895830608216,14.530888906940273,14.550315327656342,,,,,
1843,613.540896,14.43212556603238,14.397173639953833,14.574263335983911,14.521769037066969,14.566931663879231,14.547468273640561,14.611890927282182,14.616554977672802,14.605366447388358,14.613493612269412,14.621184385995125,14.546145344409043,14.527048276875208,14.546530848254935,,,,,
1844,614.030304,14.429851897587206,14.394780924827279,14.57207324580313,14.519493892565444,14.564729204794146,14.546690905783342,14.609828260624989,14.614438175019682,14.603220180147177,14.611355644562357,14.61911222407274,14.543998170303748,14.524849491078315,14.544364202379697,,,,,
1845,614.385,14.436097086585718,14.401353101355802,14.578088829256446,14.525743096022453,14.57077880746943,14.54882639655842,14.615493885810553,14.620252467419991,14.609115381876046,14.617228039021068,14.624803858016811,14.549895830607875,14.53088890693979,14.550315327656664,,,,,
1846,614.539896,14.432125566032147,14.39717363995372,14.574263335983842,14.521769037066855,14.56693166387927,14.547468273640517,14.611890927282188,14.61655497767276,14.605366447388732,14.61349361226959,14.62118438599485,14.546145344409052,14.527048276875014,14.546530848254937,,,,,
1847,615.029304,14.429851897587266,14.394780924827579,14.572073245803246,14.519493892565459,14.564729204794094,14.546690905783151,14.609828260624989,14.61443817501935,14.603220180147158,14.611355644562375,14.619112224072884,14.54399817030382,14.524849491078328,14.544364202379931,,,,,
1848,615.384,14.436097086585471,14.401353101355651,14.57808882925656,14.52574309602225,14.570778807469406,14.548826396558304,14.615493885810531,14.620252467419828,14.609115381876128,14.61722803902111,14.62480385801698,14.549895830607898,14.530888906939976,14.550315327656376,,,,,
1849,615.538896,14.432125566032306,14.397173639953719,14.574263335983876,14.52176903706702,14.566931663879224,14.547468273640582,14.611890927282275,14.6165549776731,14.605366447388462,14.613493612269298,14.621184385994889,14.546145344409199,14.527048276875284,14.546530848254779,,,,,
1850,616.028304,14.429851897587168,14.39478092482737,14.57207324580306,14.519493892565567,14.564729204794311,14.546690905783334,14.60982826062503,14.61443817501961,14.603220180146693,14.61135564456239,14.619112224072772,14.543998170303638,14.52484949107854,14.544364202379809,,,,,
1851,616.383,14.436097086585576,14.401353101355843,14.578088829256645,14.525743096022333,14.570778807469551,14.548826396558349,14.615493885810585,14.620252467419846,14.609115381876002,14.617228039021063,14.624803858016708,14.549895830608063,14.530888906940088,14.550315327656389,,,,,
1852,616.537896,14.432125566038497,14.397173639958734,14.574263335984492,14.521769037071872,14.56693166387983,14.547468273643165,14.611890927288611,14.616554977673308,14.60536644738897,14.61349361226972,14.621184385999477,14.546145344409446,14.527048276875732,14.546530848261236,,,,,
1853,617.027304,14.429851897585824,14.394780924827243,14.572073245803233,14.519493892566626,14.564729204792119,14.546690905787246,14.609828260623948,14.614438175016538,14.603220180146812,14.611355644560046,14.619112224075977,14.543998170302812,14.524849491080209,14.544364202378647,,,,,
1854,617.382,14.436097086596408,14.40135310135588,14.578088829240409,14.525743096030638,14.570778807477732,14.54882639656635,14.615493885802573,14.620252467412104,14.609115381875995,14.617228039021139,14.62480385803275,14.549895830599892,14.530888906940184,14.550315327648445,,,,,
1855,617.536896,14.432125566032232,14.397173639953774,14.574263335983906,14.521769037067045,14.566931663879124,14.547468273640575,14.611890927282102,14.616554977672887,14.605366447388452,14.613493612269394,14.621184385994956,14.546145344409247,14.52704827687515,14.54653084825476,,,,,
1856,618.026304,14.429851897587248,14.394780924827213,14.572073245803152,14.519493892565437,14.564729204794329,14.546690905783302,14.609828260625113,14.614438175019647,14.60322018014681,14.61135564456226,14.619112224072916,14.543998170303622,14.524849491078538,14.54436420237974,,,,,
1857,618.381,14.436097086585638,14.401353101355864,14.578088829256671,14.525743096022493,14.570778807469447,14.548826396558594,14.61549388581051,14.620252467419993,14.609115381876089,14.617228039020814,14.624803858016945,14.549895830607941,14.53088890694021,14.550315327656461,,,,,
1858,618.535896,14.432125566032335,14.397173639953957,14.574263335983739,14.521769037067175,14.56693166387933,14.547468273640632,14.611890927282229,14.6165549776727,14.605366447388677,14.613493612269421,14.621184385995107,14.546145344408965,14.527048276875394,14.546530848254848,,,,,
1859,619.025304,14.429851897587252,14.394780924827351,14.572073245803093,14.519493892565578,14.564729204794183,14.546690905783214,14.60982826062512,14.614438175019561,14.603220180146767,14.61135564456219,14.619112224072689,14.543998170303775,14.524849491078205,14.54436420237965,,,,,
1860,619.38,14.436097086585642,14.401353101355527,14.578088829256604,14.525743096022566,14.570778807469498,14.548826396558425,14.615493885810542,14.620252467419835,14.609115381875933,14.6172280390207,14.624803858016678,14.549895830608111,14.530888906939994,14.550315327656566,,,,,
1861,619.534896,14.432125566032232,14.397173639954023,14.574263335983845,14.521769037066944,14.566931663879176,14.547468273640607,14.611890927282225,14.616554977673184,14.605366447388482,14.613493612269687,14.621184385994889,14.546145344408927,14.5270482768754,14.546530848254642,,,,,
1862,620.024304,14.429851897587314,14.394780924827428,14.572073245803173,14.519493892565487,14.564729204794109,14.546690905783334,14.609828260624989,14.614438175019423,14.603220180147146,14.611355644562305,14.619112224072968,14.543998170303851,14.524849491078683,14.544364202379866,,,,,
1863,620.379,14.43609708658562,14.401353101355667,14.578088829256732,14.525743096022378,14.570778807469372,14.548826396558542,14.615493885810453,14.620252467420054,14.609115381876139,14.617228039020869,14.6248038580168,14.54989583060796,14.530888906940069,14.550315327656387,,,,,
1864,620.533896,14.432125566032257,14.397173639953694,14.57426333598396,14.521769037067143,14.566931663879174,14.547468273640671,14.611890927282332,14.616554977672747,14.605366447388343,14.613493612269284,14.621184385994706,14.546145344409098,14.527048276874979,14.546530848254664,,,,,
1865,621.023304,14.429851897587293,14.39478092482737,14.572073245803079,14.519493892565531,14.564729204794151,14.546690905783143,14.609828260625068,14.614438175019654,14.603220180146804,14.61135564456202,14.619112224072719,14.543998170303723,14.524849491078548,14.544364202379608,,,,,
1866,621.378,14.43609708658558,14.401353101355642,14.57808882925647,14.525743096022444,14.570778807469456,14.548826396558313,14.61549388581056,14.620252467419716,14.60911538187608,14.617228039020844,14.624803858017003,14.54989583060804,14.530888906939953,14.550315327656707,,,,,
1867,621.532896,14.432125566038543,14.397173639958444,14.574263335984286,14.521769037071833,14.566931663879817,14.547468273642927,14.611890927288602,14.616554977673575,14.605366447389173,14.613493612270133,14.621184385999257,14.5461453444097,14.527048276875476,14.546530848261426,,,,,
1868,622.022304,14.429851897585676,14.394780924827216,14.572073245803162,14.519493892566533,14.564729204792268,14.546690905787143,14.609828260624111,14.614438175016423,14.60322018014719,14.611355644560067,14.619112224076103,14.543998170302649,14.524849491080404,14.544364202378748,,,,,
1869,622.377,14.436097086596288,14.401353101355552,14.57808882924036,14.525743096030663,14.570778807477852,14.54882639656635,14.615493885802636,14.620252467411637,14.609115381876123,14.617228039021033,14.624803858032625,14.549895830600038,14.530888906939927,14.550315327648738,,,,,
1870,622.531896,14.432125566032244,14.397173639953921,14.574263335983849,14.521769037067203,14.566931663879087,14.547468273640648,14.611890927282229,14.616554977673081,14.605366447388702,14.613493612269318,14.621184385994859,14.546145344409142,14.527048276875458,14.546530848254994,,,,,
1871,623.021304,14.429851897587307,14.394780924827577,14.572073245803162,14.519493892565357,14.564729204794135,14.54669090578325,14.609828260624997,14.614438175019378,14.603220180147135,14.611355644562359,14.619112224072762,14.543998170303597,14.52484949107824,14.544364202379391,,,,,
1872,623.376,14.436097086585567,14.401353101355749,14.578088829256474,14.52574309602243,14.570778807469567,14.548826396558377,14.615493885810416,14.620252467419908,14.609115381875885,14.617228039020748,14.624803858016815,14.549895830608154,14.530888906940083,14.550315327656559,,,,,
1873,623.530896,14.432125566032306,14.39717363995383,14.574263335983861,14.521769037067095,14.566931663879219,14.547468273640526,14.611890927282328,14.616554977673132,14.605366447388784,14.61349361226972,14.621184385994669,14.546145344409085,14.527048276875401,14.546530848254953,,,,,
1874,624.020304,14.42985189758724,14.394780924827089,14.572073245803162,14.51949389256562,14.564729204794169,14.546690905783244,14.609828260625132,14.614438175019595,14.603220180147046,14.611355644562126,14.619112224072724,14.54399817030341,14.524849491078244,14.544364202379771,,,,,
1875,624.375,14.436097086585644,14.401353101355964,14.578088829256567,14.5257430960225,14.570778807469635,14.548826396558514,14.615493885810455,14.620252467420103,14.609115381876057,14.617228039020814,14.624803858016989,14.54989583060826,14.530888906940035,14.550315327656437,,,,,
1876,624.529896,14.432125566032367,14.397173639953582,14.574263335983831,14.521769037067086,14.566931663879332,14.547468273640618,14.611890927282197,14.616554977672932,14.605366447388757,14.613493612269593,14.621184385994686,14.546145344408945,14.5270482768751,14.546530848255012,,,,,
1877,625.019304,14.429851897587326,14.394780924827327,14.572073245803194,14.519493892565439,14.564729204794215,14.546690905783304,14.60982826062511,14.614438175019556,14.603220180146739,14.611355644562426,14.619112224072918,14.543998170303889,14.524849491078157,14.544364202379873,,,,,
1878,625.374,14.436097086585495,14.401353101355854,14.578088829256565,14.525743096022536,14.570778807469518,14.548826396558395,14.615493885810578,14.620252467419776,14.609115381875872,14.617228039021137,14.624803858016767,14.54989583060799,14.530888906940323,14.550315327656412,,,,,
1879,625.528896,14.432125566032148,14.397173639953946,14.574263335983943,14.521769037067147,14.566931663879224,14.547468273640717,14.611890927282248,14.616554977672838,14.605366447388668,14.613493612269325,14.621184385994644,14.546145344408993,14.527048276875098,14.546530848254699,,,,,
1880,626.018304,14.42985189758723,14.39478092482747,14.572073245803255,14.51949389256545,14.564729204794203,14.546690905783162,14.60982826062505,14.614438175019359,14.603220180146968,14.611355644562055,14.619112224072772,14.543998170303746,14.524849491078244,14.544364202379654,,,,,
1881,626.373,14.43609708658563,14.401353101355856,14.578088829256595,14.525743096022316,14.570778807469505,14.548826396558482,14.615493885810508,14.620252467419988,14.609115381876292,14.617228039020814,14.624803858016753,14.549895830608113,14.530888906939913,14.5503153276568,,,,,
1882,626.527896,14.432125566038508,14.397173639958748,14.574263335984249,14.521769037071657,14.566931663879828,14.5474682736432,14.61189092728867,14.616554977673275,14.60536644738915,14.613493612269794,14.621184385999141,14.546145344409416,14.527048276875545,14.546530848261604,,,,,
1883,627.017304,14.429851897585653,14.394780924827483,14.572073245803097,14.51949389256644,14.564729204792048,14.546690905787113,14.60982826062398,14.614438175016634,14.603220180147106,14.61135564456037,14.619112224076085,14.54399817030291,14.524849491080557,14.544364202378475,,,,,
1884,627.372,14.436097086596419,14.401353101355877,14.578088829240262,14.525743096030586,14.570778807477705,14.548826396566442,14.61549388580256,14.620252467411923,14.609115381875945,14.617228039020882,14.624803858032532,14.549895830599912,14.53088890694003,14.550315327648704,,,,,
1885,627.526896,14.432125566032209,14.39717363995367,14.57426333598391,14.521769037067019,14.566931663879322,14.547468273640476,14.611890927282111,14.616554977672715,14.605366447388448,14.613493612269497,14.621184385994745,14.546145344409034,14.52704827687513,14.546530848254553,,,,,
1886,628.016304,14.429851897587172,14.394780924827124,14.572073245803104,14.519493892565652,14.564729204794258,14.546690905783315,14.6098282606249,14.614438175019204,14.603220180147213,14.611355644561975,14.619112224073126,14.543998170303537,14.524849491078474,14.544364202379427,,,,,
1887,628.371,14.436097086585518,14.401353101355717,14.578088829256483,14.525743096022378,14.570778807469546,14.548826396558534,14.615493885810478,14.620252467419748,14.609115381876155,14.617228039020938,14.624803858016783,14.549895830608076,14.530888906940053,14.550315327656406,,,,,
1888,628.525896,14.43212556603228,14.397173639954037,14.57426333598389,14.52176903706701,14.56693166387939,14.547468273640522,14.611890927282191,14.616554977672736,14.605366447388406,14.613493612269684,14.621184385994985,14.54614534440883,14.527048276875039,14.54653084825483,,,,,
1889,629.015304,14.429851897587374,14.394780924827428,14.572073245803177,14.519493892565604,14.56472920479411,14.546690905783235,14.609828260625244,14.614438175019512,14.603220180146897,14.611355644562284,14.619112224073211,14.543998170303492,14.524849491078355,14.54436420237988,,,,,
1890,629.37,14.436097086585484,14.401353101355834,14.578088829256517,14.52574309602246,14.570778807469406,14.548826396558374,14.61549388581045,14.620252467419832,14.609115381875913,14.617228039021157,14.624803858016591,14.54989583060782,14.530888906940158,14.550315327656733,,,,,
1891,629.524896,14.432125566032319,14.397173639953994,14.574263335983657,14.521769037067129,14.566931663879112,14.54746827364061,14.611890927282012,14.616554977672855,14.605366447388679,14.613493612269247,14.621184385994718,14.546145344408934,14.527048276875231,14.54653084825494,,,,,
1892,630.014304,14.429851897587227,14.394780924827554,14.572073245803228,14.519493892565439,14.564729204794252,14.546690905783338,14.609828260625019,14.614438175019199,14.603220180147112,14.611355644562384,14.619112224072966,14.543998170303581,14.524849491078182,14.544364202379937,,,,,
1893,630.369,14.436097086585571,14.40135310135555,14.578088829256608,14.525743096022538,14.570778807469422,14.548826396558528,14.615493885810418,14.620252467420084,14.609115381876226,14.617228039021194,14.62480385801676,14.549895830607865,14.530888906940234,14.550315327656605,,,,,
1894,630.523896,14.432125566032195,14.397173639954046,14.574263335983744,14.521769037067093,14.566931663879322,14.547468273640693,14.611890927282095,14.61655497767271,14.605366447388427,14.613493612269467,14.621184385994988,14.546145344408757,14.527048276875167,14.54653084825486,,,,,
1895,631.013304,14.429851897587245,14.394780924827543,14.572073245803075,14.519493892565658,14.564729204794128,14.546690905783242,14.609828260624877,14.61443817501954,14.603220180146863,14.611355644562293,14.619112224073017,14.543998170303755,14.524849491078575,14.544364202379954,,,,,
1896,631.368,14.43609708658565,14.401353101355783,14.578088829256494,14.525743096022294,14.570778807469527,14.548826396558546,14.615493885810556,14.620252467419908,14.60911538187581,14.617228039020878,14.624803858016987,14.549895830607756,14.530888906940216,14.550315327656442,,,,,
1897,631.522896,14.43212556603841,14.397173639958494,14.574263335984288,14.521769037071783,14.566931663879718,14.547468273643132,14.611890927288563,14.616554977673182,14.605366447388791,14.613493612270045,14.621184385999587,14.546145344409808,14.52704827687556,14.546530848261291,,,,,
1898,632.012304,14.429851897585712,14.394780924827396,14.572073245803107,14.519493892566532,14.564729204792231,14.546690905787354,14.609828260624063,14.614438175016213,14.603220180146781,14.611355644560389,14.619112224076176,14.543998170302727,14.524849491080476,14.544364202378771,,,,,
1899,632.367,14.436097086596348,14.401353101355449,14.578088829240256,14.525743096030663,14.570778807477668,14.548826396566563,14.615493885802596,14.62025246741186,14.609115381876235,14.617228039021134,14.62480385803292,14.549895830599835,14.530888906940255,14.550315327648692,,,,,
1900,632.521896,14.432125566032294,14.397173639953623,14.574263335983872,14.521769037067141,14.566931663879211,14.5474682736406,14.611890927282113,14.616554977673045,14.605366447388691,14.613493612269584,14.621184385994713,14.546145344408847,14.527048276875043,14.546530848254989,,,,,
1901,633.011304,14.42985189758705,14.394780924827502,14.572073245803326,14.519493892565627,14.564729204794197,14.546690905783285,14.609828260625108,14.614438175019457,14.603220180146904,14.611355644562257,14.619112224073142,14.543998170303754,14.5248494910786,14.54436420237948,,,,,
1902,633.366,14.43609708658575,14.401353101355665,14.578088829256647,14.525743096022241,14.570778807469557,14.548826396558297,14.615493885810462,14.620252467420059,14.609115381876167,14.617228039020885,14.62480385801658,14.549895830607916,14.530888906939948,14.55031532765673,,,,,
1903,633.520896,14.432125566032209,14.397173639953971,14.574263335983893,14.52176903706711,14.56693166387912,14.547468273640431,14.611890927282278,14.616554977673024,14.605366447388755,14.61349361226947,14.621184385994924,14.546145344409148,14.527048276875309,14.546530848254484,,,,,
1904,634.010304,14.429851897587191,14.394780924827316,14.572073245803129,14.519493892565443,14.564729204794158,14.546690905783224,14.609828260625157,14.614438175019563,14.603220180147028,14.611355644562138,14.619112224073024,14.543998170303682,14.52484949107835,14.544364202379747,,,,,
1905,634.365,14.436097086585692,14.40135310135597,14.578088829256464,14.525743096022376,14.57077880746945,14.548826396558566,14.615493885810476,14.620252467419801,14.609115381876123,14.617228039020727,14.624803858016719,14.549895830607905,14.530888906940156,14.550315327656703,,,,,
1906,634.519896,14.432125566032175,14.397173639954033,14.574263335983852,14.521769037067099,14.566931663879213,14.547468273640717,14.611890927282081,14.616554977672774,14.605366447388606,14.613493612269364,14.62118438599504,14.5461453444092,14.527048276875414,14.546530848254838,,,,,
1907,635.009304,14.429851897587227,14.39478092482729,14.572073245803146,14.519493892565537,14.564729204794157,14.546690905783166,14.609828260625036,14.614438175019245,14.60322018014716,14.611355644562412,14.619112224073042,14.543998170303949,14.52484949107845,14.544364202379851,,,,,
1908,635.364,14.436097086585496,14.401353101355841,14.578088829256732,14.525743096022337,14.570778807469422,14.548826396558338,14.615493885810602,14.62025246741975,14.609115381876173,14.617228039020965,14.624803858016987,14.54989583060775,14.530888906940207,14.550315327656563,,,,,
1909,635.518896,14.432125566032306,14.397173639953733,14.574263335983739,14.52176903706713,14.566931663879384,14.547468273640668,14.611890927282339,14.616554977672934,14.605366447388525,14.613493612269652,14.62118438599466,14.546145344409306,14.527048276875073,14.546530848255,,,,,
1910,636.008304,14.429851897587278,14.394780924827442,14.57207324580328,14.519493892565432,14.564729204794116,14.546690905783194,14.609828260625086,14.614438175019528,14.603220180147066,14.611355644562327,14.61911222407307,14.543998170303913,14.524849491078417,14.544364202379802,,,,,
1911,636.363,14.43609708658569,14.401353101355516,14.578088829256636,14.525743096022405,14.570778807469491,14.54882639655836,14.61549388581047,14.6202524674199,14.609115381875814,14.617228039020874,14.624803858016625,14.54989583060787,14.530888906939936,14.550315327656794,,,,,
1912,636.517896,14.432125566038472,14.39717363995842,14.574263335984336,14.521769037071644,14.56693166387967,14.547468273642936,14.611890927288636,14.61655497767322,14.60536644738928,14.613493612269941,14.62118438599945,14.54614534440961,14.527048276875608,14.546530848261385,,,,,
1913,637.007304,14.429851897585591,14.39478092482733,14.57207324580318,14.519493892566594,14.564729204792169,14.546690905787166,14.609828260623953,14.614438175016266,14.603220180147064,14.611355644560057,14.619112224075964,14.543998170302952,14.524849491080207,14.544364202378494,,,,,
1914,637.362,14.436097086596423,14.401353101355767,14.57808882924038,14.525743096030588,14.570778807477547,14.548826396566422,14.615493885802433,14.620252467411891,14.609115381876162,14.617228039021144,14.624803858032841,14.54989583059984,14.530888906940229,14.550315327648486,,,,,
1915,637.516896,14.432125566032317,14.39717363995379,14.57426333598386,14.521769037067154,14.566931663879236,14.54746827364055,14.611890927282305,14.616554977672743,14.605366447388546,14.61349361226921,14.621184385994873,14.546145344409032,14.52704827687514,14.54653084825472,,,,,
1916,638.006304,14.429851897587223,14.394780924827417,14.572073245803313,14.519493892565347,14.564729204794233,14.54669090578323,14.609828260624973,14.614438175019508,14.603220180146941,14.611355644562071,14.619112224073127,14.543998170303773,14.524849491078667,14.544364202379525,,,,,
1917,638.361,14.436097086585566,14.401353101355564,14.578088829256657,14.525743096022428,14.570778807469605,14.548826396558352,14.615493885810563,14.62025246742009,14.609115381876174,14.617228039020826,14.624803858016918,14.54989583060819,14.530888906940252,14.550315327656358,,,,,
1918,638.515896,14.432125566032294,14.397173639953808,14.574263335983705,14.52176903706705,14.566931663879291,14.5474682736405,14.611890927282166,14.616554977672948,14.605366447388619,14.613493612269396,14.621184385994642,14.546145344409126,14.52704827687542,14.546530848254566,,,,,
1919,639.005304,14.429851897587204,14.394780924827174,14.572073245803091,14.519493892565468,14.56472920479411,14.546690905783175,14.609828260625134,14.61443817501928,14.603220180147007,14.611355644562382,14.619112224072866,14.54399817030352,14.524849491078374,14.544364202379438,,,,,
1920,639.36,14.436097086585606,14.401353101355884,14.57808882925668,14.525743096022433,14.570778807469587,14.548826396558361,14.615493885810569,14.620252467420048,14.609115381876133,14.617228039020896,14.624803858016978,14.54989583060808,14.530888906940143,14.550315327656707,,,,,
1921,639.514896,14.43212556603227,14.39717363995402,14.574263335983737,14.521769037067136,14.566931663879151,14.547468273640689,14.611890927282214,14.616554977672706,14.605366447388409,14.613493612269323,14.621184385994988,14.546145344409178,14.527048276875389,14.546530848254939,,,,,
1922,640.004304,14.429851897587328,14.394780924827543,14.572073245803162,14.51949389256563,14.564729204794128,14.546690905783134,14.609828260625164,14.61443817501959,14.603220180146838,14.611355644562245,14.619112224072913,14.543998170303677,14.524849491078541,14.544364202379883,,,,,
1923,640.359,14.4360970865857,14.401353101355872,14.578088829256497,14.525743096022369,14.570778807469418,14.548826396558324,14.615493885810503,14.620252467419885,14.609115381876105,14.617228039021011,14.624803858016818,14.549895830607788,14.530888906939893,14.550315327656502,,,,,
1924,640.513896,14.432125566038469,14.397173639958442,14.574263335984323,14.521769037071621,14.566931663879718,14.547468273642961,14.611890927288727,14.61655497767343,14.605366447388917,14.61349361227017,14.621184385999182,14.546145344409554,14.527048276875844,14.546530848261261,,,,,
1925,641.003304,14.429851897585651,14.394780924827167,14.572073245803061,14.519493892566466,14.564729204792279,14.546690905787292,14.609828260624175,14.614438175016433,14.603220180147007,14.611355644560417,14.619112224076186,14.543998170302531,14.524849491080344,14.54436420237871,,,,,
1926,641.358,14.436097086596371,14.401353101355536,14.578088829240386,14.525743096030686,14.570778807477694,14.548826396566449,14.615493885802763,14.620252467412076,14.609115381875961,14.617228039021166,14.624803858032887,14.549895830600029,14.530888906939866,14.550315327648258,,,,,
1927,641.512896,14.432125566032234,14.397173639953932,14.574263335983677,14.52176903706716,14.566931663879332,14.547468273640526,14.611890927282126,14.616554977672989,14.605366447388382,14.613493612269377,14.621184385994729,14.546145344409044,14.527048276874972,14.546530848254985,,,,,
1928,642.002304,14.429851897587172,14.394780924827213,14.572073245803196,14.519493892565492,14.564729204794281,14.546690905783295,14.609828260625049,14.614438175019687,14.603220180147202,14.611355644562316,14.619112224073168,14.543998170303526,14.524849491078307,14.54436420237958,,,,,
1929,642.357,14.436097086585775,14.40135310135573,14.578088829256526,14.52574309602228,14.570778807469544,14.54882639655846,14.615493885810414,14.620252467419682,14.609115381876212,14.617228039020725,14.62480385801675,14.549895830607694,14.530888906940048,14.550315327656833,,,,,
1930,642.511896,14.432125566032223,14.39717363995407,14.574263335983725,14.521769037067058,14.566931663879206,14.547468273640485,14.611890927282184,14.616554977673184,14.605366447388748,14.613493612269492,14.621184385994912,14.546145344409217,14.527048276875185,14.546530848254552,,,,,
1931,643.001304,14.429851897587069,14.39478092482744,14.572073245803118,14.519493892565453,14.564729204794196,14.546690905783143,14.609828260625104,14.614438175019608,14.603220180146963,14.611355644562124,14.619112224072763,14.543998170303837,14.524849491078218,14.544364202379501,,,,,
1932,643.356,14.436097086585521,14.401353101355692,14.578088829256602,14.525743096022312,14.570778807469479,14.548826396558493,14.615493885810553,14.620252467419972,14.609115381876146,14.617228039020842,14.624803858016778,14.549895830607714,14.530888906940001,14.55031532765664,,,,,
1933,643.510896,14.432125566032198,14.39717363995377,14.574263335983712,14.521769037067171,14.566931663879236,14.547468273640538,14.611890927282184,14.616554977673067,14.60536644738835,14.613493612269345,14.621184385994999,14.546145344408904,14.527048276875195,14.546530848254731,,,,,
1934,644.000304,14.429851897587213,14.394780924827188,14.57207324580307,14.519493892565606,14.564729204794228,14.546690905783297,14.609828260624983,14.614438175019323,14.60322018014712,14.611355644562257,14.61911222407304,14.543998170303647,14.524849491078557,14.544364202379766,,,,,
1935,644.355,14.436097086585457,14.40135310135573,14.578088829256656,14.52574309602236,14.570778807469514,14.548826396558342,14.615493885810288,14.620252467419874,14.609115381875892,14.617228039020889,14.624803858016719,14.54989583060795,14.530888906939984,14.550315327656453,,,,,
1936,644.509896,14.432125566032193,14.397173639953781,14.574263335983714,14.521769037066967,14.566931663879211,14.547468273640732,14.61189092728223,14.616554977672838,14.605366447388638,14.613493612269506,14.62118438599488,14.546145344408796,14.52704827687491,14.54653084825465,,,,,
1937,644.999304,14.429851897587243,14.394780924827229,14.572073245803242,14.519493892565462,14.56472920479409,14.546690905783356,14.60982826062494,14.614438175019393,14.603220180147238,14.611355644561986,14.619112224072694,14.543998170303881,14.52484949107856,14.544364202379816,,,,,
1938,645.354,14.436097086585493,14.401353101355529,14.578088829256455,14.525743096022332,14.570778807469543,14.548826396558361,14.615493885810578,14.62025246741992,14.6091153818761,14.617228039020862,14.624803858016708,14.54989583060794,14.5308889069399,14.550315327656351,,,,,
1939,645.508896,14.432125566038433,14.397173639958417,14.574263335984288,14.521769037071596,14.566931663879718,14.547468273643057,14.611890927288698,14.616554977673585,14.605366447389095,14.613493612269988,14.621184385999285,14.546145344409682,14.527048276875732,14.546530848261142,,,,,
1940,645.998304,14.429851897585651,14.394780924827105,14.572073245803088,14.519493892566379,14.564729204792123,14.54669090578724,14.609828260624047,14.614438175016296,14.60322018014688,14.611355644560454,14.619112224076147,14.543998170302718,14.524849491080477,14.54436420237884,,,,,
1941,646.353,14.436097086596373,14.401353101355706,14.578088829240283,14.525743096030702,14.570778807477668,14.548826396566637,14.615493885802644,14.620252467411689,14.609115381875853,14.617228039021095,14.6248038580328,14.549895830599786,14.530888906939868,14.550315327648418,,,,,
1942,646.507896,14.43212556603238,14.397173639954072,14.574263335983794,14.52176903706709,14.56693166387937,14.547468273640538,14.611890927282039,14.616554977673076,14.605366447388686,14.613493612269592,14.621184385994697,14.546145344408915,14.52704827687525,14.546530848254884,,,,,
1943,646.997304,14.429851897587238,14.394780924827085,14.572073245803168,14.519493892565631,14.564729204794256,14.546690905783283,14.609828260624973,14.614438175019265,14.603220180147154,14.611355644562128,14.619112224072678,14.543998170303457,14.524849491078436,14.54436420237994,,,,,
1944,647.352,14.436097086585516,14.401353101355593,14.578088829256524,14.525743096022406,14.570778807469653,14.548826396558505,14.61549388581054,14.620252467419693,14.609115381875853,14.617228039021136,14.624803858016858,14.549895830608017,14.530888906940175,14.550315327656502,,,,,
1945,647.506896,14.43212556603216,14.397173639953957,14.574263335983689,14.521769037066859,14.56693166387933,14.5474682736405,14.6118909272823,14.61655497767291,14.605366447388358,14.613493612269563,14.621184385995075,14.546145344409133,14.52704827687522,14.546530848254857,,,,,
1946,647.996304,14.42985189758714,14.394780924827337,14.57207324580314,14.519493892565519,14.564729204794352,14.546690905783212,14.609828260624928,14.614438175019737,14.603220180147051,14.611355644562469,14.61911222407278,14.543998170303713,14.524849491078207,14.544364202379596,,,,,
1947,648.351,14.43609708658558,14.401353101355678,14.57808882925653,14.525743096022266,14.570778807469491,14.548826396558285,14.615493885810569,14.62025246742002,14.609115381875778,14.617228039020997,14.624803858016953,14.549895830608175,14.530888906940273,14.55031532765653,,,,,
1948,648.505896,14.432125566032393,14.39717363995363,14.57426333598369,14.521769037067124,14.566931663879272,14.54746827364055,14.611890927282083,14.616554977672797,14.605366447388517,14.613493612269203,14.621184385994864,14.546145344409076,14.527048276875101,14.54653084825476,,,,,
1949,648.995304,14.429851897587213,14.394780924827526,14.57207324580318,14.519493892565578,14.564729204794265,14.5466909057832,14.609828260625047,14.61443817501927,14.603220180146936,14.611355644562297,14.61911222407302,14.543998170303581,14.524849491078633,14.54436420237995,,,,,
1950,649.35,14.43609708658557,14.401353101355946,14.57808882925668,14.525743096022397,14.570778807469624,14.54882639655834,14.615493885810418,14.620252467419789,14.609115381875858,14.6172280390211,14.62480385801698,14.54989583060782,14.530888906940282,14.550315327656309,,,,,
1951,649.504896,14.432125566032195,14.397173639953653,14.574263335983652,14.521769037066958,14.566931663879261,14.547468273640668,14.611890927282328,14.616554977672862,14.60536644738832,14.613493612269355,14.621184385994772,14.546145344408924,14.527048276875208,14.546530848254905,,,,,
1952,649.994304,14.429851897587131,14.394780924827216,14.572073245803189,14.519493892565446,14.5647292047942,14.546690905783315,14.609828260625168,14.614438175019378,14.603220180146947,14.61135564456237,14.619112224072893,14.543998170303821,14.524849491078646,14.54436420237985,,,,,
1953,650.349,14.436097086585777,14.401353101355529,14.57808882925672,14.52574309602227,14.570778807469434,14.548826396558395,14.61549388581048,14.620252467419785,14.609115381875784,14.617228039021027,14.624803858017005,14.54989583060794,14.530888906940223,14.550315327656817,,,,,
1954,650.503896,14.432125566038533,14.39717363995847,14.574263335984377,14.521769037071744,14.566931663879695,14.5474682736432,14.61189092728869,14.616554977673582,14.605366447389036,14.613493612269975,14.621184385999275,14.546145344409586,14.5270482768758,14.546530848261343,,,,,
1955,650.993304,14.429851897585653,14.394780924827419,14.572073245803209,14.519493892566533,14.564729204792023,14.546690905787154,14.609828260623997,14.614438175016632,14.603220180146922,14.61135564456043,14.619112224075831,14.543998170302867,14.52484949108029,14.54436420237873,,,,,
1956,651.348,14.43609708659642,14.401353101355625,14.578088829240361,14.525743096030551,14.570778807477865,14.548826396566396,14.615493885802518,14.620252467412111,14.609115381875906,14.617228039020873,14.62480385803249,14.549895830599732,14.530888906939884,14.550315327648267,,,,,
1957,651.502896,14.432125566032378,14.39717363995363,14.574263335983874,14.521769037067203,14.566931663879148,14.5474682736406,14.611890927282165,14.61655497767273,14.605366447388349,14.613493612269496,14.62118438599472,14.54614534440904,14.52704827687531,14.546530848254772,,,,,
1958,651.992304,14.429851897587099,14.394780924827401,14.572073245803177,14.519493892565567,14.56472920479421,14.546690905783185,14.609828260625088,14.614438175019487,14.603220180147122,14.611355644562307,14.619112224073048,14.543998170303968,14.524849491078184,14.544364202379745,,,,,
1959,652.347,14.436097086585665,14.40135310135589,14.578088829256592,14.525743096022305,14.570778807469594,14.548826396558466,14.615493885810384,14.620252467420109,14.609115381875919,14.617228039020835,14.624803858016982,14.549895830607799,14.530888906939934,14.550315327656808,,,,,
1960,652.501896,14.432125566032282,14.397173639954008,14.574263335983845,14.521769037067088,14.566931663879316,14.5474682736406,14.61189092728213,14.616554977672768,14.605366447388809,14.613493612269647,14.62118438599508,14.546145344409036,14.527048276875412,14.546530848254903,,,,,
1961,652.991304,14.429851897587262,14.39478092482739,14.572073245803066,14.519493892565345,14.564729204794219,14.546690905783292,14.609828260624967,14.614438175019304,14.603220180147177,14.611355644562318,14.619112224072737,14.543998170303801,14.524849491078609,14.544364202379803,,,,,
1962,653.346,14.43609708658557,14.401353101355854,14.578088829256451,14.52574309602236,14.570778807469454,14.54882639655829,14.615493885810436,14.620252467420134,14.609115381876068,14.61722803902073,14.62480385801673,14.549895830607984,14.530888906940238,14.55031532765672,,,,,
1963,653.500896,14.43212556603211,14.397173639953694,14.574263335983751,14.52176903706701,14.566931663879394,14.547468273640572,14.611890927282293,14.616554977672907,14.605366447388667,14.613493612269433,14.621184385994873,14.546145344409187,14.527048276874952,14.54653084825484,,,,,
1964,653.990304,14.429851897587314,14.39478092482739,14.572073245803306,14.51949389256544,14.564729204794265,14.546690905783262,14.60982826062492,14.614438175019396,14.60322018014707,14.6113556445622,14.619112224072841,14.543998170303508,14.524849491078532,14.544364202379558,,,,,
1965,654.345,14.436097086585434,14.401353101355781,14.578088829256526,14.52574309602237,14.570778807469416,14.54882639655841,14.61549388581048,14.620252467419778,14.60911538187576,14.617228039020842,14.624803858016902,14.549895830607975,14.530888906939873,14.55031532765681,,,,,
1966,654.499896,14.43212556603233,14.397173639954044,14.574263335983847,14.521769037066981,14.566931663879396,14.547468273640519,14.611890927282301,14.616554977673006,14.605366447388734,14.613493612269604,14.621184385994855,14.546145344409053,14.527048276875004,14.546530848254688,,,,,
1967,654.989304,14.429851897587168,14.394780924827357,14.572073245803102,14.519493892565634,14.56472920479419,14.546690905783167,14.609828260625013,14.614438175019266,14.60322018014694,14.611355644562341,14.619112224072747,14.543998170303691,14.524849491078497,14.54436420237948,,,,,
1968,655.344,14.436097086585518,14.401353101355854,14.578088829256528,14.525743096022417,14.570778807469564,14.548826396558605,14.615493885810501,14.620252467419979,14.609115381875776,14.617228039020986,14.624803858017039,14.549895830608044,14.530888906939937,14.550315327656717,,,,,
1969,655.498896,14.432125566038385,14.397173639958597,14.574263335984277,14.521769037071584,14.56693166387983,14.547468273643204,14.611890927288723,14.616554977673562,14.605366447389212,14.613493612270116,14.621184385999426,14.546145344409753,14.527048276875947,14.546530848261185,,,,,
1970,655.988304,14.429851897585774,14.394780924827256,14.572073245803084,14.519493892566706,14.564729204792085,14.546690905787216,14.60982826062396,14.614438175016192,14.603220180147135,14.611355644560456,14.619112224075716,14.543998170302665,14.5248494910805,14.544364202378866,,,,,
1971,656.343,14.436097086596348,14.40135310135579,14.578088829240372,14.525743096030537,14.570778807477668,14.548826396566565,14.615493885802609,14.620252467411673,14.60911538187593,14.61722803902107,14.624803858032521,14.549895830599802,14.53088890694014,14.550315327648532,,,,,
1972,656.497896,14.43212556603212,14.397173639953982,14.574263335983906,14.521769037067129,14.566931663879355,14.547468273640503,14.611890927282131,14.616554977672992,14.605366447388478,14.613493612269268,14.621184385994923,14.54614534440915,14.527048276874945,14.546530848254594,,,,,
1973,656.987304,14.429851897587309,14.394780924827476,14.572073245803209,14.519493892565517,14.564729204794098,14.546690905783198,14.60982826062488,14.61443817501924,14.603220180146941,14.611355644562273,14.619112224073117,14.543998170303631,14.524849491078465,14.5443642023796,,,,,
1974,657.342,14.436097086585615,14.401353101355843,14.57808882925657,14.525743096022381,14.570778807469447,14.54882639655848,14.615493885810409,14.62025246742007,14.609115381876212,14.617228039020935,14.624803858017,14.549895830607808,14.530888906940127,14.550315327656618,,,,,
1975,657.496896,14.43212556603216,14.397173639953921,14.574263335983726,14.521769037067008,14.566931663879219,14.547468273640657,14.611890927282172,14.616554977673195,14.60536644738834,14.613493612269451,14.621184385994946,14.546145344409053,14.527048276875279,14.546530848254953,,,,,
1976,657.986304,14.42985189758724,14.394780924827174,14.5720732458031,14.519493892565553,14.564729204794084,14.546690905783175,14.609828260625031,14.614438175019782,14.6032201801469,14.611355644562249,14.61911222407291,14.543998170303812,14.524849491078376,14.544364202379729,,,,,
1977,658.341,14.436097086585521,14.401353101355884,14.578088829256606,14.525743096022472,14.570778807469539,14.548826396558253,14.615493885810537,14.620252467419851,14.609115381875753,14.61722803902114,14.624803858016987,14.549895830607838,14.530888906939811,14.550315327656637,,,,,
1978,658.495896,14.432125566032209,14.397173639953845,14.574263335983764,14.52176903706685,14.56693166387926,14.5474682736407,14.611890927282323,14.61655497767299,14.605366447388215,14.613493612269707,14.621184385994745,14.54614534440917,14.527048276875128,14.546530848254745,,,,,
1979,658.985304,14.42985189758708,14.394780924827215,14.572073245803175,14.5194938925655,14.56472920479429,14.546690905783269,14.609828260624957,14.614438175019659,14.603220180146948,14.611355644562074,14.619112224072909,14.54399817030346,14.524849491078388,14.544364202379814,,,,,
1980,659.34,14.436097086585631,14.401353101355566,14.578088829256554,14.525743096022264,14.57077880746964,14.548826396558336,14.615493885810372,14.620252467419888,14.609115381876194,14.617228039020999,14.624803858016719,14.549895830608044,14.53088890693978,14.55031532765683,,,,,
1981,659.494896,14.43212556603222,14.397173639953905,14.574263335983833,14.521769037067061,14.566931663879322,14.547468273640487,14.611890927282191,14.616554977672914,14.605366447388748,14.613493612269242,14.621184385994905,14.546145344408858,14.5270482768753,14.546530848254822,,,,,
1982,659.984304,14.42985189758734,14.394780924827558,14.572073245803209,14.519493892565634,14.564729204794276,14.546690905783121,14.609828260625155,14.614438175019245,14.603220180147188,14.611355644562014,14.619112224072916,14.543998170303738,14.524849491078589,14.544364202379741,,,,,
1983,660.339,14.436097086585566,14.401353101355932,14.578088829256428,14.525743096022522,14.57077880746943,14.548826396558276,14.615493885810528,14.620252467420064,14.609115381876045,14.617228039020896,14.624803858016742,14.54989583060784,14.530888906939936,14.55031532765667,,,,,
1984,660.493896,14.432125566038435,14.397173639958721,14.57426333598431,14.521769037071596,14.566931663879632,14.547468273643194,14.611890927288778,14.616554977673466,14.605366447389287,14.613493612270144,14.62118438599954,14.546145344409398,14.527048276875632,14.546530848261234,,,,,
1985,660.983304,14.429851897585714,14.394780924827117,14.57207324580318,14.519493892566441,14.564729204792219,14.546690905787333,14.609828260624028,14.614438175016334,14.60322018014707,14.611355644560202,14.619112224076051,14.543998170302643,14.524849491080461,14.544364202378791,,,,,
1986,661.338,14.436097086596371,14.401353101355953,14.578088829240203,14.52574309603064,14.570778807477655,14.548826396566357,14.61549388580266,14.620252467411838,14.609115381876034,14.61722803902121,14.624803858032843,14.549895830600029,14.530888906940097,14.550315327648336,,,,,
1987,661.492896,14.432125566032365,14.397173639954108,14.574263335983789,14.521769037067179,14.56693166387932,14.547468273640469,14.611890927282252,14.61655497767292,14.605366447388445,14.613493612269254,14.621184385994697,14.54614534440876,14.527048276875346,14.54653084825493,,,,,
1988,661.982304,14.429851897587076,14.394780924827264,14.572073245803164,14.519493892565393,14.564729204794197,14.546690905783121,14.60982826062495,14.61443817501947,14.603220180146968,14.611355644562236,14.619112224072692,14.54399817030378,14.524849491078234,14.544364202379603,,,,,
1989,662.337,14.436097086585725,14.401353101355637,14.578088829256659,14.525743096022357,14.570778807469447,14.548826396558306,14.615493885810539,14.620252467419883,14.60911538187606,14.61722803902079,14.624803858017042,14.54989583060785,14.530888906939893,14.550315327656737,,,,,
1990,662.491896,14.432125566032209,14.39717363995393,14.57426333598383,14.521769037067237,14.566931663879135,14.547468273640595,14.61189092728232,14.616554977673033,14.605366447388404,14.613493612269435,14.621184385995095,14.546145344409192,14.527048276875124,14.546530848254863,,,,,
1991,662.981304,14.429851897587339,14.394780924827515,14.572073245803152,14.519493892565489,14.564729204794157,14.546690905783151,14.609828260624994,14.614438175019655,14.603220180147153,14.611355644562142,14.619112224072987,14.54399817030356,14.524849491078257,14.54436420237981,,,,,
1992,663.336,14.436097086585496,14.401353101355788,14.578088829256561,14.525743096022385,14.570778807469564,14.548826396558482,14.615493885810432,14.62025246742007,14.609115381876117,14.617228039021196,14.62480385801664,14.549895830607978,14.530888906939978,14.550315327656806,,,,,
1993,663.490896,14.432125566032159,14.397173639953946,14.574263335983956,14.521769037066948,14.566931663879226,14.547468273640668,14.611890927282168,14.61655497767286,14.605366447388656,14.61349361226924,14.62118438599472,14.546145344408917,14.527048276875378,14.546530848254976,,,,,
1994,663.980304,14.429851897587282,14.394780924827128,14.572073245803269,14.519493892565421,14.564729204794288,14.546690905783114,14.609828260625006,14.614438175019373,14.603220180147044,14.61135564456233,14.619112224072865,14.54399817030391,14.524849491078589,14.544364202379807,,,,,
1995,664.335,14.436097086585631,14.401353101355605,14.578088829256556,14.52574309602243,14.570778807469368,14.548826396558566,14.61549388581045,14.620252467420068,14.609115381876048,14.617228039020844,14.624803858016618,14.549895830608257,14.530888906940296,14.550315327656376,,,,,
1996,664.489896,14.432125566038458,14.397173639958506,14.574263335984412,14.521769037071833,14.566931663879803,14.547468273643101,14.611890927288567,14.616554977673374,14.605366447388898,14.613493612270046,14.621184385999365,14.546145344409386,14.527048276875693,14.546530848261527,,,,,
1997,664.979304,14.429851897585692,14.394780924827382,14.572073245803125,14.519493892566453,14.564729204792279,14.546690905787143,14.609828260624083,14.614438175016435,14.603220180147277,14.611355644560408,14.619112224075897,14.543998170302501,14.52484949108057,14.544364202378759,,,,,
1998,665.334,14.43609708659636,14.401353101355788,14.578088829240178,14.525743096030652,14.570778807477632,14.548826396566314,14.615493885802659,14.620252467411708,14.609115381876283,14.617228039020834,14.624803858032784,14.549895830600088,14.530888906939989,14.550315327648692,,,,,
1999,665.488896,14.43212556603222,14.397173639953998,14.57426333598379,14.521769037066871,14.56693166387921,14.547468273640538,14.61189092728233,14.616554977673108,14.60536644738838,14.613493612269263,14.621184385994777,14.546145344409274,14.527048276875206,14.546530848254777,,,,,
2000,665.978304,14.42985189758726,14.394780924827476,14.572073245803178,14.519493892565487,14.564729204794185,14.546690905783244,14.60982826062506,14.614438175019565,14.603220180146947,14.61135564456219,14.619112224073039,14.54399817030389,14.524849491078438,14.544364202379771,,,,,
2001,666.333,14.43609708658548,14.401353101355724,14.578088829256533,14.525743096022367,14.570778807469388,14.548826396558413,14.615493885810473,14.62025246741974,14.609115381876203,14.617228039021025,14.624803858017067,14.549895830608019,14.530888906939916,14.550315327656607,,,,,
2002,666.487896,14.432125566032317,14.39717363995373,14.574263335983774,14.521769037066965,14.56693166387912,14.547468273640625,14.611890927282317,14.61655497767287,14.60536644738838,14.61349361226946,14.621184385995072,14.546145344409098,14.527048276875295,14.546530848255022,,,,,
2003,666.977304,14.429851897587143,14.394780924827353,14.572073245803152,14.519493892565553,14.564729204794242,14.54669090578331,14.609828260625138,14.6144381750195,14.603220180147186,14.611355644562087,14.619112224072918,14.543998170303531,14.524849491078609,14.544364202379885,,,,,
2004,667.332,14.436097086585606,14.401353101355992,14.578088829256554,14.525743096022337,14.570778807469551,14.548826396558479,14.615493885810581,14.620252467419679,14.609115381875863,14.617228039020866,14.624803858016532,14.549895830608044,14.530888906939893,14.550315327656529,,,,,
2005,667.486896,14.432125566032267,14.397173639953717,14.574263335983888,14.521769037066898,14.566931663879139,14.547468273640675,14.611890927282223,14.616554977673013,14.605366447388622,14.613493612269236,14.621184385994939,14.546145344408975,14.527048276875353,14.54653084825464,,,,,
2006,667.976304,14.429851897587227,14.394780924827161,14.57207324580303,14.519493892565539,14.564729204794206,14.546690905783151,14.60982826062517,14.61443817501923,14.603220180146904,14.611355644562327,14.619112224073127,14.543998170303738,14.524849491078257,14.544364202379706,,,,,
2007,668.331,14.436097086585693,14.401353101355767,14.578088829256597,14.525743096022527,14.570778807469432,14.548826396558407,14.615493885810503,14.62025246742016,14.609115381876174,14.617228039021013,14.624803858016694,14.54989583060798,14.530888906939913,14.550315327656813,,,,,
2008,668.485896,14.432125566032418,14.397173639953643,14.57426333598394,14.521769037067035,14.566931663879334,14.547468273640717,14.611890927282179,14.61655497767308,14.605366447388723,14.61349361226973,14.62118438599467,14.546145344408894,14.527048276875,14.546530848254815,,,,,
2009,668.975304,14.429851897587355,14.39478092482739,14.572073245803187,14.51949389256546,14.564729204794338,14.546690905783283,14.609828260625022,14.61443817501929,14.603220180147066,14.611355644562005,14.619112224072754,14.543998170303984,14.524849491078076,14.544364202379624,,,,,
2010,669.33,14.436097086585491,14.401353101355568,14.578088829256659,14.525743096022428,14.570778807469456,14.548826396558384,14.615493885810494,14.620252467419883,14.609115381875965,14.617228039021143,14.624803858016733,14.549895830608168,14.530888906940161,14.55031532765682,,,,,
2011,669.484896,14.432125566038438,14.397173639958506,14.574263335984288,14.521769037071708,14.56693166387989,14.54746827364299,14.611890927288577,14.61655497767343,14.605366447389175,14.613493612269806,14.62118438599914,14.546145344409561,14.527048276875538,14.54653084826125,,,,,
2012,669.974304,14.429851897585786,14.394780924827156,14.57207324580304,14.519493892566457,14.564729204792133,14.546690905787253,14.609828260624148,14.614438175016527,14.603220180147149,14.611355644559989,14.619112224075932,14.543998170302828,14.524849491080522,14.544364202378649,,,,,
2013,670.329,14.43609708659647,14.4013531013559,14.578088829240336,14.5257430960306,14.570778807477597,14.548826396566598,14.615493885802548,14.620252467412076,14.609115381875823,14.61722803902095,14.624803858032767,14.549895830599738,14.530888906940003,14.550315327648386,,,,,
2014,670.483896,14.43212556603223,14.397173639953971,14.574263335983817,14.52176903706705,14.56693166387916,14.547468273640693,14.611890927282039,14.616554977673134,14.605366447388603,14.613493612269258,14.621184385995145,14.546145344409293,14.527048276875385,14.546530848254735,,,,,
2015,670.973304,14.429851897587271,14.394780924827149,14.572073245803043,14.519493892565471,14.564729204794258,14.546690905783183,14.609828260625067,14.614438175019702,14.603220180146938,14.61135564456215,14.61911222407273,14.543998170303798,14.524849491078465,14.544364202379608,,,,,
2016,671.328,14.43609708658548,14.401353101355669,14.57808882925669,14.525743096022467,14.570778807469534,14.548826396558503,14.615493885810439,14.62025246742002,14.609115381876205,14.617228039021066,14.624803858017069,14.549895830607968,14.530888906940117,14.550315327656518,,,,,
2017,671.482896,14.432125566032221,14.397173639953808,14.57426333598369,14.521769037066987,14.566931663879195,14.547468273640511,14.611890927282122,14.616554977673031,14.605366447388596,14.6134936122692,14.621184385995079,14.546145344409036,14.52704827687515,14.546530848254816,,,,,
2018,671.972304,14.42985189758729,14.394780924827515,14.572073245803367,14.519493892565517,14.564729204794341,14.546690905783235,14.609828260625118,14.61443817501944,14.603220180147117,14.611355644562392,14.619112224072815,14.543998170303771,14.524849491078148,14.544364202379754,,,,,
2019,672.327,14.43609708658567,14.401353101355692,14.578088829256505,14.525743096022289,14.57077880746951,14.548826396558457,14.615493885810338,14.620252467419938,14.609115381875803,14.617228039020913,14.624803858016701,14.549895830608234,14.530888906940154,14.550315327656717,,,,,
2020,672.481896,14.432125566032171,14.397173639953792,14.574263335983785,14.521769037066962,14.566931663879394,14.5474682736405,14.61189092728208,14.616554977673122,14.605366447388354,14.613493612269194,14.62118438599504,14.546145344408872,14.52704827687494,14.546530848254905,,,,,
2021,672.971304,14.429851897587229,14.394780924827264,14.572073245803235,14.519493892565452,14.564729204794144,14.54669090578326,14.609828260625042,14.614438175019666,14.603220180147066,14.611355644562398,14.619112224073083,14.543998170303698,14.52484949107846,14.544364202379512,,,,,
2022,673.326,14.43609708658562,14.401353101355653,14.578088829256606,14.525743096022484,14.570778807469406,14.548826396558358,14.615493885810492,14.620252467420014,14.609115381875784,14.61722803902095,14.624803858016751,14.549895830608012,14.53088890693987,14.55031532765634,,,,,
2023,673.480896,14.432125566032296,14.39717363995402,14.574263335983659,14.521769037066896,14.566931663879311,14.547468273640597,14.61189092728213,14.616554977673168,14.60536644738875,14.613493612269519,14.621184385995125,14.546145344408883,14.527048276875185,14.546530848254939,,,,,
2024,673.970304,14.429851897587167,14.394780924827545,14.572073245803146,14.519493892565535,14.564729204794054,14.546690905783317,14.609828260624957,14.614438175019737,14.603220180147256,14.611355644562055,14.61911222407298,14.543998170303833,14.524849491078259,14.544364202379532,,,,,
2025,674.325,14.436097086585702,14.40135310135582,14.578088829256526,14.525743096022419,14.570778807469551,14.548826396558372,14.615493885810517,14.62025246742003,14.609115381876185,14.617228039020775,14.624803858016914,14.549895830607754,14.530888906940234,14.550315327656392,,,,,
2026,674.479896,14.432125566038422,14.397173639958595,14.574263335984414,14.521769037071808,14.566931663879743,14.547468273643084,14.611890927288723,14.616554977673173,14.605366447389061,14.613493612269819,14.621184385999284,14.546145344409567,14.52704827687549,14.546530848261197,,,,,
2027,674.969304,14.429851897585678,14.394780924827383,14.572073245803253,14.519493892566565,14.564729204792144,14.546690905787345,14.609828260624006,14.614438175016247,14.603220180146725,14.611355644560259,14.619112224075941,14.543998170302714,14.52484949108033,14.544364202378873,,,,,
2028,675.324,14.436097086596419,14.401353101355806,14.57808882924026,14.525743096030663,14.570778807477636,14.54882639656647,14.615493885802623,14.620252467412062,14.609115381876027,14.617228039021244,14.624803858032935,14.54989583059982,14.530888906940135,14.550315327648317,,,,,
2029,675.478896,14.432125566032182,14.39717363995352,14.57426333598359,14.521769037067164,14.566931663879124,14.547468273640458,14.611890927282184,14.616554977673095,14.60536644738883,14.613493612269293,14.621184385994798,14.546145344409183,14.527048276875043,14.546530848254745,,,,,
2030,675.968304,14.429851897587051,14.394780924827376,14.572073245803269,14.519493892565439,14.564729204794306,14.54669090578327,14.609828260624957,14.614438175019702,14.60322018014699,14.611355644562297,14.619112224073211,14.5439981703037,14.52484949107827,14.544364202379793,,,,,
2031,676.323,14.436097086585479,14.401353101355655,14.57808882925644,14.52574309602242,14.570778807469532,14.548826396558454,14.615493885810618,14.62025246742005,14.609115381875998,14.617228039021063,14.624803858016683,14.549895830608094,14.530888906940275,14.550315327656843,,,,,
2032,676.477896,14.432125566032296,14.397173639953808,14.574263335983774,14.521769037067026,14.566931663879316,14.5474682736405,14.611890927282209,14.616554977672982,14.605366447388743,14.613493612269435,14.621184385994722,14.546145344409025,14.527048276874925,14.546530848254612,,,,,
2033,676.967304,14.429851897587413,14.39478092482735,14.57207324580331,14.519493892565523,14.564729204794146,14.546690905783128,14.60982826062492,14.61443817501934,14.603220180146726,14.611355644562101,14.619112224072673,14.543998170303805,14.524849491078172,14.544364202379896,,,,,
2034,677.322,14.436097086585693,14.401353101355502,14.578088829256618,14.525743096022456,14.570778807469624,14.54882639655852,14.615493885810535,14.620252467419839,14.609115381875712,14.617228039020958,14.624803858016843,14.549895830608213,14.530888906939984,14.550315327656401,,,,,
2035,677.476896,14.432125566032308,14.39717363995383,14.574263335983796,14.521769037067166,14.566931663879249,14.547468273640646,14.61189092728226,14.616554977672742,14.605366447388747,14.613493612269501,14.62118438599494,14.546145344409124,14.527048276874993,14.546530848254783,,,,,
2036,677.966304,14.429851897587202,14.39478092482705,14.572073245803207,14.51949389256557,14.564729204794265,14.54669090578328,14.609828260625157,14.61443817501961,14.603220180147074,14.611355644562234,14.619112224072941,14.543998170303809,14.524849491078472,14.54436420237948,,,,,
2037,678.321,14.436097086585495,14.40135310135597,14.578088829256611,14.52574309602235,14.570778807469548,14.548826396558374,14.615493885810437,14.620252467419853,14.609115381876174,14.617228039020986,14.624803858016776,14.54989583060776,14.530888906940321,14.55031532765646,,,,,
2038,678.475896,14.432125566032232,14.397173639954019,14.574263335983895,14.521769037067076,14.566931663879334,14.547468273640485,14.611890927282275,14.616554977673013,14.605366447388718,14.613493612269705,14.621184385994884,14.546145344409213,14.527048276874941,14.546530848254696,,,,,
2039,678.965304,14.429851897587318,14.394780924827444,14.572073245803242,14.519493892565652,14.564729204794178,14.546690905783166,14.609828260625095,14.614438175019481,14.603220180147186,14.611355644562186,14.619112224072893,14.543998170303562,14.524849491078163,14.54436420237963,,,,,
2040,679.32,14.436097086585566,14.401353101355703,14.578088829256497,14.525743096022284,14.57077880746941,14.54882639655853,14.615493885810542,14.62025246741998,14.609115381876133,14.617228039020842,14.624803858016945,14.549895830607992,14.530888906939822,14.550315327656653,,,,,
2041,679.474896,14.43212556603857,14.397173639958382,14.574263335984355,14.52176903707172,14.56693166387972,14.54746827364323,14.611890927288696,14.6165549776734,14.605366447389182,14.613493612270117,14.621184385999392,14.546145344409712,14.527048276875673,14.546530848261424,,,,,
2042,679.964304,14.429851897585692,14.39478092482737,14.572073245803148,14.51949389256658,14.564729204792048,14.546690905787283,14.609828260623969,14.614438175016412,14.60322018014709,14.611355644560115,14.61911222407589,14.543998170302812,14.52484949108071,14.54436420237849,,,,,
2043,680.319,14.436097086596371,14.401353101355616,14.578088829240375,14.525743096030565,14.570778807477572,14.548826396566387,14.615493885802657,14.620252467411973,14.609115381876009,14.617228039020965,14.62480385803247,14.549895830599766,14.530888906940303,14.550315327648526,,,,,
2044,680.473896,14.432125566032303,14.397173639953674,14.57426333598359,14.521769037067164,14.566931663879124,14.54746827364065,14.611890927282118,14.616554977673045,14.605366447388503,14.613493612269455,14.621184385994964,14.54614534440885,14.52704827687506,14.54653084825483,,,,,
2045,680.963304,14.429851897587172,14.394780924827478,14.57207324580316,14.519493892565507,14.564729204794158,14.546690905783226,14.609828260625072,14.614438175019659,14.603220180146987,14.611355644562321,14.61911222407315,14.543998170303945,14.524849491078472,14.544364202379965,,,,,
2046,681.318,14.436097086585542,14.401353101355992,14.578088829256444,14.52574309602232,14.570778807469644,14.548826396558425,14.615493885810425,14.620252467419686,14.609115381876162,14.61722803902105,14.624803858016808,14.549895830608229,14.530888906940204,14.55031532765645,,,,,
2047,681.472896,14.432125566032283,14.39717363995411,14.574263335983877,14.521769037067132,14.566931663879403,14.547468273640547,14.611890927282198,14.61655497767285,14.605366447388407,14.613493612269707,14.621184385995125,14.546145344409036,14.52704827687516,14.54653084825457,,,,,
2048,681.962304,14.429851897587314,14.394780924827366,14.572073245803182,14.51949389256546,14.564729204794292,14.546690905783098,14.609828260625013,14.61443817501928,14.603220180147112,14.611355644562044,14.61911222407313,14.54399817030386,14.52484949107852,14.544364202379516,,,,,
2049,682.317,14.43609708658547,14.40135310135592,14.578088829256687,14.525743096022289,14.57077880746944,14.548826396558491,14.615493885810503,14.620252467420002,14.609115381875757,14.617228039020931,14.62480385801654,14.54989583060785,14.530888906940215,14.550315327656369,,,,,
2050,682.471896,14.432125566032248,14.397173639954083,14.57426333598384,14.52176903706699,14.56693166387931,14.54746827364065,14.611890927282298,14.616554977673124,14.605366447388809,14.613493612269734,14.621184385995097,14.546145344408822,14.527048276874957,14.546530848254605,,,,,
2051,682.961304,14.429851897587227,14.394780924827415,14.572073245803125,14.519493892565636,14.564729204794157,14.546690905783127,14.609828260625195,14.614438175019249,14.603220180146947,14.611355644562105,14.619112224072941,14.543998170303889,14.524849491078522,14.544364202379438,,,,,
2052,683.316,14.436097086585656,14.40135310135579,14.578088829256556,14.525743096022445,14.570778807469404,14.548826396558303,14.615493885810414,14.620252467419814,14.60911538187581,14.617228039020722,14.62480385801681,14.54989583060825,14.530888906939888,14.55031532765671,,,,,
2053,683.470896,14.432125566032267,14.397173639954033,14.574263335983863,14.521769037067232,14.566931663879199,14.54746827364062,14.611890927282152,14.616554977672955,14.60536644738862,14.61349361226955,14.621184385994972,14.546145344408917,14.527048276874998,14.546530848254784,,,,,
2054,683.960304,14.429851897587353,14.394780924827332,14.572073245803104,14.519493892565395,14.564729204794078,14.546690905783215,14.609828260625017,14.614438175019286,14.603220180147106,14.611355644561991,14.619112224073081,14.543998170303817,14.524849491078635,14.544364202379905,,,,,
2055,684.315,14.436097086585704,14.401353101355516,14.578088829256524,14.525743096022245,14.570778807469601,14.548826396558427,14.615493885810455,14.620252467419883,14.609115381876082,14.617228039020715,14.624803858016842,14.54989583060798,14.530888906939884,14.550315327656596,,,,,
2056,684.469896,14.432125566038582,14.397173639958696,14.574263335984357,14.52176903707174,14.566931663879622,14.54746827364293,14.611890927288595,14.616554977673507,14.605366447388988,14.613493612270036,14.621184385999227,14.54614534440969,14.527048276875659,14.546530848261419,,,,,
2057,684.959304,14.429851897585763,14.39478092482762,14.572073245803109,14.519493892566663,14.564729204792169,14.54669090578718,14.609828260624038,14.61443817501653,14.603220180146861,14.61135564456002,14.619112224075757,14.543998170302812,14.524849491080586,14.544364202378507,,,,,
2058,685.314,14.436097086596519,14.401353101355593,14.57808882924041,14.52574309603076,14.570778807477549,14.548826396566447,14.615493885802433,14.620252467411882,14.609115381875968,14.617228039020983,14.624803858032601,14.549895830599663,14.530888906939923,14.550315327648468,,,,,
2059,685.468896,14.432125566032246,14.39717363995389,14.574263335983815,14.521769037067207,14.566931663879357,14.547468273640632,14.611890927282214,14.61655497767294,14.605366447388727,14.613493612269613,14.621184385994663,14.546145344409211,14.527048276875192,14.546530848254717,,,,,
2060,685.958304,14.429851897587103,14.394780924827565,14.572073245803177,14.519493892565517,14.564729204794112,14.54669090578315,14.609828260624898,14.6144381750197,14.603220180146709,14.611355644562149,14.619112224073168,14.543998170303784,14.524849491078207,14.54436420237979,,,,,
2061,686.313,14.436097086585578,14.401353101355657,14.578088829256442,14.525743096022369,14.570778807469583,14.548826396558374,14.615493885810599,14.620252467419833,14.609115381876057,14.617228039020771,14.624803858016934,14.549895830608092,14.53088890694025,14.550315327656806,,,,,
2062,686.467896,14.432125566032196,14.39717363995373,14.574263335983806,14.521769037066983,14.566931663879416,14.54746827364048,14.611890927282287,14.616554977672767,14.605366447388459,14.61349361226961,14.621184385994761,14.54614534440911,14.527048276875464,14.546530848254934,,,,,
2063,686.957304,14.42985189758714,14.394780924827126,14.572073245803177,14.519493892565535,14.564729204794169,14.546690905783123,14.60982826062496,14.614438175019371,14.603220180146872,14.611355644562225,14.619112224072909,14.543998170303617,14.524849491078331,14.5443642023796,,,,,
2064,687.312,14.436097086585642,14.401353101355552,14.57808882925654,14.525743096022445,14.570778807469408,14.548826396558455,14.61549388581045,14.62025246741978,14.609115381875844,14.617228039020736,14.624803858017005,14.549895830608191,14.530888906939948,14.550315327656769,,,,,
2065,687.466896,14.432125566032383,14.397173639953781,14.574263335983701,14.521769037067045,14.566931663879174,14.54746827364061,14.611890927282316,14.616554977672633,14.605366447388777,14.613493612269266,14.621184385994635,14.546145344409249,14.527048276875199,14.54653084825488,,,,,
2066,687.956304,14.429851897587254,14.394780924827442,14.572073245803228,14.51949389256547,14.564729204794249,14.546690905783274,14.609828260625124,14.61443817501941,14.603220180147044,14.611355644562247,14.619112224072815,14.543998170303867,14.52484949107833,14.54436420237978,,,,,
2067,688.311,14.43609708658569,14.40135310135549,14.57808882925656,14.525743096022378,14.570778807469429,14.548826396558349,14.615493885810519,14.620252467419924,14.609115381876002,14.61722803902119,14.624803858017053,14.549895830608072,14.530888906940074,14.550315327656584,,,,,
2068,688.465896,14.432125566038408,14.397173639958645,14.574263335984192,14.521769037071765,14.56693166387979,14.547468273643194,14.61189092728858,14.616554977673648,14.60536644738916,14.613493612270046,14.621184385999394,14.546145344409712,14.527048276875787,14.546530848261218,,,,,
2069,688.955304,14.42985189758575,14.394780924827444,14.572073245803145,14.519493892566667,14.56472920479206,14.546690905787361,14.609828260623974,14.614438175016621,14.603220180147014,14.611355644560144,14.619112224075774,14.543998170302453,14.524849491080463,14.544364202378944,,,,,
2070,689.31,14.43609708659636,14.401353101355527,14.578088829240416,14.525743096030773,14.570778807477684,14.548826396566456,14.615493885802728,14.620252467412122,14.60911538187597,14.617228039021036,14.624803858032816,14.549895830600072,14.530888906940206,14.550315327648502,,,,,
2071,689.464896,14.432125566032246,14.397173639954154,14.574263335983858,14.521769037066996,14.56693166387931,14.547468273640593,14.61189092728227,14.61655497767277,14.605366447388352,14.613493612269266,14.621184385994972,14.546145344408856,14.527048276875284,14.546530848254829,,,,,
2072,689.954304,14.429851897587348,14.394780924827314,14.572073245803132,14.519493892565578,14.564729204794183,14.546690905783235,14.609828260624939,14.614438175019377,14.603220180147147,14.611355644562247,14.619112224072913,14.543998170303643,14.52484949107857,14.544364202379459,,,,,
2073,690.309,14.436097086585615,14.401353101355806,14.57808882925649,14.525743096022468,14.570778807469493,14.548826396558367,14.61549388581055,14.620252467419748,14.609115381876,14.617228039021207,14.62480385801689,14.549895830608106,14.530888906940376,14.550315327656712,,,,,
2074,690.463896,14.43212556603233,14.397173639953808,14.574263335983874,14.521769037067035,14.566931663879158,14.547468273640721,14.611890927282174,14.616554977673017,14.60536644738856,14.613493612269567,14.621184385994601,14.546145344409224,14.527048276875352,14.546530848255008,,,,,
2075,690.953304,14.429851897587291,14.394780924827339,14.572073245803232,14.519493892565345,14.564729204794206,14.546690905783118,14.609828260624957,14.614438175019497,14.603220180146693,14.61135564456207,14.619112224073113,14.54399817030392,14.524849491078466,14.54436420237992,,,,,
2076,691.308,14.436097086585692,14.401353101355829,14.578088829256519,14.525743096022438,14.570778807469416,14.54882639655843,14.615493885810478,14.620252467419718,14.609115381876189,14.617228039021024,14.624803858016987,14.549895830608284,14.530888906940216,14.550315327656792,,,,,
2077,691.462896,14.432125566032393,14.397173639954085,14.574263335983728,14.521769037067193,14.566931663879139,14.547468273640444,14.611890927282204,14.616554977672909,14.605366447388723,14.61349361226963,14.621184385994802,14.546145344409238,14.52704827687526,14.54653084825471,,,,,
2078,691.952304,14.429851897587179,14.394780924827428,14.57207324580303,14.51949389256559,14.56472920479412,14.546690905783262,14.609828260625157,14.614438175019597,14.603220180146984,14.611355644562309,14.619112224072763,14.543998170303658,14.524849491078704,14.544364202379771,,,,,
2079,692.307,14.436097086585656,14.401353101355628,14.578088829256494,14.52574309602246,14.570778807469495,14.548826396558503,14.615493885810423,14.620252467419645,14.609115381876228,14.617228039021214,14.624803858016776,14.549895830608186,14.530888906939916,14.550315327656406,,,,,
2080,692.461896,14.432125566032196,14.39717363995377,14.57426333598387,14.521769037067111,14.56693166387914,14.547468273640488,14.611890927282303,14.616554977672923,14.605366447388715,14.613493612269695,14.621184385994692,14.546145344409044,14.527048276874902,14.546530848254795,,,,,
2081,692.951304,14.429851897587156,14.39478092482733,14.572073245803162,14.519493892565427,14.564729204794189,14.546690905783137,14.60982826062491,14.614438175019727,14.603220180146714,14.611355644561966,14.619112224073,14.54399817030344,14.524849491078516,14.544364202379517,,,,,
2082,693.306,14.436097086585765,14.401353101355756,14.578088829256556,14.525743096022493,14.57077880746942,14.548826396558484,14.615493885810434,14.620252467419814,14.609115381876217,14.617228039021093,14.624803858017028,14.549895830607943,14.530888906940127,14.55031532765633,,,,,
2083,693.460896,14.432125566038486,14.397173639958558,14.574263335984513,14.521769037071584,14.566931663879657,14.547468273643123,14.611890927288774,14.616554977673307,14.605366447388967,14.613493612270013,14.621184385999518,14.546145344409439,14.527048276875473,14.546530848261336,,,,,
2084,693.950304,14.429851897585655,14.394780924827494,14.572073245803209,14.519493892566505,14.564729204792183,14.54669090578724,14.60982826062393,14.614438175016337,14.603220180147039,14.611355644560115,14.619112224075714,14.543998170302613,14.524849491080484,14.544364202378764,,,,,
2085,694.305,14.436097086596408,14.40135310135598,14.578088829240247,14.525743096030812,14.570778807477607,14.54882639656649,14.615493885802582,14.620252467411838,14.609115381876105,14.617228039021017,14.624803858032811,14.549895830599707,14.530888906940074,14.550315327648605,,,,,
2086,694.459896,14.43212556603223,14.39717363995374,14.574263335983854,14.521769037066827,14.56693166387921,14.54746827364049,14.611890927282174,14.616554977672797,14.605366447388686,14.613493612269629,14.621184385994859,14.54614534440917,14.527048276875407,14.546530848254724,,,,,
2087,694.949304,14.429851897587122,14.394780924827362,14.572073245803157,14.519493892565453,14.564729204794308,14.546690905783159,14.609828260625124,14.61443817501949,14.60322018014713,14.611355644562309,14.619112224073058,14.543998170303649,14.524849491078246,14.544364202379787,,,,,
2088,695.304,14.436097086585477,14.401353101355856,14.57808882925643,14.52574309602249,14.570778807469592,14.548826396558374,14.61549388581044,14.620252467419697,14.609115381875947,14.61722803902088,14.624803858017025,14.549895830608168,14.530888906940238,14.550315327656813,,,,,
2089,695.458896,14.432125566032171,14.397173639953692,14.574263335983899,14.521769037067047,14.566931663879304,14.547468273640563,14.611890927282317,14.616554977672905,14.605366447388494,14.613493612269266,14.62118438599511,14.546145344409082,14.52704827687508,14.546530848254852,,,,,
2090,695.948304,14.429851897587241,14.394780924827526,14.572073245803091,14.519493892565407,14.564729204794144,14.54669090578326,14.60982826062512,14.614438175019552,14.603220180146712,14.611355644562114,14.619112224073092,14.543998170303876,14.524849491078404,14.544364202379604,,,,,
2091,696.303,14.436097086585496,14.401353101355731,14.578088829256656,14.525743096022486,14.570778807469539,14.54882639655839,14.615493885810466,14.620252467420134,14.609115381875961,14.617228039020898,14.624803858016762,14.549895830607902,14.530888906940204,14.55031532765644,,,,,
2092,696.457896,14.432125566032171,14.397173639953717,14.574263335983696,14.521769037067136,14.566931663879112,14.547468273640655,14.611890927282188,14.61655497767315,14.605366447388272,14.61349361226937,14.621184385994853,14.546145344409204,14.527048276875034,14.546530848254688,,,,,
2093,696.947304,14.429851897587264,14.394780924827439,14.572073245803244,14.519493892565587,14.564729204794277,14.546690905783224,14.609828260625079,14.614438175019265,14.603220180146852,14.61135564456208,14.619112224073065,14.543998170303801,14.524849491078525,14.544364202379658,,,,,
2094,697.302,14.436097086585459,14.401353101355804,14.578088829256448,14.525743096022312,14.570778807469308,14.548826396558383,14.615493885810535,14.62025246741977,14.609115381876174,14.61722803902114,14.62480385801671,14.54989583060815,14.53088890693983,14.550315327656763,,,,,
2095,697.456896,14.432125566032134,14.397173639953847,14.574263335983863,14.521769037067118,14.566931663879224,14.547468273640428,14.611890927282191,14.616554977672756,14.60536644738846,14.613493612269384,14.62118438599504,14.546145344408963,14.52704827687539,14.546530848254838,,,,,
2096,697.946304,14.429851897587119,14.394780924827469,14.572073245803265,14.519493892565421,14.564729204794201,14.546690905783274,14.609828260625076,14.61443817501974,14.603220180146982,14.611355644562025,14.61911222407273,14.543998170303531,14.524849491078337,14.54436420237991,,,,,
2097,698.301,14.43609708658552,14.401353101355669,14.57808882925657,14.525743096022293,14.57077880746943,14.548826396558326,14.615493885810578,14.620252467419837,14.609115381876105,14.617228039021013,14.624803858016945,14.549895830607847,14.530888906939804,14.550315327656588,,,,,
2098,698.455896,14.432125566038385,14.397173639958504,14.574263335984371,14.521769037071621,14.566931663879684,14.547468273643107,14.61189092728859,14.616554977673271,14.605366447388793,14.613493612269842,14.621184385999227,14.546145344409704,14.527048276875627,14.546530848261416,,,,,
2099,698.945304,14.429851897585664,14.394780924827154,14.572073245803242,14.519493892566471,14.564729204792144,14.546690905787392,14.609828260623882,14.614438175016351,14.603220180147083,14.611355644560486,14.619112224076042,14.543998170302633,14.524849491080294,14.544364202378507,,,,,
2100,699.3,14.436097086596286,14.401353101355788,14.57808882924024,14.525743096030762,14.57077880747773,14.548826396566426,14.615493885802445,14.62025246741167,14.609115381875755,14.617228039021018,14.624803858032868,14.549895830600022,14.530888906940204,14.550315327648498,,,,,
2101,699.454896,14.432125566032118,14.397173639953847,14.574263335983849,14.521769037067164,14.566931663879162,14.547468273640563,14.611890927282056,14.616554977672926,14.60536644738863,14.613493612269206,14.62118438599472,14.54614534440909,14.527048276875083,14.546530848255014,,,,,
2102,699.944304,14.429851897587273,14.394780924827453,14.572073245803125,14.51949389256545,14.564729204794256,14.546690905783139,14.609828260625076,14.614438175019352,14.603220180147154,14.611355644562519,14.619112224072955,14.543998170303716,14.524849491078585,14.54436420237962,,,,,
2103,700.299,14.43609708658565,14.401353101355939,14.578088829256572,14.525743096022454,14.570778807469521,14.54882639655835,14.615493885810546,14.62025246742013,14.609115381875853,14.617228039021024,14.624803858016941,14.549895830607884,14.53088890694006,14.550315327656484,,,,,
2104,700.453896,14.432125566032333,14.39717363995378,14.57426333598381,14.521769037066989,14.566931663879123,14.547468273640584,14.611890927282145,14.616554977672704,14.60536644738843,14.613493612269549,14.621184385994601,14.546145344409068,14.527048276875172,14.546530848254534,,,,,
2105,700.943304,14.429851897587067,14.394780924827101,14.57207324580315,14.519493892565453,14.564729204794157,14.546690905783189,14.609828260625028,14.61443817501937,14.603220180146883,14.611355644562309,14.619112224072724,14.543998170303881,14.52484949107846,14.544364202379512,,,,,
2106,701.298,14.436097086585681,14.40135310135594,14.578088829256485,14.525743096022335,14.57077880746944,14.548826396558397,14.615493885810587,14.620252467419906,14.609115381876144,14.617228039021198,14.624803858017014,14.549895830608122,14.530888906940053,14.550315327656525,,,,,
2107,701.452896,14.432125566032353,14.397173639953996,14.574263335983904,14.52176903706707,14.566931663879176,14.54746827364063,14.611890927282092,14.616554977673072,14.605366447388452,14.613493612269677,14.621184385994951,14.546145344408895,14.527048276874977,14.546530848255037,,,,,
2108,701.942304,14.42985189758734,14.394780924827216,14.572073245803184,14.519493892565563,14.564729204794144,14.546690905783244,14.609828260625152,14.614438175019634,14.603220180146826,14.611355644562327,14.61911222407274,14.543998170303722,14.524849491078484,14.544364202379917,,,,,
2109,702.297,14.43609708658558,14.40135310135584,14.57808882925653,14.525743096022369,14.57077880746953,14.548826396558429,14.615493885810546,14.620252467419768,14.60911538187592,14.61722803902098,14.624803858016724,14.549895830607863,14.53088890693993,14.550315327656477,,,,,
2110,702.451896,14.432125566032306,14.397173639953998,14.574263335983694,14.521769037066996,14.566931663879382,14.5474682736405,14.611890927282046,14.616554977672939,14.605366447388505,14.613493612269274,14.621184385995072,14.546145344408837,14.527048276875304,14.546530848254832,,,,,
2111,702.941304,14.429851897587314,14.394780924827218,14.57207324580328,14.519493892565345,14.56472920479414,14.546690905783175,14.609828260625136,14.61443817501921,14.603220180146804,14.611355644562403,14.6191122240727,14.543998170303867,14.524849491078196,14.544364202379866,,,,,
2112,703.296,14.436097086585702,14.401353101355578,14.578088829256652,14.525743096022207,14.570778807469512,14.548826396558468,14.615493885810489,14.620252467420116,14.60911538187627,14.617228039021164,14.624803858016945,14.549895830607813,14.53088890694032,14.550315327656506,,,,,
2113,703.450896,14.432125566038424,14.397173639958837,14.574263335984362,14.52176903707172,14.56693166387983,14.547468273643005,14.611890927288622,14.616554977673454,14.605366447388915,14.613493612269853,14.62118438599949,14.54614534440986,14.527048276875746,14.546530848261519,,,,,
2114,703.940304,14.429851897585873,14.394780924827382,14.572073245803155,14.519493892566484,14.564729204792183,14.546690905787319,14.609828260624065,14.614438175016321,14.6032201801469,14.611355644560227,14.619112224075655,14.543998170302649,14.524849491080563,14.54436420237859,,,,,
2115,704.295,14.436097086596433,14.401353101355651,14.578088829240357,14.52574309603069,14.570778807477605,14.548826396566456,14.61549388580255,14.620252467412012,14.609115381876077,14.617228039020972,14.624803858032598,14.549895830599938,14.530888906939927,14.550315327648772,,,,,
2116,704.449896,14.43212556603222,14.39717363995397,14.57426333598387,14.521769037067061,14.566931663879124,14.547468273640435,14.61189092728213,14.616554977672727,14.605366447388532,14.613493612269423,14.62118438599498,14.546145344408986,14.527048276875327,14.546530848255047,,,,,
2117,704.939304,14.429851897587335,14.394780924827364,14.572073245803164,14.519493892565409,14.564729204794194,14.546690905783198,14.609828260625111,14.614438175019371,14.603220180146726,14.611355644562403,14.619112224072818,14.543998170303883,14.524849491078221,14.544364202379773,,,,,
2118,705.294,14.436097086585505,14.401353101355943,14.578088829256448,14.525743096022367,14.570778807469543,14.548826396558326,14.615493885810357,14.62025246742,14.609115381875876,14.617228039021,14.62480385801679,14.549895830608037,14.530888906940014,14.550315327656314,,,,,
2119,705.448896,14.43212556603242,14.397173639953532,14.574263335983694,14.521769037067111,14.566931663879378,14.54746827364055,14.611890927282209,14.616554977672848,14.605366447388798,14.613493612269302,14.621184385994756,14.546145344408849,14.52704827687523,14.546530848254921,,,,,
2120,705.938304,14.429851897587202,14.394780924827465,14.572073245803287,14.519493892565393,14.564729204794107,14.546690905783136,14.60982826062489,14.614438175019641,14.603220180146895,14.611355644562044,14.619112224072975,14.543998170303542,14.524849491078157,14.54436420237964,,,,,
2121,706.293,14.43609708658557,14.401353101355626,14.578088829256599,14.525743096022287,14.570778807469539,14.548826396558477,14.615493885810446,14.620252467420002,14.60911538187587,14.617228039020889,14.624803858016802,14.549895830608184,14.530888906940273,14.550315327656394,,,,,
2122,706.447896,14.432125566032356,14.397173639953996,14.574263335983911,14.521769037067099,14.566931663879174,14.547468273640453,14.61189092728221,14.616554977672978,14.605366447388345,14.613493612269473,14.621184385995047,14.546145344409117,14.52704827687493,14.546530848254601,,,,,
2123,706.937304,14.429851897587067,14.394780924827124,14.57207324580322,14.519493892565515,14.564729204794277,14.54669090578333,14.609828260625134,14.614438175019405,14.603220180147233,14.611355644562373,14.619112224072916,14.543998170303684,14.524849491078523,14.544364202379931,,,,,
2124,707.292,14.436097086585693,14.401353101355541,14.578088829256448,14.52574309602241,14.570778807469441,14.548826396558502,14.615493885810455,14.620252467419933,14.609115381876235,14.61722803902093,14.624803858016886,14.54989583060826,14.530888906939877,14.550315327656548,,,,,
2125,707.446896,14.43212556603227,14.397173639953857,14.574263335983774,14.52176903706699,14.566931663879249,14.547468273640558,14.611890927282204,14.616554977672811,14.605366447388683,14.613493612269364,14.621184385994672,14.546145344409213,14.527048276875194,14.54653084825465,,,,,
2126,707.936304,14.429851897587081,14.39478092482713,14.572073245803258,14.519493892565519,14.564729204794201,14.546690905783187,14.609828260624937,14.614438175019668,14.603220180146726,14.611355644562021,14.619112224073167,14.543998170303562,14.524849491078207,14.544364202379692,,,,,
2127,708.291,14.436097086585663,14.401353101356005,14.578088829256632,14.525743096022307,14.570778807469637,14.548826396558345,14.615493885810507,14.62025246741992,14.609115381876048,14.617228039021127,14.624803858016683,14.549895830607971,14.530888906939927,14.550315327656415,,,,,
2128,708.445896,14.432125566038485,14.397173639958506,14.574263335984394,14.521769037071705,14.566931663879634,14.54746827364325,14.61189092728857,14.616554977673315,14.605366447388757,14.613493612269972,14.621184385999504,14.546145344409705,14.52704827687584,14.546530848261302,,,,,
2129,708.935304,14.429851897585724,14.394780924827494,14.572073245803072,14.519493892566539,14.56472920479216,14.546690905787374,14.60982826062398,14.61443817501644,14.603220180147131,14.611355644560218,14.619112224076042,14.54399817030253,14.52484949108034,14.544364202378619,,,,,
2130,709.29,14.436097086596373,14.401353101355854,14.578088829240242,14.525743096030615,14.570778807477547,14.54882639656656,14.615493885802524,14.620252467411724,14.609115381876116,14.61722803902105,14.624803858032639,14.549895830600098,14.530888906940241,14.550315327648313,,,,,
2131,709.444896,14.432125566032392,14.397173639953731,14.574263335983693,14.521769037066933,14.566931663879137,14.547468273640556,14.611890927282149,14.61655497767299,14.605366447388485,14.613493612269544,14.621184385994722,14.546145344408982,14.527048276875327,14.54653084825502,,,,,
2132,709.934304,14.429851897587211,14.39478092482754,14.572073245803209,14.519493892565544,14.56472920479422,14.546690905783251,14.609828260625033,14.614438175019355,14.603220180147114,14.611355644562389,14.619112224073048,14.543998170303547,14.52484949107828,14.544364202379576,,,,,
2133,710.289,14.43609708658565,14.401353101355971,14.578088829256643,14.525743096022321,14.570778807469573,14.548826396558468,14.615493885810649,14.62025246741989,14.609115381876038,14.617228039021006,14.6248038580169,14.549895830607785,14.530888906939996,14.550315327656604,,,,,
2134,710.443896,14.432125566032331,14.39717363995411,14.574263335983842,14.52176903706706,14.566931663879343,14.547468273640414,14.611890927282209,14.616554977673012,14.605366447388677,14.613493612269536,14.621184385994775,14.54614534440924,14.527048276875284,14.546530848254951,,,,,
2135,710.933304,14.429851897587241,14.394780924827149,14.572073245803281,14.519493892565595,14.564729204794206,14.546690905783127,14.609828260625017,14.614438175019497,14.603220180146998,14.611355644562282,14.619112224073001,14.543998170303654,14.524849491078557,14.544364202379684,,,,,
2136,711.288,14.436097086585693,14.401353101355479,14.578088829256465,14.525743096022463,14.570778807469537,14.548826396558427,14.615493885810567,14.620252467419705,14.609115381876085,14.617228039021162,14.624803858016667,14.549895830607772,14.530888906940167,14.550315327656842,,,,,
2137,711.442896,14.432125566032333,14.397173639953618,14.57426333598386,14.521769037067099,14.566931663879334,14.547468273640645,14.611890927282314,14.616554977672882,14.605366447388418,14.613493612269618,14.62118438599488,14.546145344408833,14.527048276875258,14.546530848254685,,,,,
2138,711.932304,14.429851897587142,14.394780924827506,14.572073245803043,14.519493892565446,14.564729204794153,14.546690905783127,14.60982826062505,14.61443817501966,14.603220180146877,14.611355644562492,14.619112224072914,14.543998170303661,14.524849491078262,14.544364202379883,,,,,
2139,712.287,14.43609708658563,14.401353101355946,14.578088829256599,14.525743096022499,14.570778807469512,14.548826396558377,14.615493885810514,14.620252467420046,14.609115381876206,14.617228039020764,14.624803858016817,14.54989583060816,14.530888906940259,14.55031532765667,,,,,
2140,712.441896,14.432125566038573,14.397173639958407,14.574263335984286,14.521769037071635,14.566931663879792,14.547468273643,14.611890927288787,14.616554977673447,14.605366447388915,14.613493612269904,14.621184385999378,14.546145344409284,14.527048276875853,14.546530848261447,,,,,
2141,712.931304,14.429851897585811,14.39478092482737,14.572073245803107,14.519493892566567,14.564729204792242,14.546690905787221,14.60982826062393,14.61443817501656,14.60322018014685,14.611355644560312,14.61911222407612,14.543998170302752,14.524849491080378,14.544364202378539,,,,,
2142,713.286,14.436097086596334,14.401353101355678,14.57808882924038,14.525743096030657,14.57077880747774,14.54882639656635,14.615493885802566,14.620252467412113,14.609115381875702,14.617228039021118,14.62480385803249,14.54989583059981,14.530888906940211,14.550315327648562,,,,,
2143,713.440896,14.432125566032246,14.397173639953737,14.574263335983838,14.521769037067175,14.566931663879394,14.54746827364068,14.611890927282058,14.616554977673081,14.605366447388336,14.613493612269183,14.621184385994932,14.546145344409108,14.527048276875373,14.546530848255022,,,,,
2144,713.930304,14.429851897587062,14.394780924827291,14.572073245803162,14.51949389256559,14.564729204794245,14.546690905783237,14.609828260624898,14.614438175019304,14.603220180147101,14.611355644562202,14.61911222407288,14.54399817030383,14.524849491078461,14.544364202379708,,,,,
2145,714.285,14.436097086585566,14.401353101355852,14.57808882925648,14.525743096022453,14.570778807469457,14.548826396558521,14.61549388581062,14.620252467420034,14.609115381876004,14.61722803902093,14.624803858017017,14.549895830608113,14.530888906940348,14.550315327656575,,,,,
2146,714.439896,14.432125566032282,14.397173639953632,14.574263335983842,14.521769037067001,14.566931663879146,14.547468273640646,14.611890927282275,14.616554977673049,14.605366447388457,14.613493612269519,14.621184385994871,14.546145344408977,14.527048276875018,14.54653084825476,,,,,
2147,714.929304,14.42985189758718,14.394780924827339,14.572073245803224,14.519493892565588,14.564729204794146,14.546690905783137,14.609828260625157,14.614438175019378,14.603220180147007,14.611355644562426,14.619112224072797,14.543998170303896,14.524849491078376,14.54436420237959,,,,,
2148,715.284,14.436097086585546,14.40135310135602,14.578088829256567,14.525743096022314,14.570778807469624,14.54882639655847,14.61549388581043,14.620252467419773,14.609115381875878,14.617228039021143,14.62480385801667,14.549895830607875,14.530888906940216,14.550315327656659,,,,,
2149,715.438896,14.432125566032283,14.397173639953905,14.574263335983717,14.521769037067077,14.56693166387915,14.547468273640607,14.611890927282193,14.61655497767296,14.605366447388631,14.613493612269334,14.621184385994923,14.546145344409187,14.527048276875332,14.546530848254484,,,,,
2150,715.928304,14.429851897587067,14.394780924827504,14.572073245802981,14.519493892565443,14.564729204794082,14.546690905783139,14.609828260624926,14.61443817501958,14.603220180147224,14.611355644562044,14.619112224073154,14.543998170303809,14.524849491078168,14.544364202379839,,,,,
2151,716.283,14.436097086585557,14.401353101355879,14.578088829256666,14.525743096022408,14.570778807469418,14.548826396558404,14.615493885810414,14.62025246742003,14.609115381876256,14.617228039020928,14.624803858016996,14.549895830608094,14.530888906939989,14.550315327656316,,,,,
2152,716.437896,14.432125566032344,14.397173639953804,14.57426333598374,14.521769037067054,14.566931663879384,14.547468273640623,14.61189092728213,14.616554977672749,14.605366447388686,14.61349361226924,14.621184385994852,14.546145344408759,14.527048276875162,14.546530848254612,,,,,
2153,716.927304,14.429851897587392,14.394780924827481,14.5720732458031,14.519493892565553,14.56472920479414,14.546690905783182,14.609828260624914,14.614438175019654,14.603220180146835,14.611355644562137,14.619112224072719,14.543998170303853,14.52484949107833,14.544364202379622,,,,,
2154,717.282,14.43609708658563,14.401353101355577,14.578088829256467,14.525743096022282,14.570778807469406,14.548826396558345,14.615493885810439,14.620252467419993,14.609115381875784,14.617228039020883,14.624803858017005,14.549895830608055,14.530888906939824,14.550315327656767,,,,,
2155,717.436896,14.43212556603841,14.397173639958433,14.574263335984423,14.521769037071648,14.566931663879682,14.547468273643144,14.611890927288615,14.616554977673337,14.605366447389098,14.613493612270135,14.621184385999445,14.546145344409824,14.527048276875428,14.546530848261572,,,,,
2156,717.926304,14.429851897585625,14.394780924827442,14.572073245803287,14.519493892566448,14.564729204792204,14.546690905787324,14.60982826062403,14.614438175016453,14.603220180147169,14.611355644560378,14.619112224075916,14.5439981703027,14.524849491080692,14.544364202378787,,,,,
2157,718.281,14.436097086596444,14.401353101355703,14.578088829240166,14.525743096030714,14.570778807477794,14.548826396566577,14.615493885802714,14.620252467411845,14.609115381876103,14.61722803902107,14.624803858032582,14.54989583059976,14.530888906939927,14.550315327648386,,,,,
2158,718.435896,14.432125566032218,14.397173639953538,14.574263335983728,14.52176903706693,14.566931663879174,14.547468273640488,14.611890927282207,14.616554977672674,14.605366447388542,14.613493612269611,14.62118438599496,14.546145344409114,14.527048276875297,14.546530848254864,,,,,
2159,718.925304,14.429851897587064,14.394780924827176,14.572073245803287,14.519493892565608,14.564729204794219,14.546690905783251,14.60982826062504,14.614438175019469,14.603220180146957,14.611355644562272,14.6191122240732,14.543998170303912,14.524849491078255,14.544364202379633,,,,,
2160,719.28,14.436097086585653,14.401353101355868,14.578088829256593,14.52574309602223,14.570778807469619,14.548826396558423,14.6154938858104,14.62025246742012,14.609115381876094,14.617228039021201,14.624803858016707,14.54989583060793,14.530888906939998,14.550315327656465,,,,,
2161,719.434896,14.432125566032296,14.397173639953783,14.574263335983664,14.52176903706699,14.566931663879146,14.54746827364054,14.611890927282175,14.61655497767293,14.605366447388397,14.613493612269433,14.621184385994964,14.546145344409025,14.52704827687535,14.54653084825468,,,,,
2162,719.924304,14.429851897587216,14.394780924827542,14.572073245803207,14.519493892565473,14.564729204794181,14.546690905783127,14.609828260625061,14.61443817501974,14.603220180146831,14.611355644562167,14.619112224073001,14.543998170303466,14.524849491078633,14.544364202379896,,,,,
2163,720.279,14.436097086585654,14.401353101355728,14.578088829256629,14.525743096022353,14.570778807469573,14.548826396558253,14.61549388581053,14.620252467419824,14.609115381876029,14.617228039021091,14.624803858016904,14.54989583060822,14.530888906940012,14.550315327656557,,,,,
2164,720.433896,14.432125566032221,14.397173639953945,14.574263335983877,14.521769037067076,14.566931663879247,14.547468273640456,14.61189092728221,14.616554977673063,14.605366447388688,14.613493612269206,14.62118438599466,14.546145344408831,14.527048276875075,14.546530848254893,,,,,
2165,720.923304,14.429851897587278,14.394780924827337,14.572073245803171,14.519493892565515,14.56472920479412,14.546690905783231,14.609828260624953,14.614438175019703,14.603220180147108,14.611355644562032,14.619112224072785,14.543998170303901,14.524849491078452,14.544364202379684,,,,,
2166,721.278,14.436097086585495,14.401353101355868,14.578088829256629,14.5257430960222,14.570778807469381,14.548826396558482,14.615493885810412,14.620252467419702,14.609115381876158,14.617228039021073,14.624803858016744,14.549895830607674,14.530888906940357,14.550315327656808,,,,,
2167,721.432896,14.432125566032306,14.397173639953566,14.574263335983687,14.52176903706713,14.566931663879263,14.547468273640666,14.611890927282131,14.616554977672985,14.605366447388535,14.613493612269542,14.621184385994644,14.546145344409018,14.527048276874927,14.546530848254603,,,,,
2168,721.922304,14.429851897587353,14.394780924827115,14.57207324580314,14.51949389256551,14.564729204794117,14.546690905783198,14.609828260625031,14.614438175019314,14.603220180146941,14.611355644562256,14.619112224073083,14.543998170303698,14.524849491078244,14.544364202379953,,,,,
2169,722.277,14.43609708658569,14.401353101355708,14.578088829256588,14.525743096022307,14.570778807469567,14.548826396558571,14.615493885810572,14.620252467419922,14.609115381876116,14.617228039021088,14.624803858016692,14.549895830608232,14.530888906940229,14.550315327656785,,,,,
2170,722.431896,14.43212556603851,14.397173639958808,14.57426333598425,14.521769037071657,14.56693166387967,14.547468273643169,14.611890927288764,14.616554977673282,14.605366447388803,14.61349361227021,14.621184385999134,14.54614534440974,14.527048276875668,14.546530848261508,,,,,
2171,722.921304,14.429851897585825,14.394780924827204,14.572073245803297,14.519493892566528,14.564729204792208,14.546690905787358,14.60982826062403,14.614438175016268,14.603220180147133,14.611355644560478,14.619112224075662,14.54399817030261,14.52484949108035,14.544364202378537,,,,,
2172,723.276,14.436097086596419,14.401353101355852,14.578088829240361,14.525743096030771,14.570778807477618,14.548826396566481,14.615493885802474,14.620252467411898,14.60911538187602,14.617228039020986,14.62480385803291,14.549895830599814,14.530888906940223,14.55031532764866,,,,,
2173,723.430896,14.432125566032363,14.39717363995387,14.574263335983765,14.52176903706698,14.56693166387932,14.54746827364061,14.611890927282207,14.616554977672788,14.605366447388336,14.61349361226967,14.621184385994736,14.546145344408858,14.52704827687531,14.546530848254847,,,,,
2174,723.920304,14.429851897587138,14.394780924827428,14.572073245803102,14.519493892565565,14.564729204794222,14.546690905783327,14.609828260624933,14.6144381750196,14.603220180147051,14.611355644562222,14.61911222407278,14.543998170303583,14.524849491078378,14.544364202379775,,,,,
2175,724.275,14.43609708658554,14.401353101355555,14.578088829256657,14.525743096022218,14.570778807469507,14.548826396558376,14.615493885810423,14.620252467419856,14.60911538187619,14.617228039020876,14.62480385801695,14.5498958306078,14.530888906940044,14.55031532765638,,,,,
2176,724.429896,14.432125566032258,14.397173639953806,14.574263335983773,14.521769037067038,14.566931663879108,14.547468273640455,14.61189092728204,14.61655497767278,14.605366447388569,14.613493612269599,14.621184385994802,14.546145344409,14.52704827687524,14.546530848254973,,,,,
2177,724.919304,14.429851897587266,14.394780924827252,14.572073245803137,14.519493892565585,14.56472920479417,14.546690905783112,14.609828260625024,14.614438175019679,14.60322018014709,14.611355644561984,14.619112224072856,14.543998170303773,14.524849491078257,14.544364202379832,,,,,
2178,725.274,14.436097086585473,14.401353101355655,14.578088829256474,14.5257430960223,14.570778807469585,14.548826396558454,14.61549388581058,14.620252467419911,14.609115381875851,14.617228039020938,14.624803858016694,14.549895830607912,14.530888906940305,14.55031532765637,,,,,
2179,725.428896,14.432125566032418,14.397173639953742,14.574263335983956,14.52176903706682,14.566931663879174,14.547468273640526,14.611890927282111,14.616554977672934,14.605366447388542,14.613493612269696,14.62118438599506,14.546145344409071,14.527048276875195,14.54653084825464,,,,,
2180,725.918304,14.429851897587152,14.394780924827328,14.57207324580322,14.519493892565533,14.56472920479407,14.546690905783256,14.609828260624928,14.614438175019579,14.603220180147023,14.611355644562286,14.619112224072873,14.543998170303896,14.524849491078523,14.544364202379834,,,,,
2181,726.273,14.43609708658557,14.401353101355664,14.578088829256552,14.525743096022417,14.57077880746961,14.548826396558312,14.615493885810421,14.620252467420054,14.609115381875862,14.617228039021171,14.62480385801674,14.549895830607857,14.530888906939982,14.5503153276567,,,,,
2182,726.427896,14.432125566032184,14.397173639953744,14.574263335983813,14.521769037067012,14.566931663879139,14.54746827364069,14.61189092728223,14.616554977672704,14.605366447388265,14.61349361226949,14.621184385994711,14.546145344408894,14.527048276875222,14.546530848255026,,,,,
2183,726.917304,14.429851897587154,14.394780924827266,14.572073245803367,14.519493892565597,14.564729204794322,14.546690905783231,14.609828260624933,14.614438175019444,14.603220180147167,14.61135564456207,14.619112224073008,14.54399817030389,14.524849491078465,14.544364202379903,,,,,
2184,727.272,14.43609708658575,14.401353101355966,14.57808882925648,14.525743096022413,14.570778807469491,14.548826396558436,14.615493885810476,14.620252467419865,14.60911538187602,14.617228039020745,14.624803858016634,14.549895830607767,14.530888906939948,14.550315327656838,,,,,
2185,727.426896,14.432125566038577,14.397173639958734,14.574263335984325,14.52176903707177,14.566931663879657,14.547468273642984,14.611890927288554,14.6165549776734,14.605366447388935,14.613493612270148,14.621184385999097,14.546145344409682,14.527048276875789,14.546530848261437,,,,,
2186,727.916304,14.429851897585735,14.394780924827115,14.572073245803228,14.51949389256647,14.564729204792119,14.5466909057872,14.609828260624122,14.614438175016172,14.60322018014696,14.611355644560165,14.619112224076158,14.543998170302618,14.524849491080282,14.544364202378892,,,,,
2187,728.271,14.436097086596515,14.401353101355614,14.578088829240246,14.525743096030656,14.570778807477607,14.548826396566382,14.61549388580257,14.620252467412003,14.609115381875863,14.617228039020954,14.624803858032774,14.549895830599604,14.530888906940232,14.550315327648637,,,,,
2188,728.425896,14.432125566032328,14.39717363995366,14.574263335983924,14.521769037066989,14.566931663879322,14.54746827364054,14.61189092728227,14.616554977673172,14.605366447388391,14.613493612269261,14.621184385995022,14.546145344409055,14.527048276875346,14.546530848254655,,,,,
2189,728.915304,14.429851897587065,14.3947809248271,14.572073245803134,14.519493892565444,14.564729204794281,14.546690905783283,14.609828260625115,14.614438175019508,14.603220180146735,14.61135564456214,14.619112224073033,14.543998170303905,14.524849491078559,14.544364202379915,,,,,
2190,729.27,14.436097086585514,14.401353101355665,14.578088829256417,14.525743096022552,14.57077880746963,14.548826396558436,14.615493885810546,14.620252467419919,14.609115381876007,14.617228039020869,14.62480385801668,14.549895830608198,14.530888906940273,14.550315327656559,,,,,
2191,729.424896,14.43212556603237,14.397173639953682,14.574263335983872,14.521769037067013,14.566931663879405,14.547468273640613,14.611890927282285,14.616554977672951,14.60536644738869,14.61349361226966,14.62118438599476,14.54614534440913,14.527048276875245,14.546530848254855,,,,,
2192,729.914304,14.429851897587193,14.394780924827089,14.572073245803109,14.519493892565484,14.564729204794071,14.546690905783237,14.609828260625074,14.614438175019558,14.603220180146765,14.611355644562273,14.61911222407279,14.54399817030365,14.524849491078282,14.54436420237979,,,,,
2193,730.269,14.436097086585457,14.401353101355655,14.57808882925669,14.525743096022513,14.57077880746948,14.54882639655841,14.61549388581038,14.620252467419723,14.609115381876002,14.617228039020913,14.624803858016515,14.549895830607806,14.530888906940286,14.55031532765678,,,,,
2194,730.423896,14.432125566032408,14.397173639953794,14.574263335983899,14.521769037067111,14.56693166387933,14.547468273640632,14.611890927282149,14.616554977673148,14.605366447388349,14.6134936122692,14.621184385994948,14.546145344409014,14.52704827687526,14.54653084825483,,,,,
2195,730.913304,14.429851897587264,14.394780924827364,14.572073245803232,14.519493892565666,14.564729204794254,14.54669090578333,14.609828260625079,14.61443817501934,14.603220180146943,14.61135564456226,14.61911222407269,14.543998170303688,14.524849491078388,14.544364202379533,,,,,
2196,731.268,14.436097086585642,14.401353101355902,14.578088829256618,14.525743096022188,14.57077880746954,14.548826396558411,14.615493885810404,14.620252467420102,14.609115381875872,14.617228039021068,14.624803858016758,14.549895830608026,14.530888906940032,14.550315327656502,,,,,
2197,731.422896,14.432125566032209,14.39717363995392,14.57426333598375,14.521769037067024,14.566931663879272,14.547468273640556,14.61189092728218,14.616554977672784,14.605366447388294,14.613493612269368,14.62118438599488,14.546145344409114,14.527048276874943,14.546530848254525,,,,,
2198,731.912304,14.429851897587243,14.394780924827609,14.572073245803221,14.519493892565556,14.5647292047943,14.54669090578315,14.60982826062506,14.614438175019552,14.603220180147016,14.611355644562451,14.619112224072762,14.543998170303524,14.52484949107833,14.544364202379802,,,,,
2199,732.267,14.436097086585567,14.401353101355705,14.578088829256535,14.52574309602232,14.57077880746961,14.548826396558347,14.615493885810443,14.620252467419649,14.609115381876245,14.617228039021049,14.624803858017055,14.549895830608076,14.530888906940332,14.550315327656744,,,,,
2200,732.421896,14.43212556603836,14.397173639958519,14.574263335984298,14.521769037071694,14.56693166387989,14.547468273643165,14.611890927288693,14.616554977673472,14.605366447389047,14.613493612269847,14.621184385999205,14.546145344409373,14.527048276875668,14.54653084826112,,,,,
2201,732.911304,14.429851897585799,14.394780924827357,14.572073245803084,14.519493892566516,14.564729204792133,14.546690905787358,14.609828260624157,14.614438175016428,14.603220180146923,14.611355644560097,14.619112224076119,14.543998170302899,14.524849491080442,14.544364202378622,,,,,
2202,733.266,14.436097086596323,14.401353101355753,14.578088829240375,14.525743096030702,14.57077880747768,14.548826396566497,14.615493885802739,14.620252467411838,14.609115381875961,14.6172280390208,14.62480385803263,14.549895830599866,14.530888906940147,14.550315327648649,,,,,
2203,733.420896,14.432125566032331,14.39717363995392,14.574263335983728,14.52176903706697,14.566931663879211,14.547468273640623,14.611890927282284,14.616554977673049,14.60536644738843,14.613493612269645,14.621184385995134,14.546145344408895,14.527048276875409,14.546530848254735,,,,,
2204,733.910304,14.429851897587103,14.394780924827488,14.572073245803127,14.519493892565563,14.564729204794281,14.546690905783175,14.609828260625099,14.614438175019329,14.60322018014682,14.611355644562476,14.61911222407309,14.543998170303844,14.524849491078497,14.544364202379652,,,,,
2205,734.265,14.436097086585702,14.401353101355465,14.57808882925672,14.525743096022257,14.570778807469644,14.548826396558328,14.615493885810482,14.620252467420078,14.609115381875938,14.617228039021235,14.62480385801665,14.54989583060778,14.530888906939886,14.550315327656486,,,,,
2206,734.419896,14.432125566032147,14.397173639954033,14.574263335983794,14.521769037066974,14.566931663879183,14.54746827364066,14.611890927282111,14.616554977672921,14.605366447388215,14.613493612269213,14.62118438599491,14.546145344409002,14.527048276875137,14.546530848254607,,,,,
2207,734.909304,14.429851897587168,14.394780924827277,14.572073245803159,14.519493892565576,14.56472920479417,14.546690905783253,14.609828260625047,14.614438175019432,14.603220180146975,14.611355644562467,14.619112224073044,14.543998170303718,14.524849491078635,14.544364202379695,,,,,
2208,735.264,14.43609708658564,14.401353101355879,14.578088829256517,14.525743096022468,14.570778807469562,14.548826396558507,14.615493885810448,14.620252467419808,14.609115381876048,14.617228039021215,14.624803858017048,14.549895830607987,14.530888906940376,14.550315327656563,,,,,
2209,735.418896,14.432125566032184,14.397173639953756,14.574263335983774,14.521769037066948,14.566931663879213,14.547468273640636,14.611890927282312,14.616554977672992,14.605366447388658,14.61349361226949,14.621184385994976,14.546145344409277,14.527048276875293,14.546530848254699,,,,,
2210,735.908304,14.429851897587168,14.394780924827531,14.572073245802985,14.519493892565482,14.564729204794272,14.546690905783137,14.609828260625124,14.61443817501953,14.60322018014687,14.611355644562249,14.619112224072914,14.543998170303555,14.52484949107838,14.544364202379702,,,,,
2211,736.263,14.436097086585605,14.401353101355637,14.5780888292565,14.525743096022307,14.570778807469514,14.548826396558322,14.615493885810304,14.620252467419972,14.609115381875892,14.617228039021086,14.624803858016953,14.5498958306078,14.530888906939976,14.550315327656818,,,,,
2212,736.417896,14.432125566038597,14.397173639958682,14.574263335984398,14.521769037071792,14.566931663879815,14.547468273643139,14.611890927288652,14.616554977673221,14.605366447389068,14.613493612270078,14.621184385999364,14.546145344409338,14.527048276875899,14.54653084826148,,,,,
2213,736.907304,14.429851897585738,14.394780924827318,14.572073245803246,14.519493892566556,14.564729204792073,14.54669090578721,14.60982826062405,14.61443817501659,14.603220180147,14.611355644560275,14.619112224076117,14.543998170302478,14.52484949108045,14.544364202378636,,,,,
2214,737.262,14.43609708659642,14.401353101355463,14.578088829240308,14.5257430960306,14.57077880747757,14.548826396566495,14.61549388580259,14.620252467412087,14.609115381876165,14.617228039020876,14.624803858032458,14.549895830600082,14.530888906940067,14.550315327648732,,,,,
2215,737.416896,14.432125566032182,14.397173639954058,14.574263335983874,14.521769037067214,14.5669316638791,14.5474682736406,14.611890927282142,14.616554977672676,14.60536644738867,14.613493612269627,14.621184385994686,14.54614534440886,14.527048276875236,14.546530848255092,,,,,
2216,737.906304,14.429851897587262,14.394780924827453,14.572073245803324,14.51949389256554,14.564729204794283,14.546690905783308,14.609828260625035,14.614438175019465,14.603220180147252,14.611355644562463,14.619112224072769,14.543998170303588,14.524849491078315,14.54436420237992,,,,,
2217,738.261,14.436097086585491,14.401353101355578,14.578088829256595,14.52574309602237,14.57077880746959,14.54882639655835,14.615493885810547,14.620252467419975,14.609115381875945,14.61722803902076,14.624803858016655,14.549895830607879,14.530888906939966,14.550315327656849,,,,,
2218,738.415896,14.432125566032248,14.397173639953783,14.574263335983956,14.521769037067019,14.566931663879183,14.547468273640671,14.611890927282195,14.616554977672935,14.605366447388782,14.613493612269254,14.62118438599467,14.54614534440925,14.527048276875266,14.546530848254626,,,,,
2219,738.905304,14.429851897587264,14.394780924827428,14.5720732458031,14.519493892565373,14.564729204794245,14.546690905783212,14.6098282606251,14.614438175019501,14.603220180146991,14.611355644562115,14.61911222407269,14.543998170303464,14.524849491078609,14.544364202379898,,,,,
2220,739.26,14.43609708658557,14.401353101355678,14.57808882925646,14.525743096022461,14.570778807469601,14.548826396558491,14.615493885810423,14.62025246742001,14.60911538187599,14.617228039021194,14.624803858016953,14.549895830607872,14.530888906940346,14.550315327656717,,,,,
2221,739.414896,14.432125566032221,14.397173639953769,14.574263335983861,14.521769037066926,14.566931663879211,14.547468273640499,14.611890927282127,14.61655497767303,14.605366447388752,14.613493612269247,14.621184385994702,14.546145344408876,14.527048276875304,14.546530848254921,,,,,
2222,739.904304,14.429851897587202,14.394780924827328,14.572073245803121,14.519493892565405,14.56472920479423,14.546690905783212,14.609828260624937,14.614438175019723,14.603220180146984,14.611355644561971,14.619112224072737,14.543998170303427,14.524849491078326,14.544364202379596,,,,,
2223,740.259,14.436097086585521,14.401353101355504,14.578088829256528,14.525743096022426,14.57077880746949,14.548826396558532,14.61549388581045,14.620252467419984,14.609115381876068,14.617228039020715,14.624803858016683,14.549895830607785,14.530888906939936,14.550315327656472,,,,,
2224,740.413896,14.432125566032296,14.39717363995383,14.574263335983785,14.52176903706707,14.566931663879188,14.547468273640453,14.611890927282285,14.616554977673019,14.60536644738873,14.613493612269655,14.621184385994823,14.54614534440905,14.527048276875302,14.546530848255026,,,,,
2225,740.903304,14.429851897587119,14.394780924827455,14.57207324580314,14.519493892565515,14.564729204794139,14.546690905783285,14.609828260625097,14.614438175019774,14.6032201801471,14.611355644562128,14.619112224072989,14.543998170303674,14.524849491078424,14.544364202379494,,,,,
2226,741.258,14.436097086585592,14.401353101355841,14.578088829256512,14.525743096022431,14.570778807469601,14.548826396558509,14.615493885810594,14.620252467419837,14.60911538187599,14.617228039020961,14.624803858016715,14.549895830607769,14.530888906940048,14.550315327656588,,,,,
2227,741.412896,14.432125566038499,14.397173639958506,14.574263335984245,14.521769037071696,14.566931663879867,14.547468273643034,14.611890927288659,14.616554977673388,14.605366447389088,14.613493612269778,14.621184385999133,14.546145344409497,14.52704827687584,14.546530848261478,,,,,
2228,741.902304,14.429851897585824,14.394780924827293,14.572073245803107,14.519493892566603,14.564729204792108,14.546690905787253,14.60982826062409,14.614438175016621,14.603220180147055,14.611355644560136,14.619112224076172,14.543998170302805,14.524849491080207,14.544364202378725,,,,,
2229,742.257,14.436097086596318,14.401353101355575,14.57808882924018,14.525743096030675,14.570778807477584,14.548826396566481,14.615493885802527,14.620252467412149,14.609115381875815,14.617228039021064,14.62480385803259,14.54989583059974,14.530888906940005,14.55031532764838,,,,,
2230,742.411896,14.432125566032232,14.397173639954108,14.574263335983922,14.521769037067143,14.566931663879187,14.547468273640625,14.611890927282325,14.616554977672688,14.605366447388404,14.613493612269389,14.621184385995049,14.546145344409101,14.527048276875007,14.546530848254566,,,,,
2231,742.901304,14.429851897587223,14.394780924827614,14.57207324580314,14.519493892565656,14.564729204794196,14.546690905783139,14.609828260624905,14.61443817501947,14.603220180146836,14.611355644562256,14.61911222407292,14.543998170303645,14.524849491078571,14.544364202379638,,,,,
2232,743.256,14.43609708658565,14.401353101355687,14.578088829256524,14.525743096022284,14.570778807469567,14.548826396558423,14.615493885810569,14.620252467419949,14.609115381875855,14.617228039021033,14.624803858017001,14.549895830607934,14.530888906940142,14.55031532765652,,,,,
2233,743.410896,14.432125566032294,14.397173639954008,14.574263335983852,14.521769037067195,14.566931663879185,14.547468273640538,14.611890927282186,14.616554977673026,14.605366447388734,14.61349361226953,14.62118438599488,14.546145344409183,14.527048276875082,14.546530848254484,,,,,
2234,743.900304,14.429851897587191,14.39478092482724,14.572073245803217,14.51949389256562,14.564729204794183,14.546690905783127,14.609828260624893,14.614438175019782,14.603220180146739,14.611355644562183,14.619112224073142,14.54399817030378,14.5248494910786,14.544364202379766,,,,,
2235,744.255,14.436097086585495,14.401353101355575,14.57808882925665,14.525743096022497,14.570778807469477,14.548826396558274,14.615493885810537,14.620252467419931,14.609115381876292,14.617228039020912,14.624803858016946,14.549895830607891,14.53088890694015,14.55031532765635,,,,,
2236,744.409896,14.432125566032305,14.397173639953994,14.57426333598383,14.5217690370671,14.566931663879272,14.547468273640558,14.611890927282365,14.616554977672982,14.605366447388764,14.613493612269298,14.621184385994837,14.546145344408997,14.527048276875215,14.546530848254761,,,,,
2237,744.899304,14.429851897587142,14.394780924827415,14.572073245803047,14.51949389256559,14.564729204794304,14.54669090578326,14.609828260624912,14.614438175019458,14.60322018014689,14.611355644562401,14.619112224073069,14.543998170303523,14.524849491078571,14.544364202379583,,,,,
2238,745.254,14.436097086585606,14.40135310135584,14.578088829256494,14.525743096022316,14.570778807469418,14.548826396558526,14.615493885810361,14.620252467419707,14.6091153818762,14.61722803902107,14.624803858016666,14.549895830607914,14.530888906939898,14.550315327656401,,,,,
2239,745.408896,14.43212556603238,14.397173639953946,14.574263335983677,14.521769037067024,14.566931663879334,14.5474682736407,14.611890927282088,14.616554977672697,14.60536644738838,14.613493612269524,14.621184385995011,14.546145344408984,14.52704827687534,14.546530848254868,,,,,
2240,745.898304,14.429851897587369,14.394780924827494,14.572073245803159,14.519493892565606,14.564729204794299,14.546690905783162,14.609828260625033,14.614438175019277,14.603220180147243,14.611355644562282,14.619112224072781,14.543998170303961,14.524849491078552,14.544364202379652,,,,,
2241,746.253,14.436097086585578,14.40135310135577,14.578088829256531,14.525743096022358,14.570778807469503,14.548826396558493,14.615493885810315,14.620252467420057,14.60911538187602,14.617228039020869,14.624803858016676,14.549895830607818,14.530888906939945,14.55031532765661,,,,,
2242,746.407896,14.432125566038572,14.397173639958847,14.574263335984273,14.521769037071632,14.566931663879828,14.547468273643139,14.611890927288714,14.61655497767352,14.605366447389278,14.613493612270092,14.621184385999488,14.546145344409474,14.527048276875789,14.546530848261405,,,,,
2243,746.897304,14.42985189758575,14.394780924827531,14.572073245803097,14.519493892566542,14.564729204792254,14.546690905787324,14.60982826062398,14.614438175016355,14.6032201801471,14.611355644560343,14.61911222407607,14.543998170302892,14.524849491080476,14.54436420237887,,,,,
2244,747.252,14.436097086596433,14.401353101355575,14.578088829240164,14.525743096030538,14.570778807477618,14.54882639656642,14.615493885802696,14.62025246741176,14.609115381875972,14.617228039020791,14.624803858032589,14.549895830600025,14.530888906939927,14.550315327648702,,,,,
2245,747.406896,14.432125566032258,14.397173639953907,14.574263335983934,14.521769037066978,14.566931663879211,14.547468273640673,14.61189092728221,14.616554977673095,14.605366447388539,14.613493612269643,14.621184385994932,14.546145344408865,14.527048276875222,14.546530848254747,,,,,
2246,747.896304,14.429851897587149,14.394780924827264,14.572073245803193,14.519493892565409,14.564729204794112,14.546690905783242,14.609828260624848,14.614438175019274,14.603220180146804,14.611355644562417,14.61911222407279,14.543998170303732,14.524849491078283,14.544364202379533,,,,,
2247,748.251,14.436097086585614,14.401353101355983,14.57808882925669,14.525743096022305,14.570778807469427,14.548826396558415,14.61549388581046,14.620252467419842,14.609115381875835,14.617228039021205,14.6248038580169,14.549895830608174,14.530888906940296,14.55031532765649,,,,,
2248,748.405896,14.432125566032234,14.397173639953857,14.574263335983911,14.521769037067099,14.566931663879245,14.547468273640671,14.611890927282245,14.616554977673102,14.605366447388644,14.61349361226928,14.621184385995047,14.546145344409007,14.527048276875442,14.546530848254863,,,,,
2249,748.895304,14.429851897587104,14.394780924827126,14.572073245803267,14.519493892565457,14.564729204794158,14.546690905783253,14.609828260624978,14.614438175019629,14.603220180146739,14.611355644562197,14.619112224072802,14.543998170303512,14.524849491078266,14.544364202379722,,,,,
2250,749.25,14.436097086585567,14.401353101355905,14.578088829256597,14.525743096022497,14.570778807469402,14.54882639655852,14.615493885810425,14.620252467420041,14.609115381875881,14.61722803902114,14.62480385801693,14.549895830607964,14.530888906939857,14.550315327656692,,,,,
2251,749.404896,14.432125566032433,14.397173639953857,14.57426333598374,14.521769037067136,14.56693166387931,14.547468273640485,14.611890927282193,14.616554977673127,14.605366447388304,14.613493612269393,14.621184385994718,14.546145344409009,14.52704827687516,14.54653084825489,,,,,
2252,749.894304,14.429851897587337,14.394780924827316,14.57207324580311,14.519493892565425,14.564729204794315,14.54669090578328,14.609828260625079,14.614438175019297,14.603220180147051,14.611355644562332,14.619112224072927,14.543998170303823,14.524849491078525,14.544364202379755,,,,,
2253,750.249,14.436097086585608,14.401353101355616,14.578088829256723,14.525743096022408,14.570778807469445,14.548826396558542,14.615493885810459,14.620252467419778,14.609115381876203,14.617228039020967,14.624803858016913,14.549895830607904,14.530888906940207,14.550315327656508,,,,,
2254,750.403896,14.432125566032258,14.397173639954108,14.574263335983932,14.521769037067056,14.566931663879298,14.54746827364067,14.611890927282124,14.616554977672864,14.605366447388375,14.613493612269629,14.62118438599468,14.546145344409146,14.527048276875389,14.546530848254813,,,,,
2255,750.893304,14.429851897587252,14.394780924827431,14.572073245803079,14.519493892565423,14.564729204794322,14.546690905783175,14.609828260625136,14.614438175019279,14.603220180147135,14.611355644562414,14.619112224072898,14.543998170303633,14.52484949107833,14.544364202379638,,,,,
2256,751.248,14.436097086585518,14.401353101355692,14.578088829256693,14.52574309602245,14.57077880746943,14.548826396558487,14.615493885810581,14.62025246741993,14.609115381875865,14.617228039021143,14.624803858016733,14.54989583060778,14.530888906940291,14.550315327656477,,,,,
2257,751.402896,14.432125566038396,14.397173639958483,14.574263335984462,14.521769037071792,14.566931663879634,14.54746827364318,14.611890927288698,14.616554977673642,14.605366447389024,14.613493612270092,14.621184385999195,14.546145344409487,14.527048276875513,14.54653084826142,,,,,
2258,751.892304,14.429851897585724,14.394780924827268,14.572073245803185,14.519493892566468,14.564729204792147,14.546690905787237,14.609828260623988,14.614438175016643,14.603220180147193,14.611355644560357,14.619112224075872,14.543998170302805,14.524849491080635,14.544364202378476,,,,,
2259,752.247,14.43609708659647,14.40135310135578,14.578088829240372,14.525743096030627,14.570778807477733,14.548826396566398,14.615493885802632,14.62025246741187,14.609115381876194,14.617228039020954,14.624803858032532,14.54989583059965,14.53088890694009,14.550315327648677,,,,,
2260,752.401896,14.432125566032342,14.397173639953964,14.574263335983883,14.521769037066973,14.566931663879236,14.547468273640488,14.611890927282161,14.616554977672639,14.605366447388539,14.613493612269492,14.621184385994754,14.546145344408835,14.527048276875094,14.546530848254953,,,,,
2261,752.891304,14.429851897587161,14.394780924827517,14.572073245803288,14.519493892565457,14.56472920479433,14.54669090578322,14.609828260624946,14.6144381750196,14.603220180146836,14.611355644562426,14.619112224072751,14.543998170303768,14.524849491078488,14.544364202379638,,,,,
2262,753.246,14.436097086585491,14.401353101355868,14.578088829256716,14.525743096022406,14.570778807469521,14.548826396558546,14.615493885810414,14.620252467419798,14.60911538187604,14.617228039020967,14.624803858016891,14.549895830607866,14.53088890693989,14.550315327656367,,,,,
2263,753.400896,14.432125566032159,14.39717363995387,14.574263335983925,14.521769037067182,14.56693166387927,14.54746827364067,14.611890927282097,14.61655497767291,14.605366447388684,14.613493612269263,14.621184385994898,14.546145344409226,14.527048276875014,14.546530848254912,,,,,
2264,753.890304,14.429851897587266,14.394780924827149,14.572073245803278,14.519493892565553,14.564729204794281,14.5466909057832,14.609828260624905,14.614438175019654,14.603220180146904,14.611355644562352,14.619112224072977,14.543998170303691,14.524849491078355,14.544364202379468,,,,,
2265,754.245,14.436097086585507,14.401353101355955,14.578088829256727,14.525743096022476,14.570778807469635,14.548826396558283,14.615493885810595,14.62025246741969,14.609115381876029,14.617228039020857,14.624803858016593,14.549895830608323,14.53088890694031,14.5503153276564,,,,,
2266,754.399896,14.432125566032209,14.397173639953733,14.574263335983959,14.521769037067164,14.56693166387937,14.547468273640453,14.611890927282081,14.616554977672665,14.605366447388441,14.613493612269243,14.621184385994654,14.54614534440886,14.527048276874943,14.546530848254768,,,,,
2267,754.889304,14.42985189758709,14.394780924827314,14.572073245803228,14.519493892565349,14.564729204794205,14.546690905783317,14.609828260625104,14.614438175019627,14.603220180147192,14.611355644562103,14.61911222407299,14.54399817030373,14.524849491078234,14.5443642023795,,,,,
2268,755.244,14.436097086585669,14.401353101355518,14.578088829256737,14.525743096022438,14.570778807469518,14.54882639655847,14.615493885810418,14.620252467419757,14.609115381876242,14.617228039020778,14.624803858016667,14.549895830607891,14.530888906940099,14.550315327656582,,,,,
2269,755.398896,14.432125566032195,14.39717363995407,14.57426333598381,14.521769037066882,14.566931663879211,14.547468273640522,14.611890927282012,14.616554977672855,14.60536644738851,14.613493612269531,14.621184385994646,14.54614534440894,14.527048276875211,14.546530848254783,,,,,
2270,755.888304,14.429851897587264,14.394780924827314,14.572073245803137,14.519493892565587,14.56472920479424,14.546690905783123,14.609828260624967,14.614438175019613,14.603220180147128,14.611355644562284,14.619112224073117,14.543998170303768,14.524849491078417,14.544364202379743,,,,,
2271,756.243,14.436097086585765,14.401353101355733,14.578088829256671,14.525743096022332,14.570778807469392,14.548826396558464,14.615493885810539,14.620252467419812,14.60911538187603,14.617228039021217,14.624803858016701,14.549895830608172,14.530888906940245,14.550315327656401,,,,,
2272,756.397896,14.432125566038438,14.397173639958744,14.57426333598439,14.521769037071813,14.56693166387989,14.54746827364325,14.611890927288544,14.616554977673236,14.605366447389242,14.613493612270085,14.621184385999452,14.546145344409629,14.527048276875778,14.546530848261463,,,,,
2273,756.887304,14.429851897585738,14.394780924827597,14.572073245803235,14.519493892566505,14.564729204792096,14.54669090578724,14.609828260623928,14.614438175016657,14.60322018014717,14.611355644560383,14.619112224075883,14.543998170302906,14.524849491080422,14.544364202378716,,,,,
2274,757.242,14.436097086596236,14.401353101355575,14.57808882924016,14.525743096030787,14.570778807477623,14.548826396566419,14.615493885802493,14.620252467412003,14.609115381876023,14.617228039020903,14.624803858032868,14.549895830600015,14.530888906940232,14.550315327648669,,,,,
2275,757.396896,14.43212556603217,14.397173639953868,14.574263335983792,14.521769037067095,14.56693166387921,14.547468273640622,14.61189092728223,14.616554977673081,14.605366447388613,14.613493612269643,14.621184385994972,14.546145344408956,14.527048276875375,14.546530848254994,,,,,
2276,757.886304,14.429851897587076,14.394780924827213,14.572073245803246,14.519493892565528,14.564729204794062,14.546690905783294,14.609828260624942,14.614438175019302,14.603220180146932,14.611355644562513,14.619112224072786,14.543998170303947,14.524849491078623,14.54436420237958,,,,,
2277,758.241,14.436097086585528,14.401353101355678,14.578088829256625,14.525743096022454,14.570778807469608,14.548826396558374,14.615493885810393,14.620252467419768,14.609115381876215,14.617228039021029,14.624803858016815,14.549895830607742,14.530888906939971,14.550315327656584,,,,,
2278,758.395896,14.432125566032296,14.397173639954048,14.57426333598392,14.521769037067108,14.566931663879279,14.547468273640687,14.611890927282055,14.616554977673122,14.605366447388532,14.613493612269622,14.621184385994946,14.546145344409094,14.52704827687521,14.54653084825456,,,,,
2279,758.885304,14.429851897587191,14.394780924827149,14.572073245803232,14.519493892565501,14.564729204794181,14.546690905783242,14.609828260624916,14.614438175019625,14.603220180146966,14.611355644562511,14.619112224072982,14.543998170303704,14.52484949107854,14.54436420237979,,,,,
2280,759.24,14.43609708658568,14.401353101355694,14.578088829256492,14.525743096022362,14.570778807469562,14.548826396558516,14.61549388581061,14.620252467420062,14.609115381875842,14.61722803902086,14.624803858016627,14.54989583060817,14.530888906940016,14.550315327656417,,,,,
2281,759.394896,14.432125566032306,14.39717363995392,14.574263335983868,14.521769037066923,14.566931663879295,14.547468273640561,14.611890927282046,14.616554977672887,14.605366447388464,14.613493612269584,14.621184385995013,14.546145344408865,14.527048276875151,14.546530848254884,,,,,
2282,759.884304,14.429851897587117,14.39478092482744,14.572073245803162,14.5194938925657,14.564729204794142,14.546690905783164,14.609828260625065,14.614438175019632,14.603220180147213,14.611355644562346,14.61911222407279,14.543998170303695,14.524849491078196,14.54436420237985,,,,,
2283,760.239,14.43609708658568,14.401353101355946,14.578088829256467,14.525743096022305,14.57077880746947,14.548826396558526,14.615493885810427,14.620252467419823,14.609115381876238,14.6172280390211,14.624803858016813,14.549895830607976,14.53088890693979,14.550315327656497,,,,,
2284,760.393896,14.43212556603227,14.397173639954058,14.57426333598384,14.521769037067152,14.566931663879236,14.547468273640682,14.611890927282206,14.616554977672736,14.60536644738849,14.61349361226936,14.621184385995127,14.546145344408881,14.527048276875353,14.54653084825486,,,,,
2285,760.883304,14.42985189758728,14.394780924827291,14.57207324580318,14.519493892565523,14.56472920479425,14.546690905783377,14.609828260625038,14.614438175019531,14.603220180146858,14.611355644562382,14.61911222407295,14.543998170303578,14.524849491078184,14.544364202379716,,,,,
2286,761.238,14.43609708658558,14.40135310135597,14.578088829256648,14.525743096022442,14.570778807469528,14.548826396558312,14.615493885810446,14.620252467420206,14.60911538187575,14.617228039020883,14.624803858017046,14.549895830608115,14.530888906940122,14.55031532765641,,,,,
2287,761.392896,14.43212556603836,14.39717363995867,14.574263335984423,14.521769037071818,14.56693166387973,14.547468273643261,14.611890927288556,14.616554977673507,14.605366447389157,14.613493612270123,14.621184385999543,14.546145344409362,14.527048276875608,14.546530848261416,,,,,
2288,761.882304,14.429851897585786,14.39478092482708,14.572073245803159,14.51949389256654,14.564729204792243,14.54669090578738,14.609828260624107,14.614438175016632,14.60322018014672,14.611355644560229,14.619112224075883,14.543998170302718,14.524849491080365,14.54436420237849,,,,,
2289,762.237,14.436097086596286,14.401353101355625,14.578088829240269,14.525743096030777,14.570778807477744,14.548826396566398,14.615493885802623,14.620252467411753,14.60911538187573,14.617228039021128,14.62480385803266,14.549895830599747,14.53088890694022,14.550315327648473,,,,,
2290,762.391896,14.432125566032404,14.397173639953781,14.574263335983774,14.52176903706694,14.56693166387932,14.54746827364068,14.611890927282376,14.616554977672946,14.605366447388523,14.613493612269291,14.621184385994923,14.546145344409057,14.527048276875114,14.546530848254827,,,,,
2291,762.881304,14.429851897587064,14.394780924827085,14.57207324580299,14.519493892565505,14.564729204794112,14.546690905783162,14.609828260625031,14.614438175019457,14.603220180146977,14.611355644562414,14.619112224072861,14.543998170303722,14.524849491078447,14.544364202379777,,,,,
2292,763.236,14.436097086585677,14.401353101355477,14.57808882925654,14.525743096022492,14.570778807469605,14.548826396558454,14.615493885810485,14.620252467419968,14.6091153818759,14.617228039020924,14.624803858016682,14.549895830607944,14.530888906940207,14.550315327656707,,,,,
2293,763.390896,14.432125566032306,14.397173639953984,14.574263335983687,14.521769037067223,14.566931663879329,14.547468273640456,14.6118909272823,14.616554977673008,14.60536644738849,14.613493612269728,14.621184385994736,14.546145344408783,14.527048276875451,14.546530848254855,,,,,
2294,763.880304,14.42985189758729,14.394780924827517,14.57207324580315,14.51949389256546,14.564729204794329,14.54669090578333,14.609828260625084,14.61443817501951,14.603220180146923,14.61135564456227,14.619112224073143,14.54399817030385,14.524849491078246,14.54436420237978,,,,,
2295,764.235,14.436097086585619,14.401353101356023,14.578088829256597,14.525743096022314,14.570778807469464,14.548826396558363,14.615493885810547,14.620252467419917,14.609115381875755,14.617228039021171,14.624803858016652,14.549895830608062,14.530888906939973,14.55031532765654,,,,,
2296,764.389896,14.432125566032132,14.397173639953717,14.57426333598376,14.521769037067035,14.566931663879311,14.54746827364069,14.611890927282245,14.616554977673115,14.605366447388564,14.613493612269506,14.62118438599497,14.546145344409192,14.527048276875355,14.546530848254926,,,,,
2297,764.879304,14.429851897587072,14.39478092482738,14.572073245803084,14.519493892565398,14.564729204794336,14.546690905783157,14.609828260625134,14.614438175019455,14.603220180146943,14.611355644562309,14.619112224073016,14.543998170303434,14.524849491078623,14.54436420237979,,,,,
2298,765.234,14.436097086585555,14.401353101355577,14.578088829256535,14.52574309602248,14.570778807469576,14.548826396558534,14.615493885810393,14.620252467419599,14.609115381876245,14.617228039021061,14.624803858016666,14.549895830608058,14.53088890694029,14.55031532765658,,,,,
2299,765.388896,14.432125566038547,14.39717363995853,14.574263335984275,14.521769037071584,14.56693166387983,14.547468273643164,14.61189092728869,14.616554977673239,14.605366447389176,14.61349361226997,14.62118438599915,14.546145344409798,14.527048276875568,14.546530848261506,,,,,
2300,765.878304,14.429851897585896,14.394780924827497,14.572073245803061,14.519493892566569,14.564729204792094,14.546690905787248,14.609828260623933,14.614438175016682,14.603220180147126,14.611355644560334,14.619112224075877,14.54399817030252,14.524849491080442,14.544364202378626,,,,,
2301,766.233,14.436097086596446,14.401353101355715,14.578088829240286,14.52574309603076,14.570778807477707,14.548826396566314,14.615493885802616,14.620252467411888,14.609115381876002,14.617228039021143,14.624803858032514,14.549895830599851,14.53088890694003,14.550315327648473,,,,,
2302,766.387896,14.432125566032305,14.397173639953932,14.574263335983833,14.521769037067013,14.566931663879322,14.547468273640526,14.611890927282138,14.616554977672955,14.605366447388448,14.613493612269352,14.621184385994626,14.546145344409084,14.527048276875416,14.546530848254664,,,,,
2303,766.877304,14.429851897587172,14.394780924827202,14.572073245803265,14.519493892565453,14.564729204794146,14.546690905783185,14.60982826062507,14.614438175019647,14.603220180146987,14.611355644562167,14.619112224073097,14.543998170303569,14.524849491078461,14.544364202379553,,,,,
2304,767.232,14.436097086585505,14.401353101355868,14.57808882925652,14.525743096022378,14.570778807469631,14.548826396558363,14.615493885810377,14.620252467419666,14.609115381876025,14.617228039021105,14.624803858017007,14.549895830608182,14.530888906940254,14.550315327656767,,,,,
2305,767.386896,14.432125566032248,14.397173639953644,14.574263335983694,14.52176903706716,14.566931663879194,14.547468273640636,14.611890927282344,14.616554977673196,14.605366447388512,14.613493612269478,14.621184385994642,14.546145344408853,14.527048276875341,14.546530848254818,,,,,
2306,767.876304,14.429851897587366,14.394780924827389,14.572073245803173,14.519493892565341,14.564729204794084,14.5466909057832,14.609828260625095,14.614438175019377,14.60322018014713,14.611355644562341,14.619112224072893,14.54399817030361,14.524849491078205,14.544364202379974,,,,,
2307,768.231,14.436097086585596,14.401353101355667,14.578088829256618,14.525743096022264,14.570778807469498,14.548826396558365,14.615493885810595,14.620252467419785,14.609115381876018,14.617228039021171,14.624803858016996,14.54989583060809,14.530888906940021,14.550315327656667,,,,,
2308,768.385896,14.43212556603216,14.397173639954058,14.57426333598387,14.521769037067186,14.566931663879197,14.547468273640582,14.6118909272823,14.61655497767291,14.60536644738848,14.613493612269579,14.62118438599498,14.546145344409187,14.52704827687545,14.546530848254783,,,,,
2309,768.875304,14.429851897587314,14.394780924827275,14.572073245803114,14.51949389256558,14.564729204794121,14.546690905783286,14.609828260624942,14.614438175019345,14.603220180146998,14.611355644562451,14.619112224072982,14.54399817030356,14.52484949107849,14.544364202379946,,,,,
2310,769.23,14.436097086585644,14.401353101355626,14.578088829256611,14.525743096022422,14.570778807469576,14.5488263965583,14.615493885810551,14.62025246742007,14.609115381876052,14.617228039020933,14.62480385801664,14.549895830608188,14.530888906940127,14.550315327656499,,,,,
2311,769.384896,14.432125566032408,14.397173639953719,14.574263335983895,14.521769037067205,14.566931663879272,14.547468273640636,14.611890927282158,14.616554977673053,14.605366447388594,14.613493612269302,14.621184385994718,14.546145344409041,14.527048276875277,14.546530848254905,,,,,
2312,769.874304,14.429851897587254,14.394780924827558,14.572073245803171,14.51949389256556,14.564729204794103,14.546690905783256,14.609828260624987,14.614438175019377,14.603220180147204,14.611355644562291,14.619112224073064,14.543998170303482,14.524849491078587,14.54436420237972,,,,,
2313,770.229,14.436097086585507,14.401353101355983,14.578088829256693,14.525743096022246,14.570778807469576,14.548826396558509,14.615493885810533,14.620252467419956,14.609115381875773,14.617228039020798,14.624803858016659,14.54989583060818,14.530888906939925,14.55031532765681,,,,,
2314,770.383896,14.432125566038485,14.397173639958748,14.574263335984371,14.521769037071758,14.566931663879767,14.547468273643085,14.611890927288654,14.616554977673584,14.605366447389,14.613493612269918,14.6211843859995,14.546145344409757,14.527048276875874,14.546530848261567,,,,,
2315,770.873304,14.429851897585616,14.394780924827495,14.572073245803232,14.51949389256667,14.564729204792316,14.546690905787344,14.60982826062408,14.614438175016389,14.603220180147176,14.611355644560307,14.619112224075831,14.543998170302734,14.524849491080364,14.544364202378478,,,,,
2316,771.228,14.436097086596286,14.401353101355555,14.578088829240398,14.525743096030798,14.570778807477632,14.548826396566348,14.615493885802715,14.620252467412117,14.609115381875789,14.617228039020992,14.624803858032541,14.549895830599779,14.530888906940197,14.55031532764861,,,,,
2317,771.382896,14.432125566032278,14.39717363995401,14.574263335983815,14.521769037067077,14.566931663879295,14.547468273640616,14.6118909272823,14.616554977672937,14.605366447388448,14.613493612269234,14.621184385994866,14.546145344408869,14.527048276875062,14.546530848254628,,,,,
2318,771.872304,14.429851897587337,14.394780924827323,14.572073245803162,14.51949389256558,14.564729204794096,14.546690905783189,14.60982826062496,14.614438175019231,14.603220180147238,14.611355644562488,14.619112224072822,14.543998170303722,14.524849491078355,14.544364202379569,,,,,
2319,772.227,14.43609708658559,14.401353101355888,14.578088829256705,14.525743096022403,14.570778807469425,14.548826396558487,14.615493885810544,14.620252467419979,14.609115381875814,14.617228039020977,14.624803858016824,14.549895830607884,14.530888906940067,14.550315327656582,,,,,
2320,772.381896,14.432125566032234,14.397173639953882,14.574263335983824,14.521769037067022,14.566931663879195,14.547468273640547,14.61189092728206,14.616554977673104,14.60536644738843,14.613493612269407,14.62118438599467,14.546145344408748,14.527048276875368,14.54653084825498,,,,,
2321,772.871304,14.429851897587092,14.394780924827389,14.572073245803242,14.519493892565444,14.564729204794109,14.546690905783054,14.60982826062509,14.614438175019275,14.603220180147213,14.611355644562057,14.619112224072799,14.54399817030364,14.524849491078278,14.544364202379867,,,,,
2322,773.226,14.436097086585693,14.40135310135589,14.578088829256668,14.525743096022525,14.57077880746938,14.548826396558383,14.615493885810524,14.620252467420087,14.609115381876052,14.617228039021205,14.624803858016971,14.549895830607952,14.530888906940023,14.550315327656497,,,,,
2323,773.380896,14.432125566032358,14.39717363995381,14.574263335983678,14.521769037066877,14.566931663879382,14.547468273640655,14.611890927282161,14.616554977673056,14.605366447388352,14.61349361226966,14.621184385994964,14.546145344409283,14.527048276875266,14.546530848254596,,,,,
2324,773.870304,14.429851897587326,14.39478092482753,14.57207324580321,14.519493892565478,14.564729204794144,14.546690905783185,14.609828260625104,14.614438175019595,14.603220180146808,14.61135564456245,14.619112224072945,14.5439981703037,14.52484949107818,14.544364202379624,,,,,
2325,774.225,14.43609708658558,14.401353101355904,14.578088829256496,14.525743096022364,14.570778807469392,14.548826396558422,14.615493885810478,14.620252467419924,14.609115381876093,14.61722803902079,14.624803858016653,14.54989583060815,14.530888906939836,14.550315327656797,,,,,
2326,774.379896,14.432125566032335,14.397173639953719,14.57426333598369,14.52176903706708,14.566931663879359,14.547468273640538,14.611890927282102,14.616554977673168,14.605366447388397,14.613493612269467,14.621184385995017,14.546145344409078,14.527048276875126,14.546530848254907,,,,,
2327,774.869304,14.429851897587133,14.394780924827568,14.572073245803042,14.519493892565485,14.564729204794041,14.546690905783242,14.609828260625017,14.614438175019608,14.603220180146893,14.611355644562042,14.619112224073042,14.543998170303839,14.524849491078148,14.544364202379954,,,,,
2328,775.224,14.436097086585553,14.401353101355927,14.578088829256586,14.52574309602243,14.570778807469441,14.54882639655835,14.61549388581035,14.620252467420116,14.609115381876054,14.617228039020766,14.624803858016872,14.549895830607973,14.530888906940199,14.550315327656643,,,,,
2329,775.378896,14.432125566038446,14.397173639958883,14.574263335984503,14.521769037071659,14.56693166387967,14.547468273642961,14.611890927288549,14.6165549776735,14.60536644738888,14.61349361227029,14.621184385999452,14.546145344409355,14.527048276875853,14.546530848261515,,,,,
2330,775.868304,14.429851897585799,14.394780924827204,14.572073245803061,14.519493892566643,14.564729204792243,14.54669090578721,14.609828260623933,14.614438175016582,14.603220180146794,14.611355644560083,14.619112224075876,14.543998170302936,14.524849491080293,14.544364202378647,,,,,
2331,776.223,14.436097086596407,14.401353101355447,14.578088829240166,14.525743096030551,14.57077880747772,14.548826396566376,14.61549388580254,14.620252467412039,14.609115381875755,14.617228039020937,14.62480385803278,14.549895830599851,14.530888906939989,14.550315327648699,,,,,
2332,776.377896,14.432125566032303,14.397173639954108,14.574263335983732,14.521769037066939,14.56693166387931,14.547468273640733,14.611890927282117,14.616554977673132,14.60536644738883,14.613493612269343,14.621184385994981,14.546145344408822,14.527048276875394,14.546530848255015,,,,,
2333,776.867304,14.42985189758715,14.394780924827325,14.572073245803299,14.519493892565443,14.56472920479421,14.546690905783176,14.60982826062488,14.61443817501955,14.603220180147176,14.6113556445625,14.619112224073033,14.543998170303684,14.524849491078538,14.544364202379505,,,,,
2334,777.222,14.436097086585576,14.401353101356,14.578088829256659,14.525743096022396,14.570778807469386,14.548826396558315,14.615493885810569,14.62025246741985,14.60911538187587,14.617228039021104,14.624803858016987,14.549895830607978,14.530888906940332,14.550315327656763,,,,,
2335,777.376896,14.432125566032258,14.397173639954097,14.574263335983764,14.521769037066983,14.566931663879206,14.547468273640598,14.61189092728217,14.616554977672813,14.605366447388274,14.613493612269368,14.621184385994725,14.54614534440914,14.527048276875194,14.546530848254916,,,,,
2336,777.866304,14.429851897587142,14.39478092482719,14.572073245803333,14.519493892565425,14.564729204794133,14.546690905783317,14.609828260625077,14.614438175019705,14.60322018014699,14.611355644562057,14.619112224072705,14.54399817030346,14.524849491078498,14.544364202379656,,,,,
2337,778.221,14.436097086585693,14.40135310135578,14.578088829256652,14.525743096022476,14.570778807469546,14.548826396558493,14.615493885810404,14.620252467419752,14.609115381876265,14.617228039021079,14.624803858016625,14.549895830607902,14.530888906940117,14.55031532765669,,,,,
2338,778.375896,14.432125566032159,14.397173639953603,14.574263335983689,14.521769037066997,14.56693166387926,14.547468273640451,14.611890927282342,14.616554977673106,14.605366447388628,14.613493612269336,14.621184385994894,14.546145344409036,14.527048276875128,14.546530848254754,,,,,
2339,778.865304,14.429851897587326,14.39478092482714,14.572073245803146,14.519493892565448,14.564729204794107,14.546690905783318,14.609828260624901,14.614438175019368,14.603220180146955,14.611355644561971,14.619112224072957,14.54399817030395,14.524849491078268,14.544364202379695,,,,,
2340,779.22,14.436097086585544,14.40135310135579,14.57808882925673,14.525743096022255,14.570778807469493,14.548826396558448,14.615493885810727,14.62025246741996,14.609115381876038,14.617228039020944,14.624803858017012,14.549895830607795,14.530888906940026,14.550315327656657,,,,,
2341,779.374896,14.432125566032292,14.397173639954048,14.574263335983565,14.521769037067118,14.566931663879151,14.5474682736405,14.61189092728222,14.616554977673232,14.605366447388263,14.613493612269506,14.621184385994978,14.54614534440901,14.527048276875425,14.546530848254564,,,,,
2342,779.864304,14.429851897587168,14.394780924827279,14.572073245803255,14.519493892565421,14.564729204794189,14.546690905783148,14.609828260625,14.614438175019453,14.603220180147169,14.61135564456237,14.61911222407289,14.543998170303906,14.524849491078307,14.544364202379798,,,,,
2343,780.219,14.436097086585777,14.401353101355625,14.578088829256473,14.52574309602242,14.570778807469406,14.548826396558255,14.615493885810471,14.620252467419883,14.609115381876016,14.6172280390212,14.624803858016936,14.549895830607966,14.530888906940222,14.550315327656657,,,,,
2344,780.373896,14.432125566038597,14.397173639958366,14.574263335984336,14.5217690370718,14.566931663879828,14.547468273643021,14.61189092728873,14.616554977673541,14.605366447389137,14.613493612270176,14.621184385999312,14.546145344409567,14.527048276875867,14.546530848261394,,,,,
2345,780.863304,14.429851897585825,14.394780924827105,14.572073245803034,14.519493892566397,14.564729204792291,14.5466909057872,14.609828260623853,14.61443817501625,14.603220180147126,14.611355644560287,14.61911222407611,14.543998170302649,14.524849491080442,14.544364202378533,,,,,
2346,781.218,14.436097086596483,14.401353101355799,14.578088829240258,14.525743096030606,14.57077880747769,14.548826396566497,14.615493885802488,14.620252467411897,14.609115381876022,14.61722803902119,14.624803858032886,14.549895830600013,14.530888906940168,14.550315327648748,,,,,
2347,781.372896,14.432125566032234,14.397173639954074,14.574263335983895,14.521769037067228,14.5669316638791,14.547468273640579,14.611890927282142,14.616554977673127,14.605366447388437,14.613493612269695,14.621184385994765,14.546145344408913,14.527048276875467,14.546530848254699,,,,,
2348,781.862304,14.429851897587147,14.394780924827264,14.572073245803143,14.519493892565606,14.564729204794306,14.546690905783137,14.609828260625116,14.614438175019513,14.603220180146739,14.611355644562092,14.61911222407301,14.543998170303606,14.52484949107829,14.544364202379795,,,,,
2349,782.217,14.436097086585516,14.401353101355715,14.578088829256522,14.52574309602249,14.57077880746952,14.548826396558432,14.615493885810604,14.62025246741985,14.609115381875888,14.617228039020935,14.624803858016605,14.549895830607904,14.530888906940387,14.550315327656415,,,,,
2350,782.371896,14.432125566032292,14.39717363995364,14.574263335983874,14.521769037067028,14.566931663879416,14.547468273640625,14.611890927282083,14.61655497767312,14.605366447388326,14.613493612269265,14.621184385995047,14.546145344409261,14.5270482768754,14.546530848254536,,,,,
2351,782.861304,14.429851897587096,14.394780924827328,14.572073245803233,14.51949389256547,14.564729204794192,14.546690905783175,14.609828260625031,14.614438175019268,14.603220180147074,14.611355644562343,14.6191122240729,14.543998170303839,14.524849491078562,14.544364202379981,,,,,
2352,783.216,14.436097086585631,14.401353101355738,14.578088829256574,14.525743096022264,14.570778807469479,14.54882639655847,14.61549388581047,14.620252467419846,14.609115381876114,14.617228039021077,14.624803858016751,14.549895830607953,14.530888906939966,14.550315327656707,,,,,
2353,783.370896,14.432125566032147,14.39717363995383,14.574263335983677,14.521769037067001,14.56693166387942,14.54746827364054,14.61189092728211,14.616554977672898,14.605366447388604,14.613493612269695,14.621184385994962,14.546145344408796,14.52704827687498,14.546530848254704,,,,,
2354,783.860304,14.429851897587179,14.39478092482758,14.5720732458033,14.519493892565478,14.56472920479412,14.546690905783304,14.609828260625061,14.614438175019552,14.60322018014718,14.611355644562405,14.61911222407291,14.543998170303867,14.524849491078598,14.544364202379525,,,,,
2355,784.215,14.436097086585704,14.401353101355994,14.578088829256629,14.525743096022385,14.570778807469539,14.548826396558441,14.615493885810372,14.620252467420014,14.609115381875858,14.617228039021207,14.62480385801692,14.549895830608273,14.530888906940241,14.550315327656392,,,,,
2356,784.369896,14.432125566032381,14.397173639953932,14.574263335983936,14.521769037067019,14.566931663879139,14.547468273640622,14.611890927282339,14.616554977672978,14.605366447388306,14.613493612269508,14.6211843859951,14.546145344408897,14.527048276874929,14.54653084825493,,,,,
2357,784.859304,14.429851897587303,14.394780924827318,14.57207324580315,14.519493892565546,14.5647292047942,14.546690905783247,14.609828260624962,14.614438175019622,14.603220180146947,14.611355644562046,14.619112224072925,14.543998170303682,14.524849491078502,14.544364202379487,,,,,
2358,785.214,14.436097086585626,14.401353101355777,14.578088829256615,14.52574309602227,14.570778807469408,14.548826396558376,14.615493885810386,14.620252467420018,14.609115381875947,14.617228039020995,14.624803858016929,14.54989583060793,14.53088890693987,14.550315327656667,,,,,
2359,785.368896,14.432125566038355,14.397173639958622,14.574263335984336,14.521769037071719,14.566931663879757,14.547468273642961,14.611890927288638,14.616554977673275,14.60536644738881,14.613493612269878,14.621184385999268,14.54614534440954,14.52704827687578,14.54653084826121,,,,,
2360,785.858304,14.429851897585674,14.394780924827504,14.572073245803281,14.519493892566581,14.56472920479212,14.546690905787333,14.609828260623939,14.614438175016552,14.603220180147048,14.61135564456014,14.619112224076009,14.543998170302615,14.524849491080332,14.544364202378901,,,,,
2361,786.213,14.436097086596329,14.401353101355639,14.578088829240286,14.525743096030588,14.570778807477643,14.548826396566552,14.615493885802534,14.620252467411673,14.609115381875908,14.617228039020963,14.624803858032735,14.549895830599803,14.530888906940028,14.550315327648288,,,,,
2362,786.367896,14.432125566032427,14.397173639953982,14.57426333598369,14.521769037067006,14.566931663879332,14.547468273640554,14.611890927282358,14.616554977672967,14.605366447388553,14.613493612269545,14.621184385994763,14.54614534440933,14.52704827687514,14.546530848254616,,,,,
2363,786.857304,14.429851897587337,14.394780924827261,14.572073245803068,14.519493892565556,14.56472920479411,14.546690905783242,14.609828260624983,14.614438175019494,14.603220180146812,14.611355644562284,14.619112224072914,14.543998170303809,14.524849491078418,14.544364202379477,,,,,
2364,787.212,14.436097086585614,14.401353101355765,14.578088829256627,14.525743096022282,14.57077880746946,14.548826396558326,14.615493885810583,14.620252467420029,14.609115381876228,14.617228039021018,14.624803858016799,14.549895830608193,14.530888906939893,14.550315327656522,,,,,
2365,787.366896,14.432125566032196,14.397173639954044,14.574263335983735,14.521769037067168,14.566931663879355,14.547468273640613,14.611890927282138,14.616554977672756,14.605366447388613,14.613493612269687,14.62118438599471,14.546145344408853,14.527048276875306,14.546530848254699,,,,,
2366,787.856304,14.429851897587254,14.394780924827101,14.572073245803224,14.519493892565473,14.564729204794233,14.546690905783237,14.609828260625108,14.614438175019611,14.603220180146767,14.611355644562135,14.619112224073024,14.543998170303771,14.524849491078243,14.544364202379564,,,,,
2367,788.211,14.436097086585582,14.40135310135599,14.578088829256503,14.525743096022351,14.570778807469416,14.548826396558308,14.615493885810478,14.620252467420054,14.609115381876078,14.617228039021011,14.624803858016676,14.549895830607968,14.530888906939836,14.55031532765664,,,,,
2368,788.365896,14.432125566032223,14.397173639954023,14.5742633359839,14.521769037067093,14.566931663879334,14.547468273640721,14.61189092728219,14.616554977672841,14.605366447388688,14.613493612269568,14.621184385994823,14.546145344409151,14.527048276875352,14.546530848254646,,,,,
2369,788.855304,14.429851897587241,14.394780924827229,14.572073245803088,14.519493892565594,14.564729204794116,14.546690905783157,14.609828260624852,14.614438175019705,14.603220180146797,14.611355644562439,14.619112224072737,14.543998170303801,14.524849491078367,14.544364202379773,,,,,
2370,789.21,14.436097086585516,14.401353101355976,14.57808882925666,14.52574309602242,14.570778807469358,14.548826396558411,14.615493885810464,14.620252467419935,14.609115381876059,14.617228039020898,14.624803858016701,14.549895830607912,14.530888906940024,14.550315327656373,,,,,
2371,789.364896,14.432125566038268,14.397173639958432,14.574263335984412,14.521769037071696,14.566931663879817,14.547468273643009,14.611890927288485,14.616554977673458,14.60536644738902,14.613493612269997,14.6211843859992,14.54614534440937,14.527048276875593,14.54653084826165,,,,,
2372,789.854304,14.429851897585923,14.394780924827343,14.572073245803145,14.519493892566606,14.564729204792158,14.546690905787191,14.609828260623981,14.614438175016373,14.603220180147185,14.611355644560238,14.619112224076016,14.543998170302704,14.524849491080232,14.544364202378718,,,,,
2373,790.209,14.436097086596243,14.40135310135598,14.5780888292402,14.525743096030698,14.570778807477636,14.548826396566527,14.615493885802737,14.620252467411648,14.609115381876185,14.617228039020679,14.6248038580329,14.549895830599837,14.530888906940163,14.550315327648452,,,,,
2374,790.363896,14.432125566032205,14.39717363995373,14.57426333598371,14.52176903706708,14.566931663879174,14.547468273640494,14.611890927282309,14.61655497767291,14.605366447388528,14.61349361226935,14.621184385995127,14.546145344409211,14.52704827687512,14.54653084825493,,,,,
2375,790.853304,14.429851897587271,14.394780924827451,14.572073245803224,14.519493892565416,14.564729204794219,14.546690905783159,14.609828260625015,14.614438175019377,14.603220180147026,14.611355644562108,14.61911222407285,14.54399817030355,14.524849491078472,14.544364202379809,,,,,
2376,791.208,14.436097086585628,14.401353101355863,14.578088829256531,14.525743096022303,14.570778807469484,14.548826396558376,14.615493885810539,14.620252467419746,14.609115381875764,14.617228039021127,14.624803858016893,14.549895830608191,14.530888906940204,14.550315327656733,,,,,
2377,791.362896,14.432125566032381,14.397173639954048,14.574263335983787,14.521769037067045,14.566931663879258,14.547468273640538,14.611890927282118,14.616554977672868,14.605366447388347,14.613493612269252,14.621184385994711,14.546145344408952,14.52704827687501,14.546530848254793,,,,,
2378,791.852304,14.429851897587142,14.394780924827138,14.57207324580315,14.51949389256553,14.564729204794341,14.546690905783194,14.609828260625111,14.614438175019348,14.60322018014715,14.611355644562252,14.61911222407277,14.543998170303702,14.524849491078305,14.54436420237978,,,,,
2379,792.207,14.436097086585692,14.401353101355452,14.57808882925645,14.525743096022348,14.570778807469525,14.548826396558528,14.615493885810599,14.62025246742004,14.609115381876117,14.61722803902084,14.62480385801665,14.549895830608156,14.53088890694027,14.550315327656346,,,,,
2380,792.361896,14.43212556603222,14.397173639954007,14.574263335983677,14.521769037066935,14.566931663879174,14.547468273640655,14.611890927282284,14.61655497767312,14.605366447388375,14.613493612269513,14.621184385994912,14.546145344408947,14.527048276874941,14.546530848254557,,,,,
2381,792.851304,14.42985189758729,14.39478092482725,14.572073245803221,14.519493892565555,14.564729204794252,14.54669090578333,14.609828260625072,14.614438175019579,14.60322018014684,14.611355644562158,14.61911222407268,14.543998170303752,14.524849491078573,14.544364202379708,,,,,
2382,793.206,14.43609708658568,14.401353101355845,14.578088829256508,14.525743096022424,14.570778807469422,14.548826396558491,14.615493885810507,14.620252467420023,14.609115381876066,14.617228039020954,14.624803858016943,14.549895830608321,14.53088890694015,14.550315327656463,,,,,
2383,793.360896,14.432125566032147,14.397173639953982,14.574263335983806,14.521769037066992,14.566931663879297,14.547468273640485,14.611890927282252,14.616554977672893,14.605366447388423,14.613493612269187,14.621184385995116,14.546145344408805,14.527048276875206,14.546530848254783,,,,,
2384,793.850304,14.429851897587316,14.394780924827216,14.5720732458031,14.519493892565583,14.564729204794226,14.546690905783153,14.609828260624987,14.61443817501964,14.60322018014691,14.611355644562286,14.61911222407275,14.543998170303572,14.52484949107821,14.544364202379796,,,,,
2385,794.205,14.43609708658559,14.401353101355905,14.578088829256506,14.525743096022454,14.57077880746939,14.548826396558454,14.615493885810535,14.620252467419864,14.60911538187606,14.617228039020732,14.624803858016708,14.549895830607872,14.530888906940017,14.550315327656545,,,,,
2386,794.359896,14.432125566038552,14.397173639958785,14.574263335984286,14.521769037071754,14.566931663879657,14.547468273643206,14.611890927288663,14.616554977673369,14.605366447389201,14.613493612269718,14.621184385999578,14.546145344409359,14.527048276875597,14.546530848261552,,,,,
2387,794.849304,14.429851897585923,14.394780924827304,14.572073245803221,14.519493892566455,14.564729204792048,14.546690905787216,14.60982826062407,14.614438175016193,14.603220180147009,14.611355644560346,14.619112224076078,14.543998170302464,14.524849491080191,14.54436420237872,,,,,
2388,795.204,14.436097086596488,14.401353101356046,14.578088829240315,14.525743096030642,14.570778807477671,14.54882639656654,14.615493885802636,14.620252467412001,14.609115381875812,14.617228039020938,14.624803858032816,14.549895830599894,14.530888906939808,14.550315327648564,,,,,
2389,795.358896,14.432125566032429,14.397173639953776,14.574263335983828,14.52176903706699,14.566931663879187,14.547468273640408,14.611890927282104,14.616554977672806,14.605366447388707,14.613493612269183,14.621184385995084,14.546145344409211,14.527048276875414,14.546530848254708,,,,,
2390,795.848304,14.429851897587286,14.394780924827542,14.572073245803137,14.519493892565608,14.564729204794244,14.546690905783292,14.609828260625003,14.61443817501943,14.603220180147039,14.611355644562368,14.619112224072977,14.543998170303587,14.524849491078198,14.544364202379885,,,,,
2391,796.203,14.436097086585626,14.40135310135598,14.578088829256421,14.525743096022271,14.570778807469472,14.54882639655841,14.615493885810482,14.62025246741994,14.609115381876205,14.617228039020851,14.624803858016547,14.549895830608145,14.530888906939996,14.550315327656627,,,,,
2392,796.357896,14.432125566032209,14.39717363995387,14.574263335983938,14.521769037066932,14.566931663879169,14.5474682736405,14.611890927282149,14.616554977672962,14.60536644738875,14.61349361226936,14.621184385994894,14.546145344408853,14.527048276875247,14.546530848254918,,,,,
2393,796.847304,14.429851897587254,14.394780924827316,14.572073245803312,14.519493892565407,14.564729204794231,14.546690905783274,14.609828260625024,14.614438175019604,14.603220180147119,14.611355644562055,14.619112224073096,14.543998170303523,14.524849491078317,14.544364202379949,,,,,
2394,797.202,14.436097086585642,14.401353101355575,14.578088829256709,14.525743096022277,14.57077880746951,14.548826396558603,14.615493885810496,14.620252467420139,14.609115381875874,14.617228039020983,14.624803858016895,14.549895830608087,14.53088890693993,14.550315327656405,,,,,
2395,797.356896,14.432125566032306,14.397173639953582,14.574263335983833,14.521769037066875,14.566931663879185,14.547468273640476,14.611890927282193,14.616554977672921,14.605366447388555,14.61349361226924,14.62118438599472,14.546145344408846,14.52704827687499,14.54653084825468,,,,,
2396,797.846304,14.429851897587374,14.394780924827213,14.572073245803098,14.519493892565654,14.564729204794094,14.546690905783143,14.609828260624937,14.614438175019371,14.603220180146891,14.61135564456208,14.619112224072932,14.543998170303489,14.524849491078207,14.544364202379574,,,,,
2397,798.201,14.436097086585582,14.401353101355769,14.578088829256691,14.525743096022254,14.570778807469406,14.54882639655855,14.615493885810558,14.620252467420153,14.609115381876032,14.61722803902113,14.62480385801654,14.549895830607863,14.530888906940193,14.550315327656842,,,,,
2398,798.355896,14.432125566032306,14.397173639953756,14.574263335983867,14.521769037066973,14.566931663879298,14.547468273640689,14.611890927282358,14.616554977672685,14.605366447388697,14.613493612269313,14.62118438599494,14.54614534440912,14.527048276875142,14.546530848254989,,,,,
2399,798.845304,14.429851897587183,14.394780924827558,14.572073245803091,14.519493892565514,14.564729204794226,14.546690905783308,14.609828260625036,14.614438175019655,14.60322018014696,14.611355644562199,14.619112224073168,14.543998170303695,14.524849491078331,14.544364202379917,,,,,
2400,799.2,14.436097086585553,14.401353101355655,14.578088829256581,14.525743096022396,14.570778807469564,14.548826396558482,14.615493885810425,14.62025246741987,14.609115381876153,14.617228039020867,14.624803858016975,14.549895830608051,14.530888906939937,14.550315327656522,,,,,
2401,799.354896,14.432125566038364,14.397173639958645,14.574263335984298,14.521769037071719,14.56693166387973,14.547468273643153,14.611890927288712,14.61655497767347,14.605366447389144,14.613493612270098,14.621184385999413,14.546145344409759,14.527048276875766,14.546530848261163,,,,,
2402,799.844304,14.429851897585776,14.394780924827192,14.572073245803107,14.519493892566654,14.564729204792169,14.546690905787116,14.609828260623978,14.614438175016385,14.603220180146929,14.61135564456024,14.619112224075666,14.543998170302736,14.524849491080499,14.544364202378794,,,,,
2403,800.199,14.436097086596403,14.401353101355715,14.578088829240354,14.525743096030798,14.570778807477646,14.548826396566326,14.61549388580263,14.62025246741182,14.609115381876109,14.617228039020855,14.62480385803257,14.54989583059982,14.530888906939895,14.550315327648764,,,,,
2404,800.353896,14.43212556603234,14.397173639953744,14.574263335983789,14.521769037067093,14.566931663879197,14.547468273640646,14.611890927282134,14.61655497767306,14.605366447388436,14.613493612269645,14.62118438599506,14.546145344409199,14.527048276875018,14.546530848254735,,,,,
2405,800.843304,14.42985189758737,14.394780924827488,14.57207324580308,14.519493892565364,14.564729204794256,14.546690905783223,14.609828260625058,14.614438175019451,14.6032201801468,14.611355644562058,14.619112224072845,14.543998170303826,14.524849491078266,14.544364202379866,,,,,
2406,801.198,14.436097086585603,14.401353101355838,14.57808882925652,14.525743096022342,14.57077880746963,14.54882639655845,14.615493885810533,14.620252467419933,14.609115381875936,14.617228039021215,14.62480385801662,14.549895830608259,14.530888906940193,14.550315327656794,,,,,
2407,801.352896,14.432125566032134,14.397173639953655,14.574263335983703,14.521769037067003,14.56693166387916,14.54746827364066,14.61189092728232,14.616554977673056,14.60536644738847,14.613493612269684,14.621184385994768,14.546145344409235,14.527048276875197,14.546530848254626,,,,,
2408,801.842304,14.429851897587092,14.394780924827064,14.572073245803217,14.519493892565555,14.564729204794123,14.546690905783342,14.609828260625187,14.614438175019496,14.603220180147275,14.611355644562018,14.619112224072724,14.543998170303936,14.524849491078497,14.544364202379674,,,,,
2409,802.197,14.436097086585544,14.401353101355564,14.578088829256496,14.525743096022472,14.570778807469404,14.548826396558471,14.61549388581059,14.620252467419977,14.609115381876116,14.617228039020757,14.624803858016827,14.549895830608127,14.530888906939898,14.550315327656495,,,,,
2410,802.351896,14.432125566032347,14.397173639953845,14.57426333598383,14.521769037066958,14.566931663879197,14.54746827364063,14.611890927282214,14.616554977673195,14.60536644738832,14.61349361226948,14.62118438599509,14.546145344409206,14.527048276875316,14.546530848254628,,,,,
2411,802.841304,14.429851897587264,14.394780924827403,14.572073245803251,14.51949389256547,14.564729204794265,14.54669090578311,14.609828260625012,14.6144381750195,14.603220180147009,14.611355644562051,14.619112224073163,14.543998170303782,14.524849491078259,14.544364202379885,,,,,
2412,803.196,14.43609708658552,14.401353101355804,14.578088829256593,14.525743096022499,14.570778807469372,14.548826396558415,14.615493885810514,14.620252467419872,14.609115381876137,14.617228039021157,14.624803858016758,14.549895830608152,14.530888906940282,14.55031532765639,,,,,
2413,803.350896,14.432125566032317,14.39717363995378,14.574263335983694,14.521769037067072,14.566931663879311,14.547468273640526,14.611890927282163,14.616554977673172,14.605366447388583,14.613493612269648,14.621184385995031,14.546145344409128,14.527048276875426,14.546530848254713,,,,,
2414,803.840304,14.429851897587268,14.394780924827241,14.572073245803367,14.519493892565436,14.564729204794213,14.546690905783354,14.609828260625033,14.614438175019638,14.603220180147254,14.611355644561986,14.619112224072975,14.543998170303801,14.52484949107856,14.544364202379954,,,,,
2415,804.195,14.436097086585578,14.401353101355793,14.57808882925653,14.525743096022294,14.570778807469493,14.548826396558386,14.615493885810366,14.620252467419862,14.609115381876194,14.617228039021064,14.624803858017044,14.549895830607982,14.530888906939815,14.55031532765652,,,,,
2416,804.349896,14.43212556603833,14.397173639958382,14.57426333598433,14.521769037071708,14.566931663879718,14.547468273643046,14.611890927288687,14.616554977673244,14.605366447389077,14.613493612269755,14.621184385999184,14.546145344409672,14.52704827687596,14.546530848261472,,,,,
2417,804.839304,14.42985189758575,14.394780924827366,14.572073245803233,14.519493892566532,14.564729204792256,14.546690905787166,14.609828260623996,14.614438175016398,14.603220180146835,14.611355644559952,14.61911222407578,14.543998170302483,14.5248494910804,14.544364202378837,,,,,
2418,805.194,14.436097086596467,14.401353101355792,14.578088829240267,14.525743096030647,14.570778807477643,14.548826396566424,14.615493885802477,14.620252467411618,14.609115381876013,14.617228039020771,14.624803858032909,14.549895830599933,14.530888906939982,14.550315327648732,,,,,
2419,805.348896,14.432125566032306,14.397173639953566,14.574263335983796,14.521769037067017,14.566931663879249,14.547468273640503,14.611890927282127,14.616554977673077,14.605366447388443,14.61349361226946,14.62118438599486,14.546145344409227,14.527048276875213,14.546530848254724,,,,,
2420,805.838304,14.42985189758709,14.394780924827566,14.57207324580308,14.51949389256555,14.564729204794109,14.546690905783269,14.609828260624974,14.614438175019279,14.603220180146998,14.611355644562252,14.619112224072785,14.543998170303668,14.524849491078282,14.54436420237955,,,,,
2421,806.193,14.43609708658559,14.401353101355495,14.578088829256602,14.525743096022307,14.570778807469532,14.548826396558361,14.615493885810443,14.620252467419784,14.60911538187577,14.617228039020874,14.624803858016794,14.549895830607852,14.530888906939895,14.550315327656776,,,,,
2422,806.347896,14.432125566032369,14.397173639953857,14.574263335983817,14.521769037066985,14.566931663879291,14.547468273640552,14.611890927282197,14.616554977673099,14.60536644738866,14.613493612269503,14.621184385995125,14.546145344409094,14.527048276875018,14.546530848254887,,,,,
2423,806.837304,14.429851897587266,14.394780924827137,14.572073245803123,14.519493892565405,14.564729204794231,14.546690905783212,14.609828260625084,14.614438175019588,14.603220180146991,14.611355644562414,14.619112224072847,14.543998170303734,14.52484949107835,14.544364202379619,,,,,
2424,807.192,14.43609708658547,14.401353101355602,14.578088829256606,14.525743096022511,14.570778807469354,14.548826396558564,14.61549388581057,14.62025246741966,14.609115381876077,14.617228039020796,14.624803858016971,14.549895830608046,14.530888906939936,14.550315327656666,,,,,
2425,807.346896,14.432125566032196,14.397173639953994,14.57426333598369,14.521769037067024,14.56693166387921,14.547468273640643,14.611890927282237,14.616554977673054,14.605366447388665,14.613493612269338,14.621184385994736,14.546145344408892,14.527048276874991,14.546530848254797,,,,,
2426,807.836304,14.429851897587081,14.394780924827215,14.572073245803127,14.519493892565642,14.564729204794205,14.546690905783299,14.609828260625017,14.614438175019488,14.603220180146906,14.611355644562163,14.619112224072655,14.54399817030376,14.524849491078642,14.54436420237964,,,,,
2427,808.191,14.436097086585608,14.401353101356033,14.57808882925653,14.525743096022524,14.57077880746937,14.548826396558516,14.615493885810512,14.620252467420098,14.609115381876103,14.617228039020928,14.624803858016918,14.549895830608154,14.530888906940156,14.550315327656481,,,,,
2428,808.345896,14.432125566032207,14.397173639953959,14.574263335983883,14.521769037066958,14.56693166387942,14.547468273640538,14.611890927282179,14.616554977672859,14.605366447388667,14.613493612269458,14.621184385994912,14.546145344408838,14.527048276875098,14.546530848254594,,,,,
2429,808.835304,14.429851897587119,14.39478092482709,14.572073245803075,14.519493892565471,14.564729204794066,14.546690905783274,14.609828260625077,14.614438175019576,14.603220180146797,14.611355644562327,14.619112224072849,14.543998170303652,14.52484949107836,14.544364202379883,,,,,
2430,809.19,14.436097086585619,14.401353101355946,14.578088829256705,14.525743096022419,14.57077880746949,14.548826396558484,14.615493885810475,14.62025246741969,14.609115381875895,14.617228039021049,14.624803858016893,14.549895830607932,14.530888906940188,14.550315327656678,,,,,
2431,809.344896,14.432125566038435,14.397173639958394,14.574263335984226,14.521769037071705,14.566931663879743,14.547468273643046,14.611890927288654,14.616554977673477,14.605366447388963,14.613493612270142,14.621184385999511,14.546145344409572,14.527048276875536,14.546530848261343,,,,,
2432,809.834304,14.42985189758575,14.394780924827394,14.572073245803061,14.519493892566569,14.564729204792156,14.546690905787104,14.609828260623983,14.614438175016192,14.60322018014692,14.611355644560172,14.619112224075916,14.543998170302897,14.52484949108045,14.544364202378913,,,,,
2433,810.189,14.436097086596458,14.4013531013557,14.578088829240267,14.525743096030808,14.570778807477597,14.548826396566538,14.615493885802522,14.620252467411774,14.609115381876165,14.617228039021159,14.624803858032589,14.549895830599956,14.530888906939877,14.550315327648367,,,,,
2434,810.343896,14.432125566032392,14.397173639953705,14.574263335983716,14.521769037067068,14.566931663879187,14.547468273640673,14.611890927282149,14.616554977672912,14.605366447388628,14.613493612269355,14.62118438599494,14.546145344408977,14.527048276875364,14.54653084825461,,,,,
2435,810.833304,14.429851897587262,14.394780924827199,14.572073245803068,14.519493892565455,14.564729204794158,14.546690905783219,14.609828260624925,14.614438175019412,14.603220180146941,14.61135564456203,14.619112224072763,14.5439981703035,14.524849491078632,14.544364202379521,,,,,
2436,811.188,14.4360970865857,14.401353101355467,14.578088829256611,14.525743096022378,14.570778807469388,14.54882639655829,14.615493885810364,14.620252467419895,14.609115381875986,14.617228039021132,14.624803858016605,14.549895830608211,14.530888906940161,14.550315327656383,,,,,
2437,811.342896,14.432125566032145,14.39717363995401,14.574263335983758,14.521769037067148,14.566931663879291,14.547468273640696,14.61189092728223,14.61655497767285,14.605366447388306,14.61349361226949,14.621184385994905,14.546145344409318,14.527048276875371,14.546530848254735,,,,,
2438,811.832304,14.42985189758729,14.394780924827023,14.572073245803239,14.519493892565428,14.564729204794268,14.54669090578325,14.60982826062496,14.614438175019691,14.603220180146904,14.611355644561996,14.619112224072685,14.543998170303814,14.524849491078232,14.544364202379864,,,,,
2439,812.187,14.43609708658557,14.401353101355653,14.578088829256554,14.525743096022545,14.570778807469525,14.54882639655833,14.615493885810428,14.620252467419704,14.609115381875762,14.617228039021178,14.62480385801698,14.549895830607962,14.530888906939873,14.55031532765679,,,,,
2440,812.341896,14.43212556603233,14.39717363995402,14.574263335983785,14.521769037067042,14.566931663879371,14.547468273640476,14.611890927282301,14.616554977672822,14.605366447388356,14.613493612269357,14.621184385995097,14.54614534440925,14.527048276874918,14.546530848254687,,,,,
2441,812.831304,14.429851897587195,14.39478092482748,14.572073245803049,14.519493892565595,14.564729204794299,14.546690905783342,14.609828260624912,14.614438175019258,14.603220180146867,14.611355644562307,14.619112224073175,14.543998170303722,14.524849491078298,14.5443642023794,,,,,
2442,813.186,14.436097086585566,14.401353101355896,14.578088829256686,14.52574309602228,14.570778807469551,14.548826396558594,14.615493885810649,14.620252467419768,14.609115381876038,14.617228039021205,14.624803858017039,14.549895830607818,14.530888906939916,14.550315327656802,,,,,
2443,813.340896,14.432125566038472,14.397173639958845,14.574263335984261,14.52176903707173,14.566931663879705,14.547468273643034,14.611890927288563,14.616554977673186,14.605366447389116,14.61349361226968,14.62118438599925,14.546145344409677,14.527048276875709,14.54653084826141,,,,,
2444,813.830304,14.429851897585774,14.394780924827318,14.572073245803134,14.51949389256663,14.56472920479216,14.546690905787228,14.609828260624123,14.614438175016327,14.603220180147034,14.611355644560376,14.619112224075813,14.543998170302752,14.524849491080513,14.544364202378741,,,,,
2445,814.185,14.436097086596279,14.401353101355664,14.578088829240398,14.5257430960306,14.570778807477595,14.548826396566426,14.615493885802708,14.620252467411936,14.609115381875894,14.617228039020878,14.624803858032793,14.549895830600079,14.530888906939992,14.550315327648653,,,,,
2446,814.339896,14.432125566032319,14.39717363995408,14.57426333598394,14.521769037067042,14.566931663879101,14.547468273640675,14.611890927282301,14.616554977672855,14.60536644738861,14.613493612269473,14.621184385994761,14.546145344409242,14.527048276875089,14.546530848254601,,,,,
2447,814.829304,14.42985189758719,14.394780924827277,14.57207324580327,14.519493892565553,14.564729204794268,14.546690905783226,14.60982826062507,14.614438175019332,14.603220180146932,14.611355644562055,14.619112224072753,14.543998170303512,14.524849491078296,14.544364202379594,,,,,
2448,815.184,14.436097086585749,14.401353101355753,14.57808882925657,14.52574309602243,14.570778807469424,14.548826396558422,14.61549388581038,14.620252467419713,14.609115381875853,14.61722803902102,14.624803858016696,14.549895830608152,14.53088890694019,14.55031532765655,,,,,
2449,815.338896,14.432125566032346,14.39717363995358,14.574263335983705,14.521769037067186,14.566931663879254,14.547468273640431,14.611890927282207,14.616554977672799,14.605366447388693,14.613493612269412,14.621184385994646,14.546145344408828,14.527048276875277,14.546530848255038,,,,,
2450,815.828304,14.429851897587154,14.394780924827554,14.572073245803125,14.51949389256559,14.564729204794231,14.546690905783121,14.609828260624981,14.61443817501958,14.603220180146884,14.61135564456244,14.619112224072783,14.543998170303896,14.52484949107828,14.544364202379937,,,,,
2451,816.183,14.436097086585681,14.401353101355705,14.578088829256567,14.52574309602242,14.570778807469587,14.548826396558285,14.615493885810467,14.62025246741978,14.609115381875977,14.617228039020764,14.624803858016643,14.549895830607772,14.530888906939941,14.55031532765642,,,,,
2452,816.337896,14.43212556603232,14.397173639953667,14.574263335983842,14.521769037067058,14.566931663879307,14.547468273640682,14.611890927282133,14.616554977672816,14.605366447388604,14.613493612269382,14.621184385995047,14.54614534440894,14.527048276875075,14.546530848254722,,,,,
2453,816.827304,14.429851897587252,14.394780924827515,14.57207324580303,14.519493892565519,14.56472920479429,14.546690905783292,14.609828260625024,14.614438175019263,14.603220180147149,14.611355644562295,14.619112224073122,14.543998170303881,14.524849491078399,14.54436420237971,,,,,
2454,817.182,14.436097086585495,14.401353101355605,14.578088829256522,14.525743096022254,14.57077880746943,14.548826396558285,14.615493885810443,14.620252467419727,14.609115381875878,14.617228039020794,14.624803858016811,14.54989583060777,14.530888906940053,14.550315327656532,,,,,
2455,817.336896,14.43212556603227,14.397173639953946,14.574263335983877,14.521769037066985,14.566931663879345,14.547468273640638,14.61189092728207,14.61655497767308,14.605366447388649,14.613493612269686,14.621184385994882,14.546145344408895,14.527048276875137,14.546530848254628,,,,,
2456,817.826304,14.42985189758728,14.394780924827543,14.572073245803168,14.519493892565608,14.56472920479408,14.54669090578329,14.609828260625124,14.614438175019298,14.603220180146806,14.611355644562092,14.619112224072738,14.543998170303734,14.52484949107854,14.544364202379617,,,,,
2457,818.181,14.436097086585454,14.401353101355877,14.578088829256613,14.52574309602227,14.570778807469651,14.548826396558493,14.61549388581056,14.620252467419904,14.60911538187594,14.617228039020821,14.62480385801698,14.5498958306083,14.530888906940366,14.550315327656387,,,,,
2458,818.335896,14.432125566038268,14.397173639958833,14.57426333598436,14.521769037071586,14.566931663879853,14.547468273643188,14.611890927288725,14.616554977673562,14.60536644738879,14.613493612269924,14.621184385999157,14.546145344409553,14.527048276875757,14.546530848261225,,,,,
2459,818.825304,14.429851897585666,14.394780924827256,14.572073245803267,14.519493892566654,14.564729204792243,14.546690905787367,14.609828260623948,14.614438175016286,14.60322018014702,14.611355644560359,14.61911222407607,14.543998170302842,14.524849491080598,14.544364202378476,,,,,
2460,819.18,14.436097086596291,14.401353101355648,14.578088829240372,14.525743096030578,14.570778807477526,14.548826396566641,14.615493885802556,14.620252467412056,14.609115381876151,14.617228039020848,14.624803858032848,14.549895830599855,14.530888906940008,14.550315327648649,,,,,
2461,819.334896,14.432125566032205,14.397173639953895,14.574263335983831,14.52176903706693,14.56693166387916,14.547468273640515,14.611890927282227,14.616554977672783,14.605366447388306,14.61349361226957,14.621184385994924,14.546145344409258,14.527048276875266,14.546530848254548,,,,,
2462,819.824304,14.429851897587065,14.394780924827401,14.572073245803235,14.519493892565347,14.56472920479433,14.546690905783187,14.60982826062514,14.614438175019258,14.60322018014717,14.611355644562192,14.619112224072943,14.543998170303547,14.524849491078658,14.544364202379525,,,,,
2463,820.179,14.436097086585615,14.401353101355745,14.57808882925651,14.525743096022367,14.570778807469447,14.548826396558606,14.615493885810634,14.620252467419785,14.609115381876093,14.617228039020928,14.62480385801696,14.549895830608172,14.530888906940113,14.550315327656733,,,,,
2464,820.333896,14.43212556603238,14.397173639953918,14.574263335983922,14.521769037067074,14.566931663879172,14.547468273640655,14.611890927282085,14.616554977672923,14.605366447388443,14.613493612269382,14.621184385994727,14.546145344409249,14.527048276875087,14.546530848254951,,,,,
2465,820.823304,14.429851897587142,14.39478092482734,14.572073245803198,14.519493892565684,14.564729204794096,14.546690905783285,14.60982826062504,14.614438175019725,14.603220180147149,14.611355644562517,14.619112224073,14.543998170303972,14.524849491078271,14.544364202379876,,,,,
2466,821.178,14.436097086585496,14.401353101355701,14.578088829256677,14.525743096022412,14.570778807469575,14.548826396558308,14.615493885810622,14.620252467419657,14.609115381875892,14.61722803902082,14.624803858016742,14.549895830607888,14.530888906939822,14.550315327656671,,,,,
2467,821.332896,14.432125566032306,14.397173639953731,14.574263335983904,14.521769037067022,14.566931663879199,14.547468273640476,14.61189092728224,14.616554977672868,14.605366447388283,14.613493612269622,14.621184385994725,14.54614534440881,14.527048276875037,14.54653084825493,,,,,
2468,821.822304,14.429851897587069,14.394780924827403,14.57207324580326,14.519493892565553,14.564729204794277,14.54669090578326,14.609828260625079,14.614438175019405,14.603220180147188,14.61135564456251,14.619112224073024,14.54399817030374,14.524849491078124,14.544364202379546,,,,,
2469,822.177,14.436097086585693,14.401353101355502,14.578088829256483,14.525743096022383,14.570778807469516,14.548826396558265,14.615493885810567,14.620252467420016,14.609115381875927,14.61722803902085,14.624803858017039,14.549895830608007,14.53088890693979,14.550315327656714,,,,,
2470,822.331896,14.432125566032132,14.39717363995373,14.57426333598389,14.521769037067155,14.566931663879226,14.547468273640563,14.611890927282285,14.616554977672795,14.605366447388594,14.613493612269275,14.621184385994924,14.546145344408835,14.52704827687521,14.546530848254756,,,,,
2471,822.821304,14.429851897587143,14.394780924827304,14.57207324580325,14.51949389256543,14.564729204794286,14.546690905783235,14.609828260625076,14.614438175019375,14.603220180147051,14.611355644562282,14.61911222407292,14.543998170303784,14.524849491078317,14.544364202379443,,,,,
2472,823.176,14.436097086585491,14.40135310135567,14.578088829256586,14.525743096022468,14.570778807469516,14.548826396558432,14.615493885810567,14.620252467419787,14.60911538187615,14.617228039020851,14.624803858016936,14.549895830607888,14.530888906939904,14.550315327656527,,,,,
2473,823.330896,14.43212556603846,14.397173639958378,14.574263335984297,14.521769037071659,14.566931663879645,14.547468273643025,14.611890927288666,14.616554977673479,14.605366447389208,14.613493612269975,14.62118438599925,14.546145344409421,14.527048276875924,14.546530848261382,,,,,
2474,823.820304,14.429851897585616,14.39478092482732,14.57207324580318,14.519493892566505,14.564729204792123,14.546690905787331,14.609828260623884,14.61443817501625,14.603220180147236,14.611355644560371,14.619112224075847,14.543998170302531,14.524849491080307,14.544364202378658,,,,,
2475,824.175,14.436097086596261,14.401353101356015,14.578088829240409,14.525743096030673,14.57077880747746,14.548826396566335,14.615493885802548,14.62025246741211,14.609115381876117,14.617228039021045,14.624803858032681,14.549895830599867,14.530888906940106,14.550315327648308,,,,,
2476,824.329896,14.432125566032365,14.397173639953857,14.574263335983593,14.52176903706708,14.56693166387915,14.547468273640709,14.611890927282147,14.616554977672932,14.60536644738839,14.61349361226921,14.62118438599496,14.546145344409224,14.527048276874986,14.546530848254589,,,,,
2477,824.819304,14.429851897587262,14.394780924827412,14.572073245803246,14.519493892565533,14.56472920479416,14.546690905783201,14.609828260625125,14.614438175019504,14.603220180147051,14.61135564456209,14.619112224072794,14.543998170303619,14.52484949107816,14.544364202379482,,,,,
2478,825.174,14.436097086585653,14.401353101355769,14.578088829256615,14.52574309602242,14.57077880746963,14.5488263965584,14.615493885810473,14.620252467419995,14.609115381876302,14.617228039020967,14.624803858016756,14.54989583060807,14.530888906939934,14.55031532765651,,,,,
2479,825.328896,14.432125566032148,14.397173639953857,14.574263335983934,14.521769037067159,14.566931663879172,14.547468273640547,14.611890927282161,14.616554977673047,14.605366447388576,14.613493612269636,14.621184385994644,14.546145344408949,14.527048276874975,14.546530848254887,,,,,
2480,825.818304,14.42985189758714,14.394780924827161,14.572073245803123,14.519493892565622,14.564729204794135,14.54669090578315,14.609828260624937,14.614438175019542,14.60322018014676,14.611355644562279,14.619112224073012,14.54399817030342,14.524849491078111,14.544364202379695,,,,,
2481,826.173,14.436097086585583,14.401353101355967,14.578088829256684,14.52574309602235,14.570778807469527,14.548826396558432,14.615493885810597,14.620252467419812,14.609115381876164,14.617228039020727,14.624803858016804,14.549895830607905,14.530888906939756,14.550315327656515,,,,,
2482,826.327896,14.432125566032418,14.397173639953566,14.57426333598378,14.52176903706696,14.566931663879283,14.547468273640538,14.611890927282174,14.61655497767269,14.605366447388462,14.613493612269634,14.621184385994953,14.54614534440907,14.527048276875135,14.546530848254699,,,,,
2483,826.817304,14.429851897587119,14.394780924827362,14.572073245803043,14.51949389256559,14.564729204794217,14.546690905783114,14.609828260625108,14.614438175019723,14.60322018014716,14.611355644562257,14.619112224072879,14.543998170303636,14.524849491078514,14.544364202379715,,,,,
2484,827.172,14.436097086585681,14.401353101355967,14.578088829256583,14.525743096022449,14.57077880746955,14.54882639655841,14.615493885810439,14.620252467419794,14.609115381876208,14.617228039020723,14.624803858016959,14.549895830608152,14.530888906940119,14.550315327656662,,,,,
2485,827.326896,14.432125566032195,14.397173639953655,14.574263335983703,14.521769037067076,14.566931663879128,14.547468273640476,14.61189092728214,14.616554977672829,14.60536644738875,14.613493612269483,14.621184385994697,14.546145344408947,14.527048276875208,14.546530848254735,,,,,
2486,827.816304,14.429851897587083,14.394780924827606,14.572073245803097,14.519493892565565,14.564729204794055,14.54669090578333,14.609828260625045,14.614438175019279,14.603220180146929,14.611355644562478,14.619112224073168,14.543998170303922,14.52484949107816,14.544364202379583,,,,,
2487,828.171,14.436097086585788,14.401353101355939,14.578088829256654,14.525743096022508,14.570778807469429,14.54882639655854,14.615493885810382,14.620252467420087,14.609115381875963,14.617228039021235,14.624803858016802,14.549895830607987,14.530888906939813,14.55031532765646,,,,,
2488,828.325896,14.432125566038405,14.397173639958606,14.574263335984298,14.521769037071842,14.56693166387979,14.547468273642874,14.611890927288602,14.616554977673452,14.605366447389148,14.613493612269883,14.621184385999417,14.54614534440947,14.52704827687561,14.546530848261565,,,,,
2489,828.815304,14.42985189758571,14.394780924827343,14.57207324580334,14.519493892566569,14.564729204792206,14.54669090578725,14.60982826062411,14.614438175016431,14.60322018014684,14.61135564456048,14.619112224076087,14.543998170302931,14.524849491080424,14.544364202378896,,,,,
2490,829.17,14.436097086596254,14.40135310135555,14.578088829240162,14.525743096030725,14.570778807477557,14.548826396566382,14.615493885802703,14.620252467411984,14.609115381875856,14.617228039020752,14.62480385803291,14.549895830599855,14.530888906940177,14.550315327648464,,,,,
2491,829.324896,14.432125566032378,14.39717363995411,14.57426333598383,14.521769037067108,14.566931663879174,14.547468273640622,14.611890927282284,14.61655497767313,14.60536644738833,14.613493612269622,14.62118438599488,14.5461453444091,14.527048276875407,14.546530848254587,,,,,
2492,829.814304,14.42985189758726,14.394780924827614,14.572073245803232,14.519493892565588,14.564729204794148,14.546690905783151,14.609828260624862,14.614438175019249,14.603220180147117,14.611355644562215,14.61911222407288,14.543998170303617,14.52484949107807,14.544364202379613,,,,,
2493,830.169,14.436097086585576,14.401353101355722,14.578088829256707,14.525743096022442,14.57077880746946,14.548826396558468,14.615493885810501,14.62025246741996,14.609115381875782,14.617228039021116,14.624803858017069,14.54989583060801,14.530888906940275,14.550315327656628,,,,,
2494,830.323896,14.432125566032344,14.397173639954083,14.574263335983865,14.521769037067003,14.566931663879245,14.547468273640659,14.611890927282381,14.61655497767296,14.605366447388501,14.613493612269332,14.621184385994853,14.54614534440879,14.527048276875023,14.546530848254907,,,,,
2495,830.813304,14.429851897587202,14.394780924827403,14.572073245803152,14.519493892565503,14.56472920479429,14.546690905783292,14.609828260624976,14.614438175019547,14.603220180146955,14.611355644562428,14.619112224073024,14.543998170303826,14.524849491078562,14.544364202379713,,,,,
2496,831.168,14.436097086585509,14.401353101355893,14.578088829256515,14.525743096022447,14.570778807469402,14.548826396558287,14.615493885810501,14.620252467419881,14.60911538187581,14.617228039021212,14.624803858016728,14.549895830607984,14.530888906939968,14.55031532765653,,,,,
2497,831.322896,14.432125566032235,14.397173639953833,14.57426333598369,14.521769037067159,14.566931663879211,14.547468273640714,14.611890927282115,14.616554977673136,14.605366447388512,14.613493612269236,14.62118438599467,14.546145344409197,14.527048276875192,14.5465308482548,,,,,
2498,831.812304,14.429851897587204,14.394780924827364,14.572073245803214,14.519493892565432,14.564729204794059,14.546690905783121,14.609828260624974,14.614438175019371,14.603220180146941,14.611355644562424,14.619112224073044,14.543998170303636,14.52484949107828,14.544364202379752,,,,,
2499,832.167,14.436097086585471,14.401353101355577,14.578088829256563,14.52574309602229,14.570778807469443,14.548826396558503,14.615493885810599,14.620252467419952,14.60911538187613,14.61722803902084,14.624803858016913,14.549895830608003,14.53088890693988,14.550315327656826,,,,,
2500,832.321896,14.432125566032383,14.397173639953694,14.574263335983874,14.521769037066871,14.56693166387937,14.547468273640476,14.611890927282062,14.616554977672731,14.605366447388356,14.613493612269636,14.621184385994887,14.546145344409249,14.527048276875188,14.546530848254662,,,,,
2501,832.811304,14.429851897587227,14.394780924827156,14.572073245803194,14.51949389256542,14.564729204794151,14.546690905783182,14.609828260625157,14.614438175019524,14.603220180146941,14.61135564456204,14.619112224073179,14.54399817030345,14.524849491078147,14.544364202379827,,,,,
2502,833.166,14.436097086585553,14.401353101355593,14.578088829256501,14.525743096022282,14.570778807469468,14.548826396558516,14.615493885810432,14.620252467419979,14.609115381875943,14.617228039021166,14.624803858016753,14.549895830607985,14.530888906939921,14.550315327656326,,,,,
2503,833.320896,14.432125566038478,14.397173639958446,14.574263335984346,14.52176903707162,14.566931663879632,14.547468273643094,14.61189092728863,14.61655497767351,14.605366447388759,14.613493612270117,14.621184385999419,14.54614534440971,14.527048276875865,14.546530848261405,,,,,
2504,833.810304,14.42985189758581,14.39478092482733,14.572073245803196,14.519493892566654,14.564729204792048,14.546690905787303,14.609828260623924,14.614438175016485,14.603220180146925,14.611355644560229,14.61911222407607,14.543998170302526,14.524849491080412,14.544364202378675,,,,,
2505,834.165,14.436097086596343,14.401353101355577,14.578088829240404,14.52574309603075,14.570778807477524,14.548826396566506,14.615493885802593,14.620252467411913,14.609115381876038,14.617228039020949,14.624803858032616,14.549895830599999,14.530888906939857,14.550315327648667,,,,,
2506,834.319896,14.43212556603218,14.397173639953552,14.574263335983732,14.52176903706699,14.566931663879318,14.547468273640613,14.611890927282099,14.616554977673077,14.605366447388569,14.613493612269618,14.621184385994916,14.546145344408833,14.527048276875297,14.546530848254571,,,,,
2507,834.809304,14.429851897587136,14.394780924827023,14.572073245803251,14.519493892565508,14.564729204794268,14.54669090578314,14.609828260624878,14.61443817501944,14.603220180147138,14.611355644562066,14.6191122240727,14.543998170303949,14.524849491078184,14.544364202379715,,,,,
2508,835.164,14.436097086585626,14.40135310135592,14.578088829256673,14.525743096022294,14.570778807469555,14.548826396558454,14.615493885810437,14.620252467420059,14.60911538187612,14.617228039020823,14.624803858016858,14.549895830607847,14.530888906940286,14.550315327656541,,,,,
2509,835.318896,14.43212556603227,14.397173639953644,14.574263335983813,14.521769037067104,14.566931663879293,14.547468273640607,14.611890927282293,14.616554977672992,14.605366447388741,14.613493612269663,14.621184385994669,14.54614534440919,14.527048276875457,14.546530848254797,,,,,
2510,835.808304,14.429851897587316,14.39478092482711,14.572073245803148,14.519493892565533,14.56472920479406,14.546690905783212,14.609828260624974,14.614438175019217,14.603220180147172,14.611355644562453,14.619112224072758,14.54399817030357,14.52484949107821,14.54436420237978,,,,,
2511,836.163,14.436097086585496,14.401353101355582,14.578088829256549,14.525743096022337,14.570778807469564,14.548826396558514,14.615493885810487,14.620252467420036,14.609115381876247,14.617228039020988,14.624803858016834,14.549895830607772,14.530888906939987,14.55031532765649,,,,,
2512,836.317896,14.432125566032147,14.397173639953808,14.574263335983858,14.521769037067074,14.566931663879396,14.547468273640671,14.611890927282191,14.616554977672994,14.605366447388507,14.61349361226948,14.621184385994848,14.546145344408925,14.52704827687509,14.546530848254925,,,,,
2513,836.807304,14.429851897587094,14.394780924827545,14.572073245803173,14.519493892565606,14.564729204794054,14.546690905783333,14.60982826062503,14.614438175019389,14.603220180147062,14.611355644562028,14.619112224073143,14.543998170303816,14.524849491078477,14.544364202379578,,,,,
2514,837.162,14.43609708658554,14.40135310135583,14.578088829256727,14.525743096022422,14.570778807469443,14.548826396558406,14.615493885810489,14.620252467419611,14.609115381876114,14.617228039020919,14.624803858016634,14.549895830607921,14.530888906940127,14.550315327656616,,,,,
2515,837.316896,14.432125566038511,14.39717363995877,14.574263335984298,14.521769037071588,14.566931663879854,14.547468273643057,14.61189092728858,14.616554977673342,14.605366447388839,14.613493612270014,14.621184385999536,14.546145344409469,14.527048276875805,14.546530848261215,,,,,
2516,837.806304,14.429851897585566,14.394780924827634,14.572073245803244,14.519493892566453,14.564729204792048,14.546690905787324,14.609828260624091,14.614438175016463,14.60322018014708,14.611355644560136,14.61911222407612,14.543998170302654,14.524849491080513,14.544364202378764,,,,,
2517,838.161,14.436097086596426,14.401353101355992,14.578088829240372,14.525743096030505,14.57077880747756,14.548826396566344,14.615493885802598,14.620252467412053,14.60911538187592,14.617228039020706,14.624803858032775,14.54989583059986,14.530888906939987,14.550315327648573,,,,,
2518,838.315896,14.432125566032143,14.39717363995367,14.574263335983701,14.52176903706702,14.566931663879222,14.5474682736407,14.61189092728217,14.616554977672905,14.605366447388533,14.613493612269508,14.62118438599494,14.546145344408872,14.527048276875021,14.546530848254697,,,,,
2519,838.805304,14.429851897587149,14.394780924827476,14.572073245803237,14.519493892565592,14.564729204794281,14.546690905783315,14.609828260624875,14.614438175019682,14.603220180146923,14.611355644562176,14.619112224073017,14.543998170303938,14.524849491078339,14.54436420237965,,,,,
2520,839.16,14.43609708658565,14.401353101355971,14.57808882925651,14.525743096022294,14.570778807469505,14.54882639655841,14.615493885810452,14.620252467419991,14.609115381876139,14.617228039020878,14.624803858016598,14.549895830608039,14.530888906939841,14.550315327656534,,,,,
2521,839.314896,14.432125566032246,14.397173639953872,14.574263335983664,14.521769037067102,14.566931663879304,14.547468273640746,14.611890927282333,14.616554977672935,14.605366447388217,14.613493612269357,14.621184385994786,14.54614534440893,14.527048276875211,14.546530848254685,,,,,
2522,839.804304,14.429851897587216,14.394780924827312,14.57207324580316,14.519493892565574,14.564729204794157,14.546690905783317,14.609828260624957,14.614438175019583,14.60322018014719,14.611355644562353,14.619112224072833,14.543998170303455,14.524849491078546,14.544364202379887,,,,,
2523,840.159,14.436097086585656,14.401353101355555,14.578088829256584,14.52574309602242,14.570778807469368,14.54882639655838,14.615493885810386,14.620252467419911,14.609115381875903,14.617228039020791,14.62480385801681,14.549895830608067,14.530888906940277,14.550315327656655,,,,,
2524,840.313896,14.432125566032148,14.397173639953971,14.574263335983565,14.52176903706696,14.566931663879249,14.54746827364061,14.611890927282175,14.616554977673152,14.605366447388345,14.613493612269354,14.621184385995116,14.546145344409238,14.527048276875309,14.54653084825483,,,,,
2525,840.803304,14.429851897587069,14.394780924827566,14.572073245803322,14.519493892565515,14.56472920479412,14.546690905783246,14.609828260625001,14.61443817501949,14.603220180147066,14.611355644562126,14.619112224072856,14.543998170303889,14.52484949107836,14.544364202379624,,,,,
2526,841.158,14.436097086585631,14.401353101355518,14.578088829256677,14.525743096022353,14.57077880746948,14.54882639655847,14.615493885810428,14.620252467419872,14.609115381876158,14.617228039020985,14.624803858016767,14.549895830608111,14.530888906940161,14.550315327656767,,,,,
2527,841.312896,14.432125566032283,14.397173639953932,14.574263335983717,14.521769037067031,14.566931663879322,14.547468273640584,14.61189092728202,14.61655497767298,14.605366447388544,14.61349361226935,14.621184385994873,14.546145344408973,14.527048276875016,14.546530848254525,,,,,
2528,841.802304,14.429851897587191,14.39478092482709,14.57207324580303,14.51949389256537,14.564729204794078,14.546690905783358,14.609828260624898,14.614438175019588,14.603220180147101,14.611355644562089,14.619112224072678,14.54399817030383,14.524849491078552,14.544364202379551,,,,,
2529,842.157,14.436097086585615,14.40135310135597,14.578088829256679,14.52574309602226,14.57077880746959,14.548826396558374,14.61549388581048,14.620252467420139,14.609115381875949,14.617228039020814,14.624803858016902,14.54989583060774,14.530888906940278,14.550315327656536,,,,,
2530,842.311896,14.43212556603846,14.397173639958645,14.574263335984298,14.52176903707177,14.56693166387962,14.54746827364319,14.611890927288638,14.616554977673443,14.60536644738886,14.613493612269773,14.621184385999195,14.546145344409664,14.527048276875508,14.546530848261213,,,,,
2531,842.801304,14.429851897585664,14.394780924827634,14.572073245803246,14.519493892566617,14.564729204792316,14.546690905787283,14.609828260624056,14.614438175016184,14.603220180146899,14.611355644560431,14.619112224075792,14.543998170302896,14.524849491080401,14.544364202378596,,,,,
2532,843.156,14.436097086596392,14.401353101355951,14.578088829240247,14.52574309603064,14.570778807477547,14.548826396566442,14.615493885802557,14.620252467411827,14.609115381876002,14.617228039021045,14.624803858032744,14.549895830599754,14.530888906940202,14.550315327648727,,,,,
2533,843.310896,14.43212556603229,14.39717363995368,14.574263335983717,14.521769037067001,14.566931663879187,14.547468273640517,14.611890927282202,14.616554977672777,14.605366447388445,14.613493612269655,14.62118438599477,14.546145344408833,14.52704827687519,14.546530848254841,,,,,
2534,843.800304,14.429851897587309,14.394780924827238,14.572073245803256,14.519493892565494,14.564729204794256,14.54669090578315,14.609828260624878,14.614438175019545,14.603220180147021,14.611355644562163,14.619112224072873,14.543998170303608,14.52484949107843,14.544364202379843,,,,,
2535,844.155,14.43609708658559,14.401353101355868,14.578088829256632,14.525743096022458,14.570778807469459,14.548826396558328,14.615493885810475,14.620252467419657,14.609115381875998,14.617228039020684,14.62480385801702,14.549895830607804,14.530888906940286,14.55031532765675,,,,,
2536,844.309896,14.432125566032346,14.397173639953959,14.574263335983877,14.521769037067019,14.566931663879243,14.547468273640625,14.611890927282056,14.616554977673065,14.605366447388331,14.613493612269423,14.621184385994896,14.54614534440908,14.527048276875183,14.546530848254749,,,,,
2537,844.799304,14.429851897587312,14.394780924827353,14.57207324580314,14.519493892565459,14.564729204794316,14.54669090578327,14.609828260625026,14.614438175019382,14.60322018014715,14.611355644562375,14.619112224072783,14.543998170303743,14.524849491078388,14.544364202379645,,,,,
2538,845.154,14.436097086585619,14.401353101355694,14.578088829256737,14.525743096022472,14.570778807469539,14.548826396558491,14.615493885810592,14.620252467419952,14.609115381876187,14.617228039021244,14.624803858016678,14.549895830607966,14.530888906940103,14.550315327656511,,,,,
2539,845.308896,14.432125566032393,14.39717363995383,14.574263335983764,14.521769037067035,14.566931663879283,14.547468273640515,14.61189092728212,14.616554977672777,14.605366447388336,14.613493612269608,14.621184385994761,14.546145344409126,14.527048276875123,14.546530848254665,,,,,
2540,845.798304,14.429851897587152,14.39478092482719,14.572073245803194,14.519493892565455,14.564729204794254,14.5466909057832,14.609828260624969,14.614438175019547,14.603220180146986,14.611355644562067,14.619112224073085,14.543998170303855,14.524849491078585,14.54436420237986,,,,,
2541,846.153,14.436097086585617,14.401353101355717,14.57808882925663,14.525743096022277,14.570778807469576,14.548826396558457,14.6154938858106,14.62025246741979,14.609115381876052,14.617228039020958,14.624803858016609,14.549895830607827,14.530888906939946,14.550315327656836,,,,,
2542,846.307896,14.432125566032383,14.397173639954019,14.574263335983838,14.521769037067097,14.5669316638792,14.547468273640417,14.61189092728218,14.6165549776727,14.605366447388775,14.61349361226972,14.621184385994614,14.546145344409018,14.527048276875172,14.54653084825463,,,,,
2543,846.797304,14.429851897587195,14.394780924827064,14.572073245803209,14.51949389256554,14.564729204794286,14.546690905783354,14.609828260625099,14.614438175019242,14.603220180146954,14.611355644561984,14.619112224072987,14.543998170303578,14.524849491078529,14.544364202379601,,,,,
2544,847.152,14.436097086585576,14.401353101355683,14.578088829256574,14.525743096022445,14.570778807469528,14.54882639655834,14.61549388581035,14.620252467419656,14.60911538187607,14.617228039020933,14.624803858016817,14.54989583060816,14.53088890693986,14.550315327656488,,,,,
2545,847.306896,14.432125566038405,14.397173639958432,14.574263335984297,14.521769037071698,14.5669316638799,14.547468273643025,14.611890927288524,14.616554977673568,14.60536644738899,14.613493612269881,14.621184385999127,14.546145344409604,14.527048276875412,14.546530848261295,,,,,
2546,847.796304,14.429851897585666,14.394780924827355,14.572073245803036,14.519493892566496,14.564729204792147,14.546690905787212,14.609828260624115,14.614438175016563,14.603220180146927,14.611355644560058,14.619112224076057,14.543998170302554,14.524849491080278,14.54436420237889,,,,,
2547,848.151,14.436097086596536,14.401353101355788,14.578088829240228,14.525743096030629,14.570778807477643,14.548826396566493,14.615493885802518,14.620252467411825,14.609115381875766,14.617228039020855,14.624803858032562,14.549895830599974,14.530888906939888,14.550315327648512,,,,,
2548,848.305896,14.43212556603223,14.397173639954008,14.574263335983753,14.521769037067038,14.566931663879124,14.547468273640616,14.611890927282166,14.616554977672939,14.605366447388548,14.613493612269266,14.621184385994669,14.546145344408934,14.527048276875131,14.546530848254747,,,,,
2549,848.795304,14.429851897587103,14.394780924827362,14.572073245803246,14.519493892565567,14.5647292047941,14.546690905783297,14.609828260625145,14.614438175019608,14.60322018014678,14.611355644562343,14.619112224072953,14.543998170303785,14.524849491078404,14.544364202379814,,,,,
2550,849.15,14.43609708658554,14.4013531013556,14.578088829256629,14.525743096022435,14.570778807469619,14.548826396558287,14.615493885810446,14.620252467420105,14.609115381875956,14.617228039021029,14.624803858016932,14.549895830607978,14.530888906939895,14.55031532765633,,,,,
2551,849.304896,14.432125566032393,14.397173639953566,14.574263335983764,14.521769037066923,14.566931663879233,14.547468273640431,14.61189092728229,14.616554977673106,14.605366447388374,14.613493612269524,14.621184385995088,14.546145344409075,14.527048276875016,14.546530848254815,,,,,
2552,849.794304,14.42985189758725,14.394780924827138,14.572073245803221,14.51949389256547,14.56472920479417,14.546690905783354,14.609828260625141,14.614438175019297,14.603220180146947,14.611355644562032,14.61911222407275,14.543998170303546,14.524849491078704,14.544364202379578,,,,,
2553,850.149,14.436097086585557,14.401353101355665,14.578088829256497,14.525743096022316,14.570778807469486,14.548826396558361,14.615493885810595,14.620252467419942,14.609115381876276,14.617228039020814,14.624803858016644,14.5498958306078,14.53088890693986,14.550315327656854,,,,,
2554,850.303896,14.432125566032367,14.397173639953731,14.574263335983913,14.521769037066926,14.566931663879222,14.54746827364061,14.61189092728213,14.61655497767295,14.605366447388503,14.613493612269256,14.621184385994729,14.546145344409245,14.527048276874995,14.54653084825471,,,,,
2555,850.793304,14.429851897587117,14.394780924827087,14.572073245803134,14.51949389256544,14.564729204794231,14.546690905783306,14.60982826062507,14.614438175019313,14.603220180146785,14.611355644562499,14.619112224073001,14.543998170303894,14.524849491078134,14.544364202379745,,,,,
2556,851.148,14.436097086585608,14.401353101355818,14.57808882925663,14.525743096022229,14.570778807469601,14.548826396558347,14.615493885810638,14.620252467419924,14.609115381875867,14.617228039021011,14.624803858017039,14.54989583060778,14.530888906939841,14.55031532765672,,,,,
2557,851.302896,14.432125566032296,14.397173639953829,14.574263335983765,14.521769037067026,14.566931663879101,14.547468273640526,14.611890927282252,14.616554977672985,14.605366447388446,14.613493612269199,14.621184385994635,14.54614534440881,14.527048276875002,14.546530848254552,,,,,
2558,851.792304,14.429851897587293,14.39478092482724,14.572073245803091,14.51949389256563,14.564729204794178,14.546690905783358,14.609828260624877,14.614438175019544,14.603220180147169,14.61135564456245,14.619112224073017,14.543998170303505,14.524849491078049,14.544364202379853,,,,,
2559,852.147,14.436097086585676,14.401353101355568,14.578088829256624,14.525743096022397,14.570778807469434,14.548826396558255,14.615493885810558,14.620252467419977,14.609115381876038,14.617228039021064,14.624803858016536,14.549895830607868,14.53088890694029,14.550315327656431,,,,,
2560,852.301896,14.432125566038522,14.397173639958694,14.574263335984448,14.521769037071758,14.566931663879668,14.54746827364303,14.611890927288643,14.616554977673427,14.605366447388914,14.613493612269746,14.621184385999218,14.546145344409338,14.527048276875913,14.546530848261348,,,,,
2561,852.791304,14.429851897585884,14.394780924827307,14.572073245803278,14.51949389256647,14.56472920479212,14.54669090578715,14.609828260624141,14.614438175016272,14.603220180147176,14.61135564456038,14.619112224076057,14.543998170302459,14.524849491080357,14.544364202378812,,,,,
2562,853.146,14.436097086596465,14.401353101355877,14.578088829240318,14.525743096030784,14.570778807477497,14.548826396566374,14.615493885802582,14.620252467411728,14.609115381875908,14.61722803902106,14.624803858032598,14.549895830599983,14.530888906939978,14.550315327648558,,,,,
2563,853.300896,14.432125566032317,14.397173639953857,14.574263335983794,14.521769037067068,14.566931663879211,14.547468273640542,14.611890927282376,14.616554977673104,14.605366447388876,14.613493612269545,14.621184385994937,14.546145344408934,14.527048276875059,14.546530848254706,,,,,
2564,853.790304,14.429851897587262,14.394780924827351,14.572073245803145,14.519493892565453,14.564729204794123,14.54669090578335,14.609828260624974,14.614438175019451,14.60322018014697,14.611355644562236,14.619112224072731,14.543998170303698,14.524849491078575,14.5443642023797,,,,,
2565,854.145,14.436097086585429,14.401353101355499,14.578088829256624,14.52574309602222,14.57077880746942,14.548826396558274,14.615493885810483,14.620252467420052,14.60911538187585,14.617228039020961,14.624803858016698,14.549895830608133,14.530888906940055,14.550315327656426,,,,,
2566,854.299896,14.432125566032393,14.397173639953794,14.574263335983849,14.521769037066951,14.566931663879195,14.547468273640632,14.611890927282118,14.616554977672639,14.605366447388217,14.613493612269624,14.621184385995063,14.54614534440927,14.527048276875217,14.546530848254562,,,,,
2567,854.789304,14.429851897587069,14.394780924827453,14.572073245803255,14.51949389256548,14.564729204794276,14.546690905783292,14.609828260625122,14.61443817501933,14.60322018014714,14.611355644562273,14.619112224073103,14.543998170303826,14.52484949107818,14.544364202379924,,,,,
2568,855.144,14.436097086585507,14.40135310135573,14.578088829256446,14.525743096022483,14.570778807469445,14.54882639655852,14.615493885810347,14.620252467419888,14.609115381876022,14.617228039020931,14.624803858016524,14.549895830607886,14.53088890694008,14.550315327656401,,,,,
2569,855.298896,14.432125566032308,14.397173639953731,14.57426333598392,14.521769037067017,14.56693166387921,14.547468273640428,14.611890927282229,14.616554977672875,14.605366447388684,14.61349361226944,14.621184385995134,14.546145344409064,14.527048276875002,14.546530848254879,,,,,
2570,855.788304,14.429851897587266,14.394780924827542,14.572073245803093,14.519493892565519,14.564729204794242,14.54669090578326,14.609828260625072,14.614438175019435,14.603220180147177,14.611355644562396,14.619112224072735,14.543998170303837,14.524849491078314,14.544364202379901,,,,,
2571,856.143,14.436097086585532,14.401353101355866,14.578088829256622,14.52574309602228,14.570778807469528,14.548826396558447,14.615493885810618,14.620252467419926,14.609115381875897,14.617228039021152,14.624803858016696,14.54989583060799,14.530888906939852,14.55031532765655,,,,,
2572,856.297896,14.432125566032319,14.39717363995398,14.574263335983797,14.521769037067129,14.566931663879211,14.547468273640613,14.611890927282102,14.616554977672747,14.605366447388592,14.613493612269396,14.621184385994734,14.546145344409318,14.527048276875272,14.546530848254676,,,,,
2573,856.787304,14.429851897587191,14.394780924827332,14.572073245803125,14.519493892565386,14.564729204794201,14.546690905783286,14.609828260624942,14.614438175019627,14.603220180146899,14.611355644562083,14.619112224072966,14.543998170303608,14.52484949107823,14.544364202379906,,,,,
2574,857.142,14.436097086585653,14.401353101355616,14.578088829256624,14.525743096022367,14.570778807469441,14.548826396558564,14.615493885810597,14.620252467419771,14.60911538187625,14.617228039020715,14.62480385801691,14.54989583060801,14.530888906940044,14.550315327656415,,,,,
2575,857.296896,14.432125566038424,14.39717363995857,14.574263335984295,14.521769037071758,14.56693166387984,14.547468273643073,14.611890927288641,14.616554977673227,14.605366447388793,14.61349361226986,14.621184385999472,14.546145344409636,14.527048276875622,14.54653084826119,,,,,
2576,857.786304,14.429851897585896,14.394780924827545,14.572073245803168,14.51949389256656,14.564729204792183,14.54669090578737,14.609828260623905,14.61443817501657,14.603220180147215,14.611355644560154,14.619112224075788,14.543998170302777,14.524849491080523,14.544364202378892,,,,,
2577,858.141,14.43609708659636,14.401353101355676,14.57808882924016,14.525743096030677,14.570778807477765,14.548826396566447,14.615493885802548,14.62025246741167,14.609115381876055,14.617228039020771,14.62480385803259,14.549895830599958,14.530888906940083,14.550315327648308,,,,,
2578,858.295896,14.432125566032344,14.397173639953778,14.574263335983705,14.521769037066829,14.56693166387926,14.547468273640575,14.611890927282143,14.616554977672825,14.605366447388336,14.613493612269412,14.621184385994619,14.546145344409052,14.527048276875343,14.546530848254614,,,,,
2579,858.785304,14.429851897587064,14.394780924827401,14.572073245803079,14.51949389256542,14.56472920479416,14.546690905783091,14.609828260625116,14.614438175019652,14.603220180146955,14.611355644562044,14.619112224073016,14.543998170303874,14.524849491078582,14.544364202379555,,,,,
2580,859.14,14.436097086585479,14.401353101355829,14.57808882925666,14.525743096022282,14.570778807469534,14.548826396558495,14.615493885810535,14.620252467420045,14.609115381876258,14.61722803902115,14.624803858016959,14.549895830607928,14.530888906940142,14.550315327656438,,,,,
2581,859.294896,14.43212556603222,14.397173639953882,14.574263335983883,14.521769037067171,14.566931663879341,14.547468273640721,14.611890927282053,14.61655497767282,14.605366447388723,14.61349361226964,14.621184385994924,14.546145344408968,14.527048276875187,14.5465308482547,,,,,
2582,859.784304,14.429851897587312,14.3947809248271,14.572073245803308,14.519493892565496,14.564729204794123,14.546690905783342,14.60982826062506,14.614438175019588,14.603220180146762,14.611355644562234,14.619112224072968,14.543998170303741,14.524849491078315,14.544364202379745,,,,,
2583,860.139,14.43609708658552,14.40135310135583,14.578088829256643,14.525743096022524,14.57077880746938,14.548826396558272,14.615493885810526,14.620252467419732,14.609115381875908,14.617228039021,14.624803858016667,14.549895830608069,14.530888906940145,14.5503153276564,,,,,
2584,860.293896,14.432125566032282,14.39717363995407,14.574263335983858,14.521769037067026,14.566931663879226,14.547468273640611,14.611890927282296,14.616554977672823,14.605366447388532,14.613493612269252,14.621184385994816,14.54614534440877,14.527048276875325,14.546530848254672,,,,,
2585,860.783304,14.42985189758723,14.394780924827293,14.572073245803002,14.519493892565407,14.564729204794261,14.546690905783345,14.60982826062504,14.614438175019611,14.603220180147035,14.611355644562272,14.619112224072667,14.543998170303531,14.524849491078392,14.54436420237971,,,,,
2586,861.138,14.43609708658559,14.401353101355909,14.578088829256671,14.525743096022422,14.57077880746941,14.54882639655842,14.615493885810528,14.620252467419744,14.609115381875922,14.617228039021079,14.624803858016733,14.549895830608092,14.530888906940177,14.550315327656472,,,,,
2587,861.292896,14.432125566038458,14.397173639958556,14.574263335984234,14.521769037071648,14.566931663879743,14.547468273643032,14.611890927288561,14.616554977673388,14.605366447388835,14.61349361226986,14.62118438599942,14.546145344409753,14.527048276875778,14.546530848261472,,,,,
2588,861.782304,14.429851897585728,14.394780924827156,14.572073245803209,14.519493892566704,14.564729204792256,14.546690905787342,14.60982826062411,14.614438175016204,14.603220180147115,14.61135564456024,14.619112224075646,14.543998170302538,14.524849491080367,14.544364202378699,,,,,
2589,862.137,14.436097086596309,14.401353101355474,14.578088829240345,14.525743096030673,14.570778807477556,14.548826396566541,14.615493885802653,14.620252467411994,14.609115381875771,14.617228039020986,14.624803858032726,14.549895830599782,14.530888906940056,14.550315327648635,,,,,
2590,862.291896,14.432125566032354,14.39717363995362,14.574263335983902,14.52176903706714,14.566931663879295,14.547468273640556,14.611890927282325,14.616554977672905,14.60536644738854,14.61349361226921,14.621184385994898,14.546145344408792,14.52704827687517,14.546530848254704,,,,,
2591,862.781304,14.429851897587284,14.394780924827351,14.572073245803177,14.51949389256552,14.564729204794158,14.546690905783121,14.609828260625079,14.614438175019249,14.603220180147142,14.611355644562035,14.619112224073106,14.543998170303809,14.524849491078472,14.544364202379796,,,,,
2592,863.136,14.436097086585702,14.401353101355628,14.57808882925661,14.525743096022428,14.5707788074694,14.548826396558301,14.615493885810528,14.620252467420103,14.609115381876009,14.617228039021175,14.62480385801679,14.549895830608087,14.530888906940097,14.550315327656737,,,,,
2593,863.290896,14.432125566032148,14.397173639953744,14.574263335983693,14.521769037067013,14.566931663879279,14.547468273640538,14.61189092728216,14.616554977673054,14.605366447388695,14.613493612269693,14.62118438599482,14.546145344409311,14.52704827687517,14.546530848254585,,,,,
2594,863.780304,14.429851897587229,14.39478092482739,14.572073245803256,14.51949389256542,14.56472920479428,14.546690905783358,14.609828260625108,14.614438175019414,14.603220180146957,14.611355644562076,14.619112224073136,14.543998170303619,14.524849491078195,14.544364202379747,,,,,
2595,864.135,14.436097086585495,14.401353101355541,14.578088829256641,14.525743096022362,14.570778807469306,14.548826396558566,14.615493885810583,14.620252467419931,14.609115381876066,14.617228039020862,14.624803858016767,14.549895830607834,14.530888906940143,14.55031532765683,,,,,
2596,864.289896,14.432125566032175,14.397173639954033,14.574263335983833,14.521769037067088,14.566931663879283,14.547468273640503,14.611890927282365,14.616554977672912,14.605366447388457,14.613493612269384,14.62118438599478,14.546145344409235,14.527048276875353,14.546530848254996,,,,,
2597,864.779304,14.429851897587241,14.39478092482715,14.572073245803097,14.519493892565393,14.564729204794109,14.546690905783231,14.609828260624983,14.614438175019519,14.603220180146689,14.611355644562352,14.619112224072728,14.543998170303604,14.524849491078344,14.5443642023798,,,,,
2598,865.134,14.436097086585582,14.401353101355992,14.578088829256627,14.525743096022422,14.570778807469564,14.548826396558404,14.61549388581051,14.620252467419938,14.609115381875823,14.617228039020898,14.62480385801653,14.549895830608031,14.530888906940254,14.550315327656467,,,,,
2599,865.288896,14.432125566032209,14.39717363995388,14.574263335983764,14.521769037066921,14.566931663879188,14.547468273640638,14.611890927282282,14.616554977672964,14.605366447388622,14.613493612269403,14.621184385995072,14.546145344409014,14.527048276875023,14.54653084825502,,,,,
2600,865.778304,14.429851897587106,14.394780924827293,14.572073245803042,14.51949389256549,14.564729204794347,14.546690905783137,14.60982826062502,14.614438175019277,14.603220180147208,14.611355644562398,14.619112224072653,14.54399817030378,14.524849491078182,14.544364202379507,,,,,
2601,866.133,14.436097086585715,14.401353101355706,14.57808882925662,14.525743096022296,14.570778807469548,14.548826396558516,14.61549388581044,14.620252467419846,14.609115381875903,14.617228039020976,14.624803858016588,14.54989583060813,14.53088890694027,14.550315327656765,,,,,
2602,866.287896,14.43212556603856,14.397173639958684,14.574263335984371,14.521769037071817,14.56693166387972,14.547468273643005,14.611890927288563,14.61655497767321,14.605366447389036,14.613493612269858,14.621184385999273,14.546145344409599,14.527048276875817,14.546530848261432,,,,,
2603,866.777304,14.429851897585628,14.394780924827142,14.572073245803061,14.51949389256655,14.564729204792048,14.546690905787367,14.609828260624157,14.614438175016568,14.603220180146858,14.611355644560014,14.619112224075831,14.543998170302517,14.524849491080394,14.544364202378517,,,,,
2604,867.132,14.436097086596396,14.401353101355474,14.578088829240164,14.525743096030775,14.570778807477717,14.548826396566364,14.615493885802543,14.62025246741196,14.609115381876,14.61722803902087,14.624803858032795,14.54989583059997,14.530888906940035,14.550315327648592,,,,,
2605,867.286896,14.432125566032306,14.397173639953857,14.574263335983762,14.52176903706713,14.566931663879345,14.547468273640444,14.611890927282232,14.616554977672825,14.605366447388528,14.613493612269382,14.621184385995008,14.54614534440895,14.527048276875309,14.54653084825491,,,,,
2606,867.776304,14.429851897587174,14.39478092482749,14.572073245803143,14.519493892565377,14.564729204794222,14.546690905783162,14.609828260624997,14.614438175019645,14.60322018014706,14.61135564456209,14.61911222407292,14.54399817030374,14.524849491078173,14.544364202379741,,,,,
2607,868.131,14.43609708658548,14.401353101355978,14.578088829256716,14.525743096022355,14.570778807469582,14.548826396558448,14.615493885810467,14.620252467420224,14.609115381876205,14.617228039020988,14.624803858016866,14.549895830607973,14.53088890694028,14.550315327656394,,,,,
2608,868.285896,14.432125566032147,14.39717363995363,14.574263335983899,14.521769037066935,14.566931663879231,14.547468273640668,14.611890927282353,14.616554977672836,14.60536644738848,14.613493612269483,14.621184385994889,14.546145344408897,14.527048276875036,14.546530848254704,,,,,
2609,868.775304,14.429851897587293,14.39478092482724,14.572073245803262,14.519493892565576,14.564729204794329,14.546690905783292,14.609828260624962,14.61443817501922,14.603220180147085,14.611355644562245,14.619112224072992,14.543998170303517,14.524849491078342,14.544364202379937,,,,,
2610,869.13,14.436097086585644,14.401353101356017,14.578088829256505,14.525743096022309,14.570778807469368,14.548826396558322,14.61549388581041,14.620252467419766,14.609115381875817,14.61722803902092,14.624803858016953,14.54989583060808,14.53088890694014,14.550315327656834,,,,,
2611,869.284896,14.432125566032198,14.39717363995386,14.574263335983881,14.521769037067145,14.566931663879258,14.547468273640655,14.611890927282277,14.616554977673157,14.605366447388374,14.613493612269734,14.621184385995017,14.546145344409181,14.527048276875213,14.5465308482546,,,,,
2612,869.774304,14.429851897587275,14.394780924827568,14.572073245803209,14.51949389256559,14.564729204794057,14.546690905783187,14.609828260625076,14.614438175019727,14.60322018014716,14.611355644562117,14.619112224073032,14.543998170303892,14.524849491078198,14.544364202379764,,,,,
2613,870.129,14.436097086585571,14.401353101355566,14.5780888292567,14.5257430960224,14.570778807469381,14.548826396558493,14.615493885810405,14.620252467420036,14.609115381875892,14.617228039021194,14.62480385801681,14.549895830607854,14.530888906939945,14.55031532765634,,,,,
2614,870.283896,14.432125566032159,14.397173639953907,14.574263335983932,14.521769037067047,14.566931663879332,14.547468273640687,14.611890927282218,14.616554977672958,14.605366447388397,14.613493612269387,14.621184385994786,14.546145344409247,14.527048276875414,14.54653084825504,,,,,
2615,870.773304,14.429851897587218,14.394780924827533,14.572073245803113,14.519493892565631,14.56472920479414,14.546690905783153,14.60982826062504,14.61443817501928,14.603220180146964,14.611355644562186,14.619112224073184,14.54399817030372,14.524849491078648,14.544364202379683,,,,,
2616,871.128,14.436097086585663,14.401353101355829,14.578088829256627,14.52574309602248,14.57077880746954,14.548826396558347,14.615493885810416,14.620252467420064,14.609115381876014,14.617228039021194,14.624803858016701,14.549895830607792,14.530888906940286,14.5503153276568,,,,,
2617,871.282896,14.432125566038485,14.397173639958645,14.574263335984321,14.521769037071792,14.566931663879865,14.547468273643036,14.61189092728856,14.616554977673173,14.605366447388873,14.613493612269906,14.621184385999545,14.546145344409592,14.527048276875922,14.546530848261318,,,,,
2618,871.772304,14.429851897585664,14.394780924827192,14.572073245803269,14.519493892566516,14.564729204792133,14.546690905787283,14.609828260623932,14.614438175016554,14.603220180146968,14.611355644560419,14.619112224075876,14.543998170302627,14.524849491080671,14.544364202378631,,,,,
2619,872.127,14.436097086596556,14.401353101355664,14.578088829240203,14.525743096030673,14.570778807477572,14.548826396566456,14.615493885802659,14.62025246741195,14.609115381876073,14.617228039021215,14.62480385803249,14.549895830599949,14.530888906940081,14.550315327648525,,,,,
2620,872.281896,14.432125566032243,14.397173639953776,14.574263335983876,14.521769037067122,14.566931663879124,14.54746827364055,14.611890927282184,14.616554977673125,14.605366447388494,14.613493612269327,14.621184385994898,14.546145344408833,14.527048276875059,14.546530848254774,,,,,
2621,872.771304,14.429851897587174,14.394780924827176,14.572073245803047,14.51949389256563,14.564729204794173,14.546690905783317,14.60982826062493,14.614438175019707,14.603220180146996,14.61135564456207,14.61911222407289,14.543998170303475,14.52484949107823,14.544364202379816,,,,,
2622,873.126,14.4360970865857,14.401353101355566,14.578088829256503,14.525743096022442,14.570778807469521,14.54882639655845,14.615493885810581,14.620252467419931,14.609115381875874,14.617228039020953,14.624803858016998,14.549895830607694,14.530888906940195,14.55031532765648,,,,,
2623,873.280896,14.432125566032418,14.397173639953742,14.57426333598367,14.521769037067001,14.566931663879268,14.54746827364055,14.611890927282055,14.616554977673031,14.605366447388569,14.613493612269576,14.621184385994736,14.54614534440883,14.527048276875123,14.546530848254942,,,,,
2624,873.770304,14.429851897587127,14.394780924827089,14.572073245803153,14.519493892565572,14.564729204794181,14.546690905783112,14.609828260625164,14.614438175019458,14.603220180147243,14.611355644562462,14.619112224072902,14.543998170303563,14.524849491078156,14.544364202379574,,,,,
2625,874.125,14.436097086585779,14.401353101355527,14.578088829256444,14.525743096022397,14.570778807469514,14.548826396558423,14.615493885810345,14.62025246742014,14.609115381875883,14.617228039021143,14.624803858016534,14.549895830607927,14.530888906940124,14.550315327656827,,,,,
2626,874.279896,14.432125566032283,14.39717363995402,14.574263335983737,14.521769037067129,14.566931663879432,14.5474682736407,14.611890927282094,14.616554977672767,14.60536644738852,14.613493612269638,14.621184385995136,14.546145344408833,14.5270482768751,14.54653084825504,,,,,
2627,874.769304,14.429851897587167,14.39478092482714,14.57207324580314,14.51949389256558,14.564729204794242,14.546690905783176,14.609828260625033,14.614438175019332,14.60322018014719,14.61135564456242,14.619112224072826,14.543998170303547,14.524849491078374,14.54436420237969,,,,,
2628,875.124,14.436097086585496,14.401353101355616,14.57808882925668,14.525743096022381,14.570778807469356,14.548826396558457,14.615493885810466,14.620252467419894,14.609115381876293,14.617228039021137,14.624803858016778,14.549895830607827,14.530888906939982,14.550315327656765,,,,,
2629,875.278896,14.432125566032171,14.397173639953882,14.574263335983959,14.521769037066958,14.566931663879151,14.547468273640687,14.611890927282268,14.616554977673102,14.605366447388606,14.613493612269503,14.621184385994857,14.546145344409222,14.527048276875343,14.546530848254482,,,,,
2630,875.768304,14.42985189758722,14.394780924827304,14.57207324580314,14.519493892565432,14.564729204794089,14.546690905783377,14.609828260625015,14.614438175019659,14.60322018014694,14.611355644562087,14.619112224072998,14.543998170303531,14.524849491078601,14.544364202379466,,,,,
2631,876.123,14.436097086585606,14.40135310135562,14.578088829256716,14.525743096022307,14.570778807469454,14.548826396558399,14.61549388581047,14.620252467419814,14.609115381875919,14.617228039020999,14.62480385801692,14.549895830607865,14.53088890694025,14.550315327656469,,,,,
2632,876.277896,14.432125566038472,14.397173639958607,14.574263335984345,14.521769037071769,14.566931663879766,14.54746827364312,14.611890927288728,14.61655497767347,14.605366447389022,14.613493612269892,14.621184385999207,14.546145344409668,14.52704827687584,14.54653084826143,,,,,
2633,876.767304,14.429851897585737,14.394780924827193,14.572073245803258,14.519493892566445,14.564729204792341,14.546690905787361,14.609828260624017,14.614438175016558,14.60322018014693,14.611355644560504,14.619112224075923,14.543998170302965,14.524849491080378,14.544364202378537,,,,,
2634,877.122,14.436097086596348,14.401353101355472,14.57808882924038,14.525743096030823,14.570778807477717,14.548826396566488,14.615493885802529,14.620252467411651,14.609115381875952,14.61722803902083,14.624803858032774,14.549895830600011,14.530888906940115,14.55031532764841,,,,,
2635,877.276896,14.432125566032392,14.39717363995382,14.57426333598389,14.521769037066878,14.56693166387932,14.547468273640684,14.611890927282154,14.616554977672802,14.605366447388548,14.613493612269682,14.6211843859949,14.546145344408824,14.527048276875288,14.546530848254964,,,,,
2636,877.766304,14.429851897587346,14.39478092482705,14.572073245803198,14.519493892565569,14.56472920479417,14.546690905783164,14.609828260625058,14.614438175019501,14.60322018014716,14.611355644562007,14.61911222407273,14.543998170303878,14.524849491078283,14.544364202379816,,,,,
2637,878.121,14.436097086585665,14.401353101355905,14.578088829256707,14.525743096022406,14.570778807469448,14.548826396558312,14.615493885810457,14.620252467419961,14.609115381875938,14.61722803902078,14.624803858016985,14.549895830607884,14.530888906940303,14.550315327656609,,,,,
2638,878.275896,14.432125566032195,14.397173639953566,14.574263335983701,14.521769037067108,14.566931663879306,14.54746827364054,14.611890927282237,14.616554977672783,14.605366447388285,14.613493612269409,14.621184385994862,14.546145344409053,14.527048276875014,14.546530848254578,,,,,
2639,878.765304,14.429851897587312,14.394780924827451,14.572073245803209,14.51949389256556,14.564729204794046,14.54669090578334,14.60982826062496,14.614438175019261,14.603220180147117,14.611355644562089,14.619112224072833,14.543998170303407,14.524849491078147,14.544364202379585,,,,,
2640,879.12,14.436097086585594,14.401353101355678,14.578088829256455,14.525743096022413,14.570778807469491,14.548826396558411,14.615493885810622,14.62025246741991,14.60911538187623,14.617228039020873,14.624803858016717,14.549895830607994,14.530888906940252,14.550315327656678,,,,,
2641,879.274896,14.432125566032221,14.397173639953833,14.574263335983707,14.521769037067196,14.566931663879174,14.547468273640593,14.61189092728222,14.616554977673022,14.605366447388636,14.61349361226928,14.6211843859949,14.546145344409112,14.527048276875266,14.546530848254893,,,,,
2642,879.764304,14.429851897587204,14.394780924827126,14.572073245803136,14.519493892565578,14.564729204794325,14.546690905783194,14.60982826062489,14.614438175019524,14.603220180146781,14.611355644562115,14.619112224072877,14.543998170303837,14.524849491078436,14.544364202379523,,,,,
2643,880.119,14.436097086585558,14.401353101355971,14.578088829256641,14.52574309602236,14.570778807469503,14.54882639655832,14.61549388581041,14.62025246742008,14.609115381875975,14.61722803902095,14.624803858016888,14.549895830608195,14.530888906940303,14.55031532765656,,,,,
2644,880.273896,14.432125566032381,14.397173639954108,14.574263335983701,14.521769037067001,14.566931663879224,14.54746827364048,14.611890927282214,14.616554977672878,14.605366447388292,14.613493612269219,14.621184385995134,14.54614534440894,14.527048276875046,14.54653084825477,,,,,
2645,880.763304,14.429851897587314,14.394780924827367,14.572073245803072,14.519493892565368,14.564729204794078,14.546690905783125,14.60982826062504,14.614438175019378,14.603220180147236,14.611355644562394,14.619112224072932,14.543998170303864,14.524849491078315,14.544364202379676,,,,,
2646,881.118,14.43609708658559,14.401353101355527,14.578088829256584,14.525743096022358,14.570778807469576,14.548826396558546,14.615493885810587,14.620252467419638,14.609115381875831,14.617228039021091,14.624803858016978,14.549895830608236,14.53088890693993,14.550315327656707,,,,,
2647,881.272896,14.432125566038483,14.397173639958458,14.574263335984282,14.521769037071806,14.56693166387967,14.547468273643034,14.611890927288536,14.616554977673477,14.605366447389192,14.613493612270144,14.62118438599931,14.546145344409588,14.527048276875657,14.546530848261446,,,,,
2648,881.762304,14.429851897585825,14.394780924827103,14.57207324580307,14.519493892566517,14.564729204792034,14.546690905787178,14.609828260623923,14.614438175016646,14.603220180146774,14.611355644560156,14.619112224075867,14.543998170302503,14.524849491080536,14.544364202378828,,,,,
2649,882.117,14.436097086596448,14.40135310135583,14.578088829240343,14.525743096030725,14.570778807477742,14.548826396566565,14.615493885802481,14.620252467411724,14.609115381876185,14.617228039021139,14.624803858032852,14.5498958306,14.530888906939898,14.550315327648528,,,,,
2650,882.271896,14.432125566032315,14.397173639954095,14.574263335983757,14.521769037067171,14.56693166387937,14.547468273640675,14.61189092728218,14.616554977672887,14.60536644738871,14.613493612269604,14.621184385994898,14.546145344408806,14.527048276875055,14.546530848254724,,,,,
2651,882.761304,14.429851897587172,14.394780924827149,14.572073245803104,14.519493892565542,14.564729204794194,14.54669090578321,14.60982826062491,14.614438175019371,14.603220180146895,14.611355644562412,14.619112224072776,14.543998170303553,14.524849491078294,14.54436420237982,,,,,
2652,883.116,14.4360970865857,14.401353101355449,14.578088829256487,14.525743096022369,14.570778807469644,14.548826396558518,14.61549388581058,14.620252467419736,14.609115381876315,14.617228039021093,14.624803858016561,14.54989583060784,14.530888906939904,14.550315327656834,,,,,
2653,883.270896,14.43212556603227,14.397173639954056,14.574263335983888,14.521769037066884,14.566931663879256,14.547468273640503,14.611890927282108,14.616554977672907,14.605366447388485,14.613493612269554,14.6211843859951,14.546145344409284,14.52704827687523,14.546530848254879,,,,,
2654,883.760304,14.429851897587326,14.39478092482725,14.572073245803251,14.519493892565634,14.56472920479428,14.546690905783148,14.60982826062498,14.614438175019252,14.603220180147078,14.611355644562314,14.619112224073012,14.543998170303503,14.524849491078385,14.544364202379478,,,,,
2655,884.115,14.436097086585704,14.401353101356017,14.578088829256565,14.525743096022353,14.570778807469562,14.548826396558328,14.615493885810515,14.620252467419702,14.609115381876128,14.617228039021109,14.624803858016929,14.549895830607893,14.53088890694027,14.55031532765649,,,,,
2656,884.269896,14.432125566032283,14.397173639953833,14.574263335983764,14.521769037067111,14.566931663879284,14.547468273640538,14.611890927282271,14.616554977673102,14.605366447388578,14.61349361226955,14.621184385994995,14.54614534440895,14.527048276875167,14.546530848254712,,,,,
2657,884.759304,14.429851897587152,14.394780924827542,14.572073245803134,14.519493892565409,14.564729204794217,14.54669090578333,14.609828260625068,14.61443817501931,14.603220180147241,14.61135564456221,14.619112224072975,14.543998170303638,14.524849491078378,14.54436420237953,,,,,
2658,885.114,14.436097086585631,14.401353101355513,14.57808882925667,14.525743096022484,14.570778807469578,14.54882639655842,14.615493885810329,14.620252467419986,14.609115381875846,14.617228039021201,14.624803858016994,14.549895830608238,14.530888906940284,14.550315327656401,,,,,
2659,885.268896,14.432125566032132,14.397173639953845,14.574263335983707,14.521769037067159,14.566931663879126,14.54746827364052,14.611890927282072,14.616554977673154,14.605366447388553,14.613493612269394,14.62118438599476,14.546145344409249,14.527048276875107,14.546530848254724,,,,,
2660,885.758304,14.429851897587206,14.39478092482728,14.572073245803184,14.519493892565446,14.564729204794151,14.546690905783116,14.609828260625099,14.614438175019515,14.603220180146856,14.611355644562114,14.619112224072737,14.543998170303958,14.52484949107816,14.544364202379867,,,,,
2661,886.113,14.436097086585516,14.401353101355733,14.578088829256625,14.525743096022282,14.57077880746956,14.548826396558589,14.615493885810487,14.620252467419835,14.609115381875792,14.617228039021104,14.624803858016682,14.549895830607781,14.530888906940092,14.55031532765669,,,,,
2662,886.267896,14.432125566038545,14.39717363995863,14.574263335984217,14.521769037071685,14.566931663879878,14.547468273643128,14.611890927288654,14.61655497767368,14.605366447389105,14.613493612269833,14.621184385999156,14.546145344409767,14.527048276875467,14.546530848261247,,,,,
2663,886.757304,14.429851897585753,14.394780924827115,14.572073245803255,14.51949389256654,14.564729204792156,14.54669090578707,14.609828260623981,14.614438175016172,14.6032201801469,14.611355644560092,14.61911222407609,14.543998170302714,14.524849491080534,14.54436420237877,,,,,
2664,887.112,14.436097086596458,14.401353101355612,14.578088829240224,14.525743096030642,14.570778807477659,14.548826396566414,14.61549388580268,14.620252467411817,14.609115381875961,14.617228039020945,14.6248038580328,14.549895830600148,14.530888906939953,14.550315327648756,,,,,
2665,887.266896,14.432125566032404,14.397173639953827,14.57426333598381,14.521769037067017,14.56693166387921,14.547468273640673,14.61189092728215,14.616554977672752,14.60536644738847,14.61349361226956,14.621184385994873,14.54614534440924,14.527048276875139,14.546530848254774,,,,,
2666,887.756304,14.429851897587337,14.394780924827376,14.572073245803187,14.519493892565455,14.564729204794256,14.546690905783247,14.60982826062508,14.614438175019513,14.603220180146858,14.611355644562236,14.619112224072772,14.54399817030368,14.524849491078252,14.544364202379498,,,,,
2667,888.111,14.436097086585443,14.401353101355843,14.578088829256663,14.525743096022431,14.570778807469594,14.54882639655828,14.615493885810407,14.62025246741978,14.609115381875926,14.617228039020718,14.624803858016895,14.549895830607829,14.530888906940174,14.550315327656659,,,,,
2668,888.265896,14.432125566032171,14.397173639953996,14.57426333598376,14.521769037066987,14.566931663879293,14.5474682736405,14.611890927282198,14.616554977672813,14.605366447388343,14.613493612269584,14.621184385994761,14.546145344409183,14.52704827687516,14.546530848254607,,,,,
2669,888.755304,14.42985189758714,14.394780924827074,14.572073245803137,14.519493892565492,14.564729204794169,14.546690905783175,14.609828260625012,14.61443817501968,14.603220180146804,14.611355644562465,14.619112224073056,14.543998170303565,14.524849491078587,14.54436420237967,,,,,
2670,889.11,14.436097086585642,14.401353101355818,14.578088829256538,14.525743096022312,14.570778807469537,14.548826396558592,14.615493885810583,14.620252467419679,14.609115381876132,14.617228039020862,14.624803858016584,14.549895830607959,14.530888906939868,14.550315327656758,,,,,
2671,889.264896,14.432125566032244,14.39717363995363,14.574263335983911,14.521769037067097,14.566931663879176,14.547468273640513,14.611890927282102,14.616554977672855,14.605366447388311,14.61349361226947,14.621184385994713,14.546145344409181,14.527048276875087,14.546530848254779,,,,,
2672,889.754304,14.429851897587096,14.394780924827291,14.572073245803285,14.519493892565482,14.564729204794299,14.546690905783203,14.609828260625024,14.614438175019638,14.60322018014684,14.611355644562368,14.619112224072925,14.54399817030348,14.524849491078292,14.54436420237991,,,,,
2673,890.109,14.436097086585503,14.401353101355493,14.578088829256691,14.52574309602221,14.570778807469527,14.548826396558455,14.615493885810578,14.620252467420121,14.609115381876018,14.617228039020922,14.624803858016758,14.549895830608127,14.530888906939861,14.550315327656767,,,,,
2674,890.263896,14.432125566038458,14.397173639958494,14.574263335984423,14.521769037071818,14.566931663879657,14.547468273643132,14.61189092728871,14.616554977673506,14.605366447389025,14.61349361226989,14.62118438599936,14.54614534440937,14.527048276875659,14.546530848261618,,,,,
2675,890.753304,14.429851897585765,14.394780924827131,14.572073245803063,14.519493892566443,14.564729204792146,14.546690905787173,14.609828260623882,14.614438175016451,14.603220180147192,14.611355644560346,14.619112224076042,14.543998170302473,14.524849491080694,14.544364202378546,,,,,
2676,891.108,14.436097086596286,14.401353101355877,14.578088829240178,14.52574309603064,14.570778807477717,14.548826396566398,14.615493885802564,14.620252467411717,14.609115381875842,14.617228039020715,14.624803858032742,14.549895830600168,14.530888906940248,14.550315327648356,,,,,
2677,891.262896,14.432125566032207,14.397173639953719,14.574263335983865,14.521769037067079,14.566931663879235,14.547468273640613,14.611890927282058,14.616554977673095,14.60536644738833,14.613493612269417,14.621184385994713,14.546145344409204,14.527048276875387,14.546530848254777,,,,,
2678,891.752304,14.429851897587126,14.394780924827124,14.572073245803047,14.519493892565544,14.5647292047941,14.546690905783143,14.609828260625038,14.614438175019684,14.603220180147003,14.611355644562416,14.619112224073024,14.543998170303581,14.524849491078148,14.544364202379585,,,,,
2679,892.107,14.436097086585601,14.401353101355674,14.578088829256554,14.52574309602248,14.570778807469557,14.54882639655828,14.61549388581054,14.620252467420096,14.609115381876249,14.617228039021164,14.624803858016755,14.549895830608195,14.530888906939852,14.550315327656417,,,,,
2680,892.261896,14.432125566032134,14.397173639953808,14.574263335983945,14.52176903706713,14.566931663879243,14.547468273640451,14.611890927282241,14.616554977672791,14.605366447388487,14.613493612269396,14.621184385994844,14.546145344409059,14.527048276875401,14.546530848255035,,,,,
2681,892.751304,14.429851897587303,14.394780924827337,14.572073245803038,14.519493892565581,14.564729204794219,14.546690905783127,14.609828260625115,14.614438175019693,14.603220180147122,14.611355644562463,14.619112224072655,14.543998170303597,14.524849491078195,14.544364202379803,,,,,
2682,893.106,14.436097086585608,14.40135310135583,14.578088829256723,14.525743096022428,14.570778807469503,14.54882639655855,14.615493885810489,14.620252467419814,14.609115381876016,14.617228039021079,14.624803858016659,14.549895830607834,14.530888906939893,14.550315327656532,,,,,
2683,893.260896,14.432125566032122,14.397173639953653,14.574263335983895,14.521769037067058,14.566931663879162,14.547468273640513,14.611890927282124,14.616554977672655,14.605366447388713,14.613493612269494,14.621184385994674,14.546145344408908,14.527048276875128,14.546530848255014,,,,,
2684,893.750304,14.429851897587302,14.394780924827076,14.572073245803262,14.519493892565613,14.564729204794276,14.546690905783269,14.60982826062506,14.61443817501962,14.603220180147057,14.611355644561934,14.619112224072998,14.54399817030358,14.524849491078287,14.544364202379747,,,,,
2685,894.105,14.436097086585546,14.401353101355676,14.578088829256554,14.5257430960225,14.570778807469479,14.54882639655837,14.615493885810617,14.620252467420014,14.609115381876036,14.617228039020812,14.624803858016678,14.549895830608042,14.530888906939975,14.550315327656842,,,,,
2686,894.259896,14.43212556603227,14.39717363995397,14.57426333598378,14.521769037067111,14.566931663879224,14.54746827364065,14.611890927282147,14.616554977672681,14.605366447388784,14.61349361226924,14.621184385994594,14.546145344408776,14.52704827687538,14.546530848254625,,,,,
2687,894.749304,14.42985189758733,14.394780924827165,14.572073245803127,14.519493892565421,14.564729204794165,14.546690905783162,14.609828260625042,14.614438175019254,14.603220180147071,14.611355644562478,14.619112224072715,14.543998170303983,14.524849491078287,14.544364202379617,,,,,
2688,895.104,14.436097086585603,14.40135310135558,14.578088829256622,14.525743096022408,14.570778807469551,14.548826396558445,14.615493885810347,14.620252467419721,14.609115381876205,14.617228039020988,14.624803858016783,14.54989583060791,14.530888906939913,14.550315327656442,,,,,
2689,895.258896,14.432125566038371,14.397173639958368,14.574263335984414,14.521769037071818,14.566931663879755,14.547468273643226,14.611890927288528,14.616554977673609,14.605366447389258,14.613493612269695,14.621184385999392,14.546145344409807,14.52704827687568,14.546530848261153,,,,,
2690,895.748304,14.42985189758564,14.394780924827092,14.572073245803086,14.519493892566532,14.564729204792316,14.546690905787168,14.609828260623992,14.614438175016211,14.603220180147144,14.611355644560499,14.619112224075899,14.543998170302602,14.524849491080218,14.544364202378787,,,,,
2691,896.103,14.436097086596247,14.401353101355475,14.578088829240247,14.525743096030713,14.570778807477703,14.548826396566568,14.61549388580268,14.62025246741169,14.609115381876244,14.617228039020885,14.624803858032527,14.549895830599906,14.530888906940351,14.550315327648697,,,,,
2692,896.257896,14.43212556603217,14.39717363995377,14.574263335983877,14.521769037067065,14.566931663879197,14.547468273640515,14.61189092728218,14.616554977672905,14.60536644738865,14.613493612269316,14.621184385994738,14.546145344409139,14.527048276875151,14.546530848254857,,,,,
2693,896.747304,14.429851897587298,14.394780924827153,14.572073245803148,14.519493892565482,14.564729204794123,14.546690905783153,14.60982826062511,14.614438175019371,14.603220180147133,14.61135564456241,14.619112224072717,14.543998170303906,14.524849491078355,14.54436420237993,,,,,
2694,897.102,14.436097086585502,14.40135310135582,14.578088829256455,14.525743096022355,14.570778807469413,14.548826396558349,14.615493885810611,14.620252467419972,14.609115381876212,14.617228039020844,14.624803858016781,14.549895830607882,14.530888906940147,14.550315327656595,,,,,
2695,897.256896,14.43212556603217,14.397173639953973,14.574263335983812,14.521769037066987,14.566931663879256,14.547468273640666,14.611890927282236,14.616554977673019,14.60536644738868,14.613493612269696,14.621184385994736,14.546145344408817,14.527048276875357,14.546530848254761,,,,,
2696,897.746304,14.429851897587106,14.394780924827389,14.572073245803246,14.519493892565594,14.564729204794123,14.546690905783246,14.609828260625157,14.61443817501933,14.603220180147117,14.61135564456214,14.619112224072726,14.54399817030377,14.524849491078394,14.544364202379823,,,,,
2697,898.101,14.43609708658562,14.401353101355602,14.578088829256489,14.525743096022362,14.570778807469576,14.548826396558345,14.615493885810556,14.62025246741993,14.609115381876201,14.61722803902106,14.624803858017087,14.549895830608136,14.530888906940202,14.550315327656566,,,,,
2698,898.255896,14.432125566032283,14.397173639953655,14.574263335983824,14.521769037067102,14.566931663879322,14.54746827364063,14.61189092728232,14.616554977672964,14.605366447388443,14.613493612269206,14.621184385994821,14.546145344409062,14.52704827687511,14.54653084825507,,,,,
2699,898.745304,14.429851897587262,14.394780924827339,14.572073245803173,14.519493892565585,14.564729204794206,14.546690905783237,14.609828260625108,14.61443817501965,14.60322018014688,14.611355644562295,14.61911222407298,14.543998170303734,14.52484949107833,14.544364202379574,,,,,
2700,899.1,14.436097086585644,14.401353101355657,14.578088829256485,14.52574309602236,14.57077880746944,14.548826396558404,14.615493885810425,14.620252467419787,14.609115381875831,14.617228039020906,14.624803858016863,14.549895830607738,14.530888906940238,14.550315327656786,,,,,
2701,899.254896,14.432125566032331,14.397173639954007,14.574263335983737,14.521769037067118,14.566931663879238,14.547468273640538,14.611890927282321,14.616554977673065,14.605366447388331,14.613493612269435,14.621184385994763,14.546145344408883,14.527048276875318,14.546530848254548,,,,,
2702,899.744304,14.429851897587342,14.39478092482752,14.572073245803258,14.519493892565654,14.564729204794261,14.546690905783127,14.609828260625076,14.614438175019732,14.603220180146835,14.611355644562453,14.619112224073074,14.543998170303777,14.524849491078477,14.544364202379498,,,,,
2703,900.099,14.43609708658559,14.401353101355756,14.578088829256702,14.525743096022392,14.570778807469457,14.548826396558495,14.615493885810583,14.620252467419846,14.6091153818758,14.617228039021109,14.624803858016664,14.549895830608191,14.530888906939799,14.550315327656445,,,,,
2704,900.253896,14.432125566038481,14.39717363995842,14.574263335984249,14.521769037071731,14.566931663879705,14.547468273643034,14.61189092728869,14.616554977673296,14.605366447388983,14.613493612269975,14.621184385999133,14.54614534440966,14.527048276875584,14.546530848261343,,,,,
2705,900.743304,14.429851897585664,14.394780924827371,14.572073245803036,14.519493892566679,14.564729204792291,14.546690905787216,14.609828260624075,14.614438175016568,14.603220180147172,14.611355644559952,14.619112224075645,14.54399817030276,14.524849491080612,14.544364202378587,,,,,
2706,901.098,14.436097086596371,14.401353101355706,14.578088829240354,14.5257430960308,14.570778807477584,14.54882639656654,14.615493885802628,14.620252467411857,14.609115381875965,14.617228039021123,14.624803858032488,14.549895830599912,14.530888906939998,14.550315327648297,,,,,
2707,901.252896,14.432125566032255,14.397173639953794,14.57426333598367,14.521769037067026,14.566931663879124,14.547468273640579,14.611890927282213,14.616554977673093,14.6053664473883,14.613493612269504,14.621184385994662,14.546145344408984,14.527048276875405,14.54653084825464,,,,,
2708,901.742304,14.429851897587186,14.39478092482736,14.572073245803079,14.519493892565656,14.564729204794121,14.546690905783308,14.609828260624907,14.614438175019249,14.603220180147272,14.611355644562451,14.619112224073042,14.54399817030364,14.524849491078571,14.544364202379683,,,,,
2709,902.097,14.436097086585578,14.401353101355713,14.578088829256469,14.525743096022518,14.570778807469605,14.548826396558393,14.615493885810512,14.620252467419865,14.609115381876238,14.617228039020963,14.62480385801668,14.549895830608172,14.530888906940131,14.55031532765674,,,,,
2710,902.251896,14.43212556603222,14.39717363995383,14.574263335983805,14.52176903706715,14.566931663879183,14.547468273640549,14.611890927282285,14.616554977673177,14.605366447388578,14.613493612269332,14.621184385994962,14.546145344409165,14.527048276875103,14.546530848254681,,,,,
2711,902.741304,14.429851897587264,14.394780924827364,14.572073245803152,14.519493892565567,14.564729204794121,14.546690905783285,14.609828260625086,14.61443817501931,14.603220180146794,14.611355644562392,14.619112224072785,14.543998170303617,14.524849491078449,14.544364202379958,,,,,
2712,903.096,14.436097086585521,14.401353101355475,14.5780888292566,14.525743096022277,14.570778807469427,14.548826396558448,14.615493885810503,14.620252467419945,14.609115381876233,14.617228039021088,14.624803858016717,14.54989583060802,14.530888906939971,14.550315327656474,,,,,
2713,903.250896,14.432125566032235,14.397173639953856,14.574263335983787,14.521769037067061,14.566931663879357,14.54746827364055,14.611890927282126,14.616554977672767,14.605366447388622,14.613493612269492,14.62118438599498,14.54614534440902,14.527048276875133,14.546530848254584,,,,,
2714,903.740304,14.429851897587252,14.394780924827314,14.572073245803312,14.51949389256558,14.564729204794242,14.546690905783235,14.609828260624926,14.614438175019295,14.603220180146774,14.611355644562213,14.619112224072767,14.543998170303698,14.524849491078525,14.544364202379533,,,,,
2715,904.095,14.436097086585606,14.401353101355413,14.578088829256556,14.525743096022397,14.570778807469527,14.548826396558525,14.615493885810514,14.620252467420046,14.60911538187617,14.617228039020812,14.624803858016744,14.549895830607673,14.530888906939946,14.550315327656497,,,,,
2716,904.249896,14.432125566032292,14.397173639953984,14.574263335983886,14.521769037067079,14.566931663879261,14.547468273640453,14.611890927282266,14.61655497767302,14.605366447388725,14.613493612269412,14.621184385994695,14.546145344409016,14.527048276875195,14.546530848254935,,,,,
2717,904.739304,14.429851897587282,14.394780924827304,14.572073245803095,14.51949389256545,14.564729204794212,14.546690905783137,14.609828260625132,14.61443817501944,14.6032201801471,14.61135564456219,14.619112224072882,14.543998170303912,14.524849491078257,14.544364202379857,,,,,
2718,905.094,14.436097086585544,14.401353101355953,14.578088829256464,14.525743096022342,14.570778807469296,14.548826396558399,14.615493885810528,14.620252467419995,14.609115381876048,14.617228039021201,14.624803858016792,14.549895830607754,14.530888906940293,14.550315327656657,,,,,
2719,905.248896,14.43212556603852,14.397173639958798,14.574263335984282,14.521769037071634,14.566931663879767,14.547468273643105,14.611890927288485,14.616554977673486,14.605366447388766,14.613493612270007,14.62118438599949,14.546145344409458,14.527048276875584,14.546530848261488,,,,,
2720,905.738304,14.429851897585703,14.394780924827229,14.572073245803265,14.51949389256669,14.564729204792194,14.546690905787116,14.60982826062406,14.614438175016415,14.6032201801472,14.611355644560417,14.619112224075948,14.543998170302702,14.524849491080671,14.544364202378734,,,,,
2721,906.093,14.43609708659631,14.40135310135554,14.578088829240306,14.525743096030723,14.570778807477742,14.54882639656658,14.615493885802419,14.620252467411929,14.609115381876176,14.617228039021047,14.624803858032877,14.549895830599983,14.530888906940193,14.550315327648402,,,,,
2722,906.247896,14.432125566032207,14.397173639953792,14.57426333598369,14.521769037066882,14.566931663879284,14.547468273640693,14.611890927282166,14.616554977672994,14.605366447388535,14.613493612269597,14.621184385994956,14.546145344409283,14.527048276875334,14.546530848254852,,,,,
2723,906.737304,14.42985189758721,14.394780924827302,14.572073245803114,14.519493892565526,14.564729204794343,14.546690905783157,14.609828260624965,14.614438175019462,14.603220180146854,14.611355644562288,14.61911222407266,14.543998170303807,14.5248494910785,14.544364202379505,,,,,
2724,907.092,14.436097086585578,14.40135310135558,14.578088829256703,14.525743096022444,14.570778807469583,14.548826396558542,14.615493885810565,14.62025246741979,14.609115381876139,14.617228039020992,14.624803858016666,14.549895830608035,14.530888906940204,14.55031532765649,,,,,
2725,907.246896,14.432125566032159,14.397173639954058,14.574263335983813,14.521769037067148,14.566931663879329,14.54746827364063,14.611890927282062,14.616554977672655,14.605366447388322,14.613493612269265,14.621184385995075,14.54614534440897,14.527048276875353,14.546530848254882,,,,,
2726,907.736304,14.429851897587266,14.39478092482729,14.572073245803061,14.519493892565615,14.564729204794341,14.546690905783304,14.60982826062504,14.614438175019565,14.60322018014694,14.6113556445621,14.61911222407279,14.543998170303727,14.524849491078436,14.544364202379777,,,,,
2727,908.091,14.43609708658557,14.401353101355706,14.578088829256549,14.525743096022335,14.570778807469429,14.548826396558438,14.615493885810494,14.620252467419633,14.609115381875782,14.61722803902106,14.624803858016659,14.549895830607822,14.530888906940099,14.5503153276566,,,,,
2728,908.245896,14.432125566032195,14.397173639954083,14.5742633359838,14.521769037066992,14.566931663879247,14.5474682736407,14.611890927282024,14.616554977672877,14.605366447388409,14.613493612269389,14.621184385995015,14.546145344409126,14.527048276875135,14.546530848254678,,,,,
2729,908.735304,14.429851897587254,14.394780924827465,14.572073245803367,14.519493892565517,14.564729204794169,14.546690905783274,14.609828260625006,14.614438175019634,14.603220180146927,14.611355644562465,14.619112224073122,14.543998170303887,14.524849491078232,14.544364202379912,,,,,
2730,909.09,14.436097086585509,14.40135310135545,14.578088829256629,14.525743096022246,14.570778807469612,14.548826396558393,14.615493885810487,14.62025246741973,14.609115381876087,14.617228039020818,14.624803858016682,14.549895830607706,14.530888906940174,14.550315327656666,,,,,
2731,909.244896,14.432125566032209,14.397173639953945,14.574263335983886,14.521769037067056,14.56693166387931,14.547468273640632,14.61189092728225,14.616554977672926,14.605366447388416,14.613493612269382,14.621184385994836,14.546145344408975,14.527048276875101,14.54653084825476,,,,,
2732,909.734304,14.429851897587305,14.394780924827632,14.572073245803159,14.519493892565482,14.564729204794215,14.546690905783127,14.609828260624955,14.614438175019663,14.60322018014694,14.611355644561932,14.6191122240729,14.543998170303706,14.52484949107812,14.544364202379631,,,,,
2733,910.089,14.436097086585516,14.401353101355934,14.578088829256645,14.525743096022406,14.570778807469516,14.54882639655837,14.615493885810485,14.620252467419968,14.609115381876052,14.617228039020803,14.624803858016994,14.549895830607849,14.53088890693995,14.550315327656804,,,,,
2734,910.243896,14.432125566038557,14.39717363995842,14.57426333598426,14.52176903707174,14.566931663879668,14.547468273643261,14.611890927288686,14.616554977673427,14.605366447388935,14.613493612270108,14.621184385999538,14.546145344409709,14.527048276875645,14.546530848261584,,,,,
2735,910.733304,14.429851897585737,14.394780924827167,14.572073245803038,14.519493892566592,14.564729204792208,14.54669090578732,14.609828260624074,14.61443817501658,14.60322018014707,14.611355644560058,14.619112224075986,14.543998170302611,14.524849491080381,14.544364202378627,,,,,
2736,911.088,14.436097086596469,14.401353101355502,14.578088829240269,14.525743096030562,14.570778807477815,14.548826396566577,14.615493885802609,14.62025246741206,14.609115381875938,14.617228039020993,14.624803858032699,14.549895830600104,14.530888906939863,14.550315327648358,,,,,
2737,911.242896,14.432125566032292,14.397173639954046,14.574263335983833,14.52176903706719,14.566931663879112,14.547468273640686,14.611890927282227,14.616554977672816,14.605366447388691,14.613493612269712,14.621184385994892,14.546145344409233,14.527048276874918,14.546530848254735,,,,,
2738,911.732304,14.429851897587161,14.394780924827566,14.57207324580314,14.519493892565555,14.564729204794231,14.546690905783139,14.609828260625067,14.614438175019592,14.60322018014678,14.611355644562108,14.61911222407309,14.543998170303555,14.524849491078651,14.544364202379683,,,,,
2739,912.087,14.436097086585615,14.40135310135565,14.57808882925673,14.525743096022367,14.570778807469557,14.548826396558495,14.615493885810416,14.620252467419686,14.609115381875924,14.617228039020873,14.624803858016687,14.54989583060823,14.530888906939905,14.550315327656584,,,,,
2740,912.241896,14.432125566032331,14.397173639953882,14.574263335983828,14.521769037067125,14.566931663879368,14.5474682736407,14.611890927282294,14.616554977673086,14.60536644738873,14.613493612269409,14.621184385995116,14.546145344409037,14.527048276874945,14.54653084825483,,,,,
2741,912.731304,14.429851897587339,14.394780924827378,14.572073245803216,14.519493892565396,14.564729204794109,14.54669090578315,14.609828260625044,14.614438175019696,14.603220180147101,14.611355644562323,14.619112224072957,14.543998170303883,14.524849491078381,14.544364202379883,,,,,
2742,913.086,14.436097086585482,14.401353101355829,14.578088829256618,14.525743096022389,14.570778807469525,14.548826396558358,14.61549388581057,14.620252467419785,14.609115381876046,14.61722803902105,14.624803858016751,14.549895830608197,14.53088890694015,14.550315327656719,,,,,
2743,913.240896,14.432125566032344,14.39717363995398,14.574263335983812,14.521769037066997,14.566931663879323,14.547468273640721,14.611890927282317,14.616554977672868,14.605366447388436,14.613493612269345,14.621184385995006,14.546145344409029,14.527048276875295,14.546530848255001,,,,,
2744,913.730304,14.429851897587195,14.394780924827382,14.572073245803228,14.519493892565508,14.564729204794213,14.546690905783123,14.609828260625125,14.614438175019568,14.603220180147238,14.611355644561979,14.619112224072992,14.543998170303514,14.524849491078516,14.54436420237945,,,,,
2745,914.085,14.436097086585713,14.401353101355944,14.578088829256659,14.525743096022445,14.570778807469395,14.548826396558459,14.615493885810515,14.620252467419943,14.609115381875814,14.617228039021022,14.624803858016751,14.549895830607806,14.53088890694011,14.55031532765637,,,,,
2746,914.239896,14.432125566038447,14.397173639958405,14.57426333598437,14.521769037071648,14.566931663879693,14.547468273643117,14.611890927288561,14.616554977673266,14.605366447389013,14.61349361227001,14.621184385999547,14.546145344409389,14.527048276875895,14.54653084826148,,,,,
2747,914.729304,14.429851897585666,14.394780924827382,14.572073245803141,14.519493892566507,14.564729204792267,14.546690905787287,14.60982826062408,14.614438175016671,14.603220180146955,14.611355644560154,14.619112224075783,14.543998170302748,14.524849491080355,14.544364202378853,,,,,
2748,915.084,14.436097086596261,14.401353101355939,14.578088829240274,14.525743096030787,14.570778807477694,14.548826396566481,14.615493885802506,14.620252467412117,14.609115381876096,14.617228039020805,14.624803858032642,14.549895830599914,14.53088890693994,14.550315327648375,,,,,
2749,915.238896,14.432125566032157,14.397173639953932,14.574263335983812,14.521769037067207,14.5669316638791,14.547468273640575,14.611890927282277,14.616554977672742,14.60536644738867,14.613493612269536,14.62118438599477,14.546145344409219,14.527048276874948,14.546530848255026,,,,,
2750,915.728304,14.4298518975871,14.394780924827074,14.572073245803246,14.519493892565476,14.564729204794196,14.546690905783151,14.609828260625056,14.614438175019274,14.603220180147169,14.611355644562442,14.619112224073158,14.543998170303924,14.524849491078223,14.544364202379507,,,,,
2751,916.083,14.436097086585665,14.401353101355737,14.578088829256629,14.525743096022515,14.570778807469582,14.548826396558372,14.615493885810658,14.620252467420052,14.60911538187602,14.617228039021033,14.624803858016799,14.549895830607952,14.530888906940001,14.550315327656724,,,,,
2752,916.237896,14.432125566032257,14.397173639953945,14.574263335983717,14.521769037067113,14.566931663879206,14.547468273640588,14.61189092728224,14.616554977673177,14.605366447388603,14.613493612269489,14.621184385994823,14.54614534440894,14.527048276875432,14.546530848254525,,,,,
2753,916.727304,14.429851897587143,14.394780924827565,14.572073245802981,14.51949389256553,14.564729204794256,14.546690905783267,14.609828260625036,14.614438175019812,14.60322018014699,14.611355644562378,14.61911222407274,14.543998170303912,14.524849491078257,14.544364202379802,,,,,
2754,917.082,14.43609708658558,14.401353101355943,14.578088829256517,14.525743096022385,14.57077880746951,14.548826396558455,14.615493885810597,14.620252467419702,14.609115381876137,14.617228039021084,14.62480385801669,14.549895830607843,14.530888906940044,14.550315327656833,,,,,
2755,917.236896,14.432125566032292,14.397173639953895,14.574263335983726,14.521769037067079,14.566931663879236,14.547468273640588,14.611890927282193,14.616554977672767,14.605366447388525,14.613493612269302,14.621184385994727,14.546145344409215,14.527048276875247,14.546530848254573,,,,,
2756,917.726304,14.429851897587154,14.3947809248273,14.572073245803125,14.519493892565453,14.564729204794315,14.546690905783255,14.609828260625104,14.614438175019426,14.60322018014674,14.611355644562149,14.6191122240729,14.543998170303546,14.524849491078207,14.5443642023796,,,,,
2757,918.081,14.436097086585619,14.401353101355916,14.578088829256513,14.525743096022515,14.570778807469638,14.54882639655856,14.615493885810533,14.620252467420107,14.609115381875789,14.617228039021281,14.624803858016728,14.54989583060825,14.530888906940204,14.550315327656461,,,,,
2758,918.235896,14.432125566032294,14.39717363995367,14.57426333598374,14.521769037067145,14.566931663879334,14.547468273640606,14.61189092728214,14.61655497767307,14.605366447388596,14.613493612269528,14.621184385994836,14.546145344409021,14.527048276875124,14.546530848254708,,,,,
2759,918.725304,14.429851897587154,14.394780924827216,14.572073245803125,14.51949389256546,14.564729204794066,14.546690905783377,14.609828260624948,14.61443817501957,14.603220180147208,14.611355644562396,14.619112224072753,14.543998170303704,14.524849491078283,14.54436420237943,,,,,
2760,919.08,14.436097086585564,14.401353101355516,14.578088829256647,14.525743096022369,14.570778807469429,14.548826396558589,14.615493885810379,14.620252467420087,14.60911538187602,14.61722803902087,14.624803858016952,14.54989583060815,14.530888906940069,14.55031532765658,,,,,
2761,919.234896,14.4321255660384,14.397173639958773,14.57426333598432,14.521769037071753,14.566931663879682,14.547468273642936,14.611890927288659,14.61655497767368,14.605366447389006,14.613493612270192,14.62118438599937,14.546145344409638,14.527048276875622,14.5465308482614,,,,,
2762,919.724304,14.429851897585749,14.394780924827394,14.572073245803061,14.519493892566482,14.564729204792023,14.5466909057872,14.60982826062396,14.61443817501643,14.603220180147108,14.611355644560241,14.61911222407591,14.543998170302638,14.524849491080648,14.544364202378611,,,,,
2763,920.079,14.43609708659628,14.401353101355589,14.578088829240158,14.525743096030736,14.570778807477643,14.54882639656647,14.615493885802527,14.620252467411792,14.609115381876164,14.617228039020722,14.624803858032791,14.54989583060006,14.530888906940154,14.5503153276483,,,,,
2764,920.233896,14.432125566032168,14.39717363995387,14.574263335983789,14.521769037067108,14.566931663879076,14.547468273640465,14.611890927282184,14.616554977672687,14.605366447388272,14.613493612269526,14.621184385994678,14.546145344409089,14.527048276875078,14.546530848255085,,,,,
2765,920.723304,14.42985189758725,14.394780924827225,14.572073245803136,14.519493892565537,14.564729204794343,14.546690905783212,14.609828260624884,14.614438175019462,14.603220180146796,14.6113556445625,14.619112224072802,14.543998170303801,14.524849491078172,14.544364202379509,,,,,
2766,921.078,14.436097086585763,14.401353101355998,14.578088829256728,14.52574309602222,14.570778807469434,14.548826396558413,14.61549388581053,14.620252467419927,14.609115381875947,14.617228039021088,14.624803858016701,14.549895830607882,14.5308889069398,14.550315327656735,,,,,
2767,921.232896,14.432125566032221,14.397173639953769,14.574263335983813,14.521769037066996,14.566931663879293,14.547468273640428,14.61189092728222,14.61655497767274,14.605366447388452,14.613493612269313,14.621184385994678,14.546145344408824,14.527048276875126,14.54653084825468,,,,,
2768,921.722304,14.429851897587065,14.394780924827225,14.572073245803033,14.519493892565517,14.564729204794277,14.546690905783182,14.609828260624989,14.61443817501938,14.603220180146948,14.611355644562133,14.619112224073069,14.543998170303562,14.524849491078376,14.544364202379926,,,,,
2769,922.077,14.436097086585681,14.401353101355854,14.57808882925662,14.525743096022323,14.570778807469425,14.54882639655857,14.615493885810496,14.62025246741994,14.60911538187596,14.617228039020837,14.624803858016836,14.549895830607783,14.53088890694002,14.550315327656811,,,,,
2770,922.231896,14.43212556603221,14.397173639953618,14.574263335983861,14.521769037067028,14.5669316638791,14.547468273640453,14.611890927282198,14.616554977672825,14.605366447388619,14.613493612269556,14.62118438599487,14.546145344409238,14.527048276875401,14.54653084825484,,,,,
2771,922.721304,14.429851897587314,14.394780924827213,14.572073245803319,14.519493892565437,14.564729204794157,14.546690905783304,14.609828260624992,14.614438175019485,14.603220180146815,14.611355644562037,14.619112224072806,14.543998170303897,14.524849491078454,14.54436420237983,,,,,
2772,923.076,14.436097086585669,14.401353101355554,14.578088829256549,14.525743096022408,14.570778807469493,14.548826396558528,14.615493885810356,14.62025246742009,14.609115381876062,14.617228039020874,14.624803858017065,14.549895830607948,14.530888906940167,14.55031532765657,,,,,
2773,923.230896,14.432125566032331,14.397173639954058,14.574263335983758,14.521769037067049,14.566931663879323,14.547468273640577,14.611890927282078,14.616554977672687,14.60536644738847,14.613493612269538,14.62118438599466,14.546145344408831,14.527048276874925,14.54653084825478,,,,,
2774,923.720304,14.429851897587183,14.394780924827508,14.572073245803317,14.519493892565585,14.564729204794164,14.546690905783247,14.609828260625013,14.614438175019599,14.603220180146806,14.611355644562067,14.619112224072738,14.543998170303901,14.52484949107816,14.544364202379862,,,,,
2775,924.075,14.436097086585617,14.40135310135582,14.578088829256494,14.525743096022422,14.570778807469637,14.54882639655849,14.615493885810487,14.6202524674199,14.609115381876158,14.617228039020905,14.624803858016826,14.549895830608198,14.53088890694017,14.550315327656719,,,,,
2776,924.229896,14.432125566038547,14.397173639958558,14.574263335984245,14.521769037071708,14.566931663879682,14.547468273642936,14.611890927288554,14.61655497767368,14.605366447388878,14.613493612270227,14.62118438599931,14.54614534440955,14.527048276875547,14.546530848261302,,,,,
2777,924.719304,14.429851897585822,14.394780924827558,14.572073245803113,14.519493892566496,14.564729204792036,14.54669090578718,14.609828260624013,14.614438175016579,14.603220180147156,14.611355644560156,14.619112224075975,14.543998170302572,14.524849491080465,14.544364202378782,,,,,
2778,925.074,14.436097086596378,14.401353101355562,14.578088829240222,14.525743096030618,14.57077880747779,14.548826396566424,14.615493885802627,14.620252467411628,14.609115381875883,14.617228039021047,14.62480385803275,14.549895830599844,14.53088890694012,14.5503153276487,,,,,
2779,925.228896,14.432125566032317,14.39717363995373,14.57426333598395,14.521769037067203,14.5669316638791,14.547468273640646,14.611890927282047,14.616554977672894,14.605366447388555,14.613493612269389,14.621184385994981,14.546145344409041,14.52704827687523,14.546530848254962,,,,,
2780,925.718304,14.429851897587252,14.39478092482724,14.57207324580317,14.519493892565594,14.564729204794073,14.546690905783189,14.609828260625033,14.614438175019208,14.603220180147222,14.611355644562298,14.619112224072847,14.543998170303654,14.524849491078601,14.544364202379445,,,,,
2781,926.073,14.436097086585526,14.401353101355793,14.578088829256533,14.52574309602232,14.570778807469388,14.548826396558397,14.615493885810425,14.620252467420013,14.609115381875828,14.61722803902117,14.62480385801678,14.54989583060785,14.530888906939943,14.550315327656707,,,,,
2782,926.227896,14.432125566032193,14.39717363995373,14.574263335983675,14.521769037067008,14.566931663879268,14.547468273640575,14.611890927282328,14.616554977672855,14.605366447388784,14.613493612269528,14.621184385994717,14.546145344409013,14.527048276874995,14.546530848254791,,,,,
2783,926.717304,14.429851897587202,14.394780924827252,14.572073245803194,14.519493892565446,14.564729204794123,14.546690905783127,14.609828260625184,14.6144381750193,14.603220180147026,14.61135564456216,14.61911222407273,14.543998170303702,14.524849491078523,14.544364202379926,,,,,
2784,927.072,14.436097086585567,14.401353101355525,14.578088829256494,14.525743096022266,14.570778807469537,14.548826396558347,14.615493885810583,14.62025246742004,14.60911538187581,14.617228039020976,14.624803858016652,14.549895830608117,14.53088890694019,14.550315327656874,,,,,
2785,927.226896,14.432125566032292,14.397173639953605,14.574263335983916,14.521769037066994,14.566931663879334,14.547468273640668,14.611890927282225,14.61655497767309,14.605366447388553,14.613493612269336,14.621184385994727,14.546145344408869,14.527048276875004,14.546530848254525,,,,,
2786,927.716304,14.42985189758718,14.394780924827137,14.572073245803177,14.519493892565505,14.564729204794327,14.54669090578326,14.609828260624989,14.61443817501955,14.60322018014709,14.611355644562513,14.61911222407294,14.54399817030376,14.524849491078573,14.544364202379546,,,,,
2787,928.071,14.43609708658568,14.40135310135574,14.578088829256629,14.525743096022516,14.57077880746948,14.548826396558322,14.61549388581051,14.620252467419968,14.609115381876185,14.617228039020917,14.624803858016703,14.549895830608042,14.530888906940199,14.550315327656508,,,,,
2788,928.225896,14.432125566032283,14.397173639953756,14.574263335983668,14.521769037067083,14.566931663879213,14.54746827364052,14.61189092728209,14.616554977673104,14.605366447388734,14.613493612269217,14.621184385994612,14.546145344409009,14.527048276875027,14.546530848254697,,,,,
2789,928.715304,14.429851897587127,14.394780924827279,14.572073245802985,14.519493892565546,14.56472920479419,14.546690905783262,14.609828260625036,14.614438175019679,14.60322018014707,14.611355644562257,14.619112224072957,14.543998170303558,14.524849491078674,14.544364202379594,,,,,
2790,929.07,14.436097086585555,14.401353101355737,14.578088829256501,14.525743096022307,14.570778807469468,14.548826396558376,14.615493885810329,14.620252467419787,14.60911538187615,14.617228039020933,14.624803858016625,14.54989583060767,14.530888906940048,14.550315327656701,,,,,
2791,929.224896,14.432125566038422,14.397173639958847,14.574263335984217,14.521769037071799,14.56693166387967,14.547468273643007,14.61189092728868,14.616554977673436,14.605366447389176,14.613493612270082,14.621184385999543,14.546145344409661,14.527048276875874,14.546530848261353,,,,,
2792,929.714304,14.429851897585738,14.394780924827103,14.572073245803182,14.51949389256653,14.564729204792181,14.54669090578731,14.609828260623951,14.614438175016405,14.603220180147149,14.611355644560193,14.61911222407572,14.543998170302897,14.524849491080413,14.544364202378443,,,,,
2793,930.069,14.436097086596469,14.401353101355877,14.578088829240421,14.52574309603063,14.570778807477803,14.548826396566374,14.615493885802557,14.620252467411916,14.609115381876094,14.617228039020777,14.62480385803275,14.549895830599798,14.530888906939984,14.55031532764866,,,,,
2794,930.223896,14.432125566032305,14.397173639954122,14.574263335983742,14.521769037067186,14.56693166387932,14.5474682736406,14.611890927282122,14.616554977672745,14.605366447388402,14.613493612269682,14.621184385995015,14.546145344408986,14.52704827687534,14.546530848254976,,,,,
2795,930.713304,14.42985189758715,14.394780924827488,14.572073245803164,14.51949389256542,14.564729204794268,14.546690905783226,14.609828260624909,14.614438175019373,14.603220180146863,14.611355644562334,14.619112224072719,14.543998170303885,14.524849491078342,14.544364202379654,,,,,
2796,931.068,14.436097086585518,14.401353101356005,14.578088829256671,14.525743096022492,14.570778807469523,14.548826396558383,14.615493885810537,14.620252467420055,14.609115381876101,14.617228039021148,14.624803858016664,14.549895830608222,14.53088890694006,14.550315327656499,,,,,
2797,931.222896,14.432125566032246,14.39717363995387,14.57426333598379,14.521769037066901,14.566931663879219,14.5474682736406,14.611890927282301,14.61655497767285,14.605366447388517,14.613493612269346,14.62118438599473,14.546145344409297,14.527048276875002,14.546530848254863,,,,,
2798,931.712304,14.42985189758729,14.394780924827643,14.572073245803079,14.519493892565544,14.564729204794157,14.546690905783281,14.609828260625036,14.61443817501974,14.603220180146868,14.611355644562057,14.619112224072914,14.543998170303764,14.524849491078657,14.544364202379581,,,,,
2799,932.067,14.436097086585482,14.401353101355504,14.578088829256561,14.52574309602235,14.570778807469406,14.548826396558459,14.615493885810587,14.620252467420086,14.609115381875819,14.617228039020873,14.624803858016582,14.549895830608113,14.530888906940085,14.550315327656488,,,,,
2800,932.221896,14.432125566032296,14.397173639953884,14.574263335983712,14.521769037067022,14.566931663879162,14.547468273640607,14.611890927282168,14.616554977673077,14.605366447388509,14.613493612269382,14.621184385994871,14.54614534440911,14.527048276874902,14.546530848254964,,,,,
2801,932.711304,14.429851897587106,14.394780924827149,14.572073245803184,14.519493892565444,14.56472920479423,14.54669090578328,14.60982826062508,14.614438175019199,14.603220180146765,14.6113556445622,14.619112224072898,14.543998170303896,14.524849491078221,14.54436420237955,,,,,
2802,933.066,14.436097086585546,14.401353101355895,14.578088829256554,14.525743096022483,14.570778807469356,14.548826396558423,14.615493885810496,14.620252467419796,14.609115381875847,14.61722803902103,14.624803858016676,14.549895830608246,14.530888906940229,14.550315327656625,,,,,
2803,933.220896,14.432125566032308,14.397173639953857,14.574263335983774,14.521769037067006,14.566931663879224,14.547468273640549,14.611890927282358,14.616554977672722,14.605366447388558,14.613493612269577,14.621184385994857,14.546145344409263,14.52704827687501,14.546530848254545,,,,,
2804,933.710304,14.429851897587206,14.394780924827545,14.572073245803162,14.519493892565386,14.564729204794274,14.546690905783285,14.609828260625013,14.614438175019705,14.60322018014704,14.611355644562309,14.61911222407297,14.543998170303428,14.524849491078195,14.544364202379676,,,,,
2805,934.065,14.436097086585653,14.401353101355944,14.57808882925672,14.52574309602228,14.570778807469408,14.548826396558415,14.615493885810539,14.620252467419663,14.609115381875815,14.617228039021164,14.624803858016962,14.549895830608158,14.530888906939953,14.550315327656651,,,,,
2806,934.219896,14.43212556603851,14.39717363995877,14.574263335984345,14.521769037071845,14.56693166387961,14.547468273643261,14.61189092728864,14.616554977673333,14.605366447388846,14.613493612270112,14.621184385999173,14.546145344409407,14.527048276875682,14.546530848261572,,,,,
2807,934.709304,14.429851897585863,14.394780924827357,14.572073245803242,14.519493892566592,14.564729204792147,14.546690905787225,14.60982826062398,14.614438175016671,14.603220180146891,14.611355644560383,14.619112224076142,14.543998170302693,14.524849491080294,14.5443642023789,,,,,
2808,935.064,14.436097086596444,14.40135310135574,14.578088829240162,14.525743096030652,14.570778807477545,14.54882639656654,14.615493885802643,14.620252467411811,14.609115381875883,14.617228039021114,14.62480385803285,14.549895830599937,14.53088890693983,14.550315327648425,,,,,
2809,935.218896,14.432125566032319,14.397173639954104,14.574263335983625,14.521769037066926,14.566931663879162,14.547468273640675,14.611890927282166,14.616554977672855,14.60536644738851,14.61349361226964,14.621184385994718,14.546145344409135,14.527048276875021,14.546530848254951,,,,,
2810,935.708304,14.42985189758705,14.394780924827264,14.572073245803047,14.519493892565542,14.564729204794306,14.54669090578321,14.609828260624855,14.614438175019274,14.60322018014696,14.611355644562023,14.619112224072737,14.543998170303695,14.524849491078703,14.54436420237953,,,,,
2811,936.063,14.436097086585592,14.401353101355829,14.578088829256567,14.525743096022246,14.57077880746952,14.548826396558473,14.615493885810421,14.620252467419819,14.609115381876101,14.617228039021136,14.624803858016948,14.549895830607966,14.53088890694011,14.55031532765637,,,,,
2812,936.217896,14.432125566032159,14.397173639953921,14.574263335983847,14.521769037067022,14.566931663879231,14.547468273640717,14.611890927282154,14.616554977672875,14.6053664473885,14.613493612269309,14.621184385994894,14.54614534440903,14.527048276875183,14.546530848254646,,,,,
2813,936.707304,14.429851897587142,14.394780924827415,14.572073245803123,14.51949389256544,14.564729204794173,14.546690905783255,14.609828260624983,14.614438175019716,14.603220180146987,14.611355644562076,14.619112224072905,14.543998170303531,14.524849491078426,14.54436420237985,,,,,
2814,937.062,14.436097086585693,14.401353101355529,14.578088829256462,14.52574309602234,14.57077880746949,14.548826396558253,14.6154938858105,14.620252467419698,14.609115381876153,14.617228039020857,14.624803858016897,14.549895830608158,14.530888906939873,14.550315327656685,,,,,
2815,937.216896,14.432125566032157,14.39717363995373,14.574263335983565,14.521769037066997,14.56693166387914,14.547468273640558,14.611890927282202,14.61655497767288,14.60536644738875,14.613493612269407,14.62118438599471,14.546145344408774,14.527048276875014,14.546530848254818,,,,,
2816,937.706304,14.429851897587143,14.39478092482718,14.572073245803171,14.519493892565494,14.564729204794165,14.54669090578325,14.609828260625171,14.61443817501961,14.603220180147115,14.611355644561971,14.619112224072676,14.543998170303793,14.524849491078344,14.544364202379962,,,,,
2817,938.061,14.436097086585702,14.401353101355957,14.578088829256568,14.525743096022506,14.570778807469614,14.548826396558301,14.61549388581039,14.620252467420086,14.609115381875954,14.617228039020986,14.624803858016792,14.549895830607763,14.530888906940024,14.550315327656318,,,,,
2818,938.215896,14.432125566038307,14.397173639958558,14.574263335984275,14.521769037071747,14.566931663879645,14.547468273643085,14.611890927288576,14.616554977673522,14.605366447389137,14.613493612270027,14.621184385999184,14.546145344409327,14.527048276875567,14.546530848261613,,,,,
2819,938.705304,14.42985189758571,14.394780924827506,14.572073245803267,14.519493892566604,14.564729204792085,14.546690905787166,14.60982826062408,14.614438175016225,14.603220180146804,14.611355644560104,14.619112224075872,14.543998170302864,14.524849491080305,14.544364202378468,,,,,
2820,939.06,14.436097086596515,14.40135310135589,14.578088829240372,14.525743096030762,14.570778807477597,14.548826396566563,14.61549388580248,14.620252467412026,14.609115381876018,14.617228039020809,14.624803858032925,14.549895830600013,14.530888906940067,14.550315327648448,,,,,
2821,939.214896,14.432125566032168,14.397173639954033,14.574263335983753,14.521769037066939,14.566931663879297,14.547468273640474,14.611890927282287,14.616554977673106,14.605366447388453,14.613493612269403,14.621184385995143,14.546145344409227,14.527048276875128,14.546530848254847,,,,,
2822,939.704304,14.429851897587236,14.39478092482715,14.572073245803152,14.519493892565421,14.564729204794293,14.546690905783233,14.609828260625108,14.614438175019307,14.603220180146836,14.611355644562286,14.61911222407312,14.543998170303931,14.524849491078353,14.544364202379485,,,,,
2823,940.059,14.4360970865857,14.401353101355541,14.578088829256558,14.525743096022318,14.57077880746941,14.548826396558374,14.615493885810421,14.620252467419688,14.60911538187605,14.617228039020766,14.624803858016707,14.549895830608053,14.530888906939905,14.550315327656755,,,,,
2824,940.213896,14.432125566032369,14.397173639953781,14.574263335983833,14.52176903706695,14.566931663879123,14.547468273640563,14.611890927282069,14.616554977673026,14.605366447388747,14.613493612269338,14.621184385995031,14.54614534440899,14.527048276875194,14.546530848254585,,,,,
2825,940.703304,14.429851897587254,14.394780924827302,14.572073245803146,14.519493892565396,14.564729204794157,14.546690905783256,14.609828260625097,14.614438175019574,14.603220180146899,14.611355644562304,14.619112224072806,14.543998170303595,14.524849491078147,14.544364202379583,,,,,
2826,941.058,14.436097086585619,14.401353101355788,14.578088829256515,14.525743096022426,14.570778807469624,14.548826396558493,14.615493885810347,14.620252467420105,14.609115381876004,14.61722803902124,14.6248038580168,14.549895830607701,14.530888906939913,14.550315327656659,,,,,
2827,941.212896,14.432125566032196,14.397173639953921,14.574263335983716,14.521769037067198,14.566931663879258,14.547468273640515,14.611890927282204,14.616554977672768,14.605366447388631,14.613493612269604,14.621184385994788,14.54614534440898,14.52704827687511,14.546530848254767,,,,,
2828,941.702304,14.429851897587278,14.394780924827502,14.572073245803214,14.519493892565462,14.564729204794315,14.546690905783224,14.609828260625097,14.614438175019565,14.603220180147195,14.611355644562257,14.61911222407309,14.543998170303874,14.52484949107815,14.54436420237983,,,,,
2829,942.057,14.436097086585571,14.401353101355882,14.578088829256739,14.525743096022198,14.570778807469516,14.548826396558306,14.615493885810626,14.620252467419762,14.609115381875743,14.617228039020844,14.624803858016955,14.549895830607872,14.530888906940282,14.550315327656426,,,,,
2830,942.211896,14.432125566032209,14.397173639954046,14.574263335983822,14.521769037067143,14.566931663879311,14.54746827364048,14.611890927282268,14.616554977672882,14.60536644738835,14.613493612269506,14.621184385994761,14.546145344409037,14.527048276875364,14.546530848254696,,,,,
2831,942.701304,14.429851897587266,14.394780924827254,14.5720732458031,14.519493892565496,14.564729204794093,14.546690905783219,14.60982826062508,14.614438175019567,14.603220180146929,14.611355644562424,14.619112224073008,14.54399817030364,14.524849491078427,14.544364202379727,,,,,
2832,943.056,14.436097086585518,14.401353101355616,14.578088829256416,14.525743096022431,14.570778807469562,14.548826396558459,14.615493885810478,14.620252467420139,14.609115381876018,14.61722803902115,14.624803858016575,14.549895830608067,14.5308889069401,14.550315327656502,,,,,
2833,943.210896,14.432125566038467,14.397173639958396,14.574263335984334,14.521769037071783,14.566931663879854,14.547468273643164,14.611890927288579,14.616554977673589,14.605366447389189,14.613493612269863,14.621184385999461,14.546145344409508,14.527048276875387,14.5465308482612,,,,,
2834,943.700304,14.42985189758575,14.394780924827291,14.57207324580319,14.519493892566409,14.564729204792293,14.546690905787203,14.609828260624035,14.614438175016526,14.603220180146913,14.611355644560309,14.619112224075916,14.543998170302398,14.524849491080461,14.544364202378933,,,,,
2835,944.055,14.436097086596341,14.401353101355856,14.578088829240412,14.525743096030627,14.570778807477753,14.548826396566557,14.615493885802527,14.620252467411984,14.609115381875844,14.617228039021013,14.624803858032656,14.549895830599839,14.53088890694007,14.550315327648747,,,,,
2836,944.209896,14.432125566032417,14.39717363995397,14.574263335983776,14.521769037066989,14.566931663879245,14.547468273640662,14.611890927282188,14.616554977673093,14.605366447388565,14.613493612269261,14.621184385995031,14.546145344409142,14.527048276875169,14.54653084825461,,,,,
2837,944.699304,14.429851897587076,14.394780924827591,14.572073245803187,14.51949389256547,14.564729204794086,14.546690905783246,14.609828260625115,14.614438175019249,14.603220180147094,14.61135564456216,14.619112224072794,14.54399817030342,14.524849491078283,14.54436420237954,,,,,
2838,945.054,14.43609708658565,14.401353101355632,14.57808882925649,14.525743096022405,14.570778807469578,14.548826396558448,14.615493885810485,14.62025246741982,14.609115381875986,14.61722803902102,14.624803858016927,14.549895830607971,14.53088890694033,14.550315327656484,,,,,
2839,945.208896,14.432125566032171,14.397173639954048,14.574263335983932,14.521769037066953,14.566931663879243,14.547468273640643,14.611890927282282,14.616554977672818,14.605366447388425,14.613493612269455,14.621184385994821,14.54614534440904,14.527048276875169,14.546530848254733,,,,,
2840,945.698304,14.429851897587191,14.394780924827465,14.572073245803189,14.51949389256553,14.564729204794169,14.546690905783285,14.609828260625054,14.614438175019485,14.603220180147211,14.611355644562199,14.619112224072772,14.543998170303945,14.524849491078454,14.544364202379574,,,,,
2841,946.053,14.436097086585521,14.401353101355744,14.578088829256687,14.525743096022362,14.570778807469306,14.548826396558407,14.61549388581055,14.620252467419947,14.60911538187597,14.61722803902107,14.624803858016593,14.549895830607895,14.530888906939888,14.550315327656428,,,,,
2842,946.207896,14.432125566032244,14.397173639954019,14.574263335983849,14.521769037067182,14.56693166387937,14.547468273640613,14.611890927282127,14.616554977672909,14.605366447388679,14.613493612269654,14.621184385994889,14.546145344409165,14.527048276875025,14.546530848254779,,,,,
2843,946.697304,14.429851897587143,14.39478092482753,14.572073245803324,14.519493892565617,14.564729204794327,14.546690905783247,14.609828260625074,14.614438175019332,14.603220180146797,14.61135564456219,14.619112224073,14.543998170303682,14.52484949107833,14.544364202379793,,,,,
2844,947.052,14.43609708658578,14.401353101356007,14.578088829256567,14.525743096022284,14.570778807469434,14.548826396558388,14.615493885810336,14.620252467420135,14.609115381875894,14.617228039021056,14.624803858016861,14.549895830608262,14.530888906940215,14.550315327656564,,,,,
2845,947.206896,14.432125566032381,14.397173639953593,14.574263335983828,14.521769037067097,14.566931663879284,14.547468273640558,14.611890927282209,14.616554977672816,14.605366447388285,14.613493612269268,14.621184385994987,14.54614534440883,14.52704827687535,14.546530848254761,,,,,
2846,947.696304,14.429851897587195,14.394780924827458,14.572073245803278,14.51949389256551,14.564729204794178,14.546690905783159,14.609828260625136,14.614438175019453,14.603220180146746,14.611355644562016,14.619112224072685,14.543998170303642,14.524849491078601,14.544364202379533,,,,,
2847,948.051,14.436097086585605,14.401353101355882,14.57808882925649,14.525743096022541,14.570778807469551,14.548826396558605,14.615493885810448,14.620252467419757,14.609115381876018,14.617228039021281,14.624803858016927,14.549895830608195,14.530888906940103,14.550315327656362,,,,,
2848,948.205896,14.432125566038513,14.397173639958645,14.574263335984309,14.521769037071635,14.566931663879732,14.547468273643025,14.61189092728851,14.616554977673388,14.605366447389256,14.61349361226977,14.621184385999436,14.546145344409407,14.52704827687556,14.546530848261229,,,,,
2849,948.695304,14.42985189758565,14.39478092482737,14.572073245803248,14.519493892566418,14.564729204792242,14.546690905787246,14.609828260623965,14.614438175016236,14.603220180146893,14.611355644560366,14.619112224075975,14.543998170302684,14.524849491080305,14.544364202378556,,,,,
2850,949.05,14.436097086596515,14.401353101355513,14.578088829240315,14.525743096030714,14.570778807477572,14.54882639656656,14.615493885802522,14.620252467411628,14.609115381875906,14.61722803902102,14.624803858032802,14.549895830599729,14.530888906940184,14.550315327648768,,,,,
2851,949.204896,14.432125566032328,14.397173639953955,14.574263335983627,14.521769037067008,14.566931663879245,14.547468273640435,14.611890927282325,14.6165549776728,14.6053664473886,14.613493612269643,14.621184385994686,14.546145344408894,14.52704827687531,14.546530848254669,,,,,
2852,949.694304,14.429851897587113,14.394780924827101,14.572073245803294,14.519493892565526,14.56472920479421,14.546690905783207,14.609828260625019,14.614438175019625,14.603220180146801,14.611355644562389,14.619112224072946,14.543998170303775,14.524849491078243,14.544364202379741,,,,,
2853,950.049,14.436097086585479,14.401353101355552,14.578088829256561,14.525743096022369,14.570778807469459,14.548826396558326,14.615493885810537,14.620252467419759,14.60911538187608,14.617228039021107,14.624803858016772,14.549895830608241,14.530888906939733,14.55031532765652,,,,,
2854,950.203896,14.432125566032147,14.39717363995358,14.574263335983694,14.521769037067052,14.566931663879194,14.547468273640503,14.61189092728212,14.616554977672997,14.605366447388805,14.613493612269592,14.621184385995123,14.546145344408966,14.52704827687533,14.546530848254877,,,,,
2855,950.693304,14.429851897587106,14.394780924827122,14.57207324580316,14.519493892565553,14.564729204794132,14.546690905783212,14.609828260625132,14.614438175019528,14.603220180146879,14.611355644562474,14.61911222407306,14.543998170303567,14.52484949107851,14.544364202379795,,,,,
2856,951.048,14.436097086585741,14.401353101355694,14.578088829256698,14.525743096022337,14.570778807469539,14.548826396558491,14.615493885810547,14.620252467420046,14.609115381876085,14.617228039020896,14.624803858017014,14.549895830607992,14.530888906939847,14.550315327656657,,,,,
2857,951.202896,14.432125566032123,14.397173639953566,14.574263335983732,14.521769037067093,14.566931663879307,14.54746827364049,14.611890927282102,14.616554977672957,14.605366447388368,14.613493612269206,14.621184385994924,14.546145344409153,14.527048276875393,14.54653084825483,,,,,
2858,951.692304,14.429851897587204,14.394780924827403,14.572073245803269,14.51949389256565,14.564729204794254,14.546690905783219,14.60982826062512,14.614438175019355,14.603220180147018,14.611355644562368,14.619112224072751,14.543998170303762,14.524849491078156,14.544364202379937,,,,,
2859,952.047,14.436097086585706,14.401353101355543,14.57808882925647,14.525743096022351,14.570778807469443,14.54882639655846,14.615493885810412,14.620252467419908,14.609115381875952,14.617228039020938,14.624803858016953,14.549895830608136,14.530888906940246,14.550315327656831,,,,,
2860,952.201896,14.432125566032184,14.397173639953994,14.574263335983877,14.521769037067056,14.566931663879116,14.547468273640568,14.611890927282284,14.616554977673061,14.605366447388317,14.613493612269622,14.62118438599492,14.546145344408774,14.527048276875076,14.546530848255005,,,,,
2861,952.691304,14.429851897587229,14.394780924827405,14.572073245803066,14.519493892565485,14.564729204794178,14.546690905783148,14.60982826062513,14.614438175019194,14.603220180146712,14.611355644561982,14.619112224072948,14.543998170303912,14.524849491078282,14.544364202379805,,,,,
2862,953.046,14.436097086585628,14.401353101355895,14.578088829256629,14.525743096022406,14.570778807469589,14.548826396558288,14.61549388581064,14.620252467419856,14.609115381876117,14.61722803902117,14.624803858016964,14.549895830608115,14.530888906939943,14.550315327656445,,,,,
2863,953.200896,14.43212556603841,14.397173639958606,14.574263335984373,14.521769037071808,14.566931663879743,14.547468273643132,14.611890927288778,14.616554977673202,14.605366447389251,14.613493612269803,14.621184385999463,14.54614534440939,14.527048276875743,14.546530848261584,,,,,
2864,953.690304,14.429851897585763,14.394780924827103,14.572073245803098,14.519493892566592,14.564729204792146,14.54669090578726,14.609828260623987,14.614438175016632,14.603220180146828,14.611355644560017,14.619112224075959,14.543998170302498,14.524849491080452,14.544364202378633,,,,,
2865,954.045,14.436097086596373,14.401353101355527,14.578088829240292,14.525743096030613,14.570778807477543,14.548826396566492,14.615493885802499,14.62025246741201,14.609115381875801,14.617228039021114,14.624803858032541,14.549895830599876,14.530888906940067,14.550315327648528,,,,,
2866,954.199896,14.432125566032186,14.397173639953996,14.574263335983703,14.52176903706718,14.566931663879224,14.547468273640616,14.61189092728209,14.6165549776729,14.605366447388743,14.613493612269572,14.621184385994958,14.546145344408755,14.52704827687496,14.546530848254747,,,,,
2867,954.689304,14.429851897587248,14.394780924827298,14.572073245803047,14.519493892565402,14.564729204794244,14.546690905783366,14.609828260624907,14.614438175019568,14.603220180146751,14.611355644562442,14.619112224072678,14.543998170303855,14.524849491078546,14.544364202379745,,,,,
2868,955.044,14.436097086585663,14.401353101355513,14.5780888292566,14.525743096022218,14.570778807469377,14.548826396558466,14.615493885810567,14.620252467419848,14.609115381876025,14.6172280390208,14.624803858016808,14.549895830607788,14.530888906940104,14.55031532765651,,,,,
2869,955.198896,14.432125566032248,14.397173639953905,14.574263335983877,14.521769037067148,14.566931663879243,14.547468273640547,14.611890927282161,14.616554977672944,14.605366447388551,14.613493612269465,14.621184385994981,14.546145344408853,14.527048276875098,14.54653084825483,,,,,
2870,955.688304,14.429851897587104,14.394780924827097,14.572073245803242,14.519493892565649,14.564729204794341,14.54669090578334,14.609828260625072,14.614438175019302,14.603220180146803,14.611355644562423,14.619112224073033,14.543998170303487,14.5248494910786,14.54436420237972,,,,,
2871,956.043,14.43609708658568,14.401353101355804,14.578088829256515,14.525743096022435,14.570778807469598,14.54882639655836,14.61549388581044,14.620252467420045,14.609115381875933,14.617228039021015,14.62480385801667,14.549895830608097,14.530888906940042,14.550315327656595,,,,,
2872,956.197896,14.432125566032198,14.39717363995388,14.574263335983794,14.521769037067,14.56693166387937,14.54746827364057,14.61189092728222,14.61655497767303,14.605366447388604,14.61349361226963,14.62118438599483,14.546145344409018,14.527048276875151,14.546530848254854,,,,,
2873,956.687304,14.429851897587243,14.39478092482738,14.572073245803175,14.519493892565558,14.564729204794205,14.546690905783297,14.609828260625077,14.61443817501938,14.60322018014693,14.611355644562405,14.619112224073001,14.543998170303658,14.524849491078422,14.544364202379981,,,,,
2874,957.042,14.436097086585693,14.401353101355655,14.578088829256648,14.525743096022467,14.570778807469527,14.54882639655827,14.615493885810473,14.620252467419842,14.609115381876256,14.617228039020876,14.62480385801667,14.549895830607914,14.530888906939941,14.550315327656376,,,,,
2875,957.196896,14.43212556603232,14.397173639953566,14.574263335983652,14.521769037067195,14.566931663879284,14.54746827364063,14.611890927282104,14.616554977672866,14.605366447388729,14.613493612269332,14.621184385995011,14.546145344409227,14.52704827687537,14.54653084825488,,,,,
2876,957.686304,14.429851897587055,14.394780924827092,14.572073245803223,14.519493892565542,14.564729204794176,14.546690905783112,14.609828260624932,14.614438175019313,14.60322018014699,14.611355644562254,14.619112224073127,14.543998170303578,14.524849491078578,14.544364202379496,,,,,
2877,958.041,14.436097086585663,14.401353101355618,14.578088829256725,14.525743096022318,14.570778807469452,14.54882639655831,14.615493885810364,14.620252467420018,14.60911538187605,14.61722803902122,14.624803858016936,14.54989583060796,14.530888906940294,14.55031532765661,,,,,
2878,958.195896,14.432125566038426,14.397173639958597,14.574263335984295,14.521769037071719,14.566931663879657,14.547468273643169,14.611890927288695,14.616554977673292,14.605366447389212,14.613493612269906,14.621184385999287,14.546145344409686,14.527048276875538,14.546530848261538,,,,,
2879,958.685304,14.429851897585763,14.394780924827204,14.57207324580318,14.519493892566626,14.564729204792147,14.546690905787298,14.6098282606241,14.614438175016373,14.603220180147032,14.611355644560085,14.619112224075806,14.543998170302554,14.52484949108046,14.54436420237855,,,,,
2880,959.04,14.436097086596426,14.40135310135564,14.578088829240215,14.525743096030686,14.570778807477728,14.548826396566364,14.61549388580245,14.620252467411719,14.609115381876089,14.617228039021246,14.624803858032834,14.549895830599976,14.53088890693993,14.550315327648514,,,,,
2881,959.194896,14.432125566032294,14.397173639953653,14.574263335983826,14.521769037067154,14.566931663879382,14.547468273640526,14.611890927282174,14.61655497767275,14.605366447388567,14.613493612269496,14.621184385995033,14.546145344409107,14.527048276875066,14.546530848254621,,,,,
2882,959.684304,14.429851897587076,14.39478092482739,14.572073245803258,14.519493892565524,14.56472920479433,14.546690905783136,14.6098282606251,14.614438175019625,14.603220180147009,14.61135564456232,14.619112224073014,14.543998170303482,14.52484949107821,14.544364202379525,,,,,
2883,960.039,14.43609708658554,14.401353101356007,14.578088829256547,14.525743096022346,14.570778807469534,14.548826396558526,14.615493885810372,14.620252467419801,14.609115381875899,14.617228039020798,14.624803858016572,14.549895830607992,14.530888906940165,14.550315327656369,,,,,
2884,960.193896,14.432125566032306,14.397173639953667,14.574263335983703,14.521769037067207,14.566931663879316,14.54746827364048,14.611890927282257,14.616554977672932,14.605366447388745,14.613493612269592,14.621184385994956,14.546145344409279,14.527048276875037,14.546530848255037,,,,,
2885,960.683304,14.429851897587165,14.394780924827112,14.572073245803207,14.519493892565592,14.564729204794219,14.546690905783164,14.609828260625006,14.614438175019721,14.603220180147215,14.611355644562295,14.619112224073001,14.543998170303762,14.524849491078161,14.544364202379683,,,,,
2886,961.038,14.436097086585447,14.401353101355767,14.578088829256677,14.525743096022218,14.570778807469354,14.54882639655843,14.61549388581049,14.62025246742003,14.609115381876169,14.617228039021136,14.624803858016897,14.549895830607756,14.530888906939813,14.550315327656495,,,,,
2887,961.192896,14.432125566032246,14.397173639953893,14.574263335983899,14.521769037067058,14.566931663879359,14.547468273640696,14.611890927282236,14.61655497767297,14.605366447388272,14.613493612269469,14.621184385994916,14.546145344409162,14.527048276875378,14.546530848254688,,,,,
2888,961.682304,14.429851897587353,14.394780924827343,14.572073245803196,14.519493892565535,14.56472920479414,14.54669090578319,14.609828260624983,14.614438175019686,14.603220180146815,14.611355644562039,14.619112224073103,14.543998170303688,14.524849491078564,14.544364202379924,,,,,
2889,962.037,14.436097086585505,14.401353101355959,14.57808882925645,14.52574309602242,14.57077880746943,14.548826396558482,14.615493885810464,14.620252467419677,14.609115381875899,14.617228039020935,14.624803858016879,14.54989583060809,14.530888906939836,14.550315327656852,,,,,
2890,962.191896,14.432125566038312,14.397173639958721,14.574263335984345,14.521769037071577,14.566931663879767,14.547468273643085,14.611890927288805,14.616554977673157,14.605366447388873,14.613493612270055,14.621184385999609,14.546145344409702,14.527048276875792,14.546530848261417,,,,,
2891,962.681304,14.429851897585761,14.394780924827142,14.572073245803242,14.519493892566645,14.564729204792048,14.54669090578737,14.609828260623921,14.614438175016433,14.60322018014688,14.611355644560104,14.619112224075737,14.543998170302753,14.524849491080149,14.544364202378562,,,,,
2892,963.036,14.436097086596266,14.401353101355788,14.578088829240412,14.525743096030615,14.570778807477765,14.548826396566463,14.615493885802435,14.620252467411884,14.609115381875945,14.617228039021253,14.624803858032843,14.549895830600155,14.5308889069401,14.550315327648454,,,,,
2893,963.190896,14.432125566032314,14.397173639953907,14.574263335983767,14.521769037067115,14.566931663879235,14.547468273640563,14.611890927282163,14.616554977672788,14.605366447388684,14.613493612269508,14.621184385995107,14.546145344409052,14.5270482768752,14.546530848254548,,,,,
2894,963.680304,14.429851897587238,14.394780924827023,14.572073245803086,14.519493892565434,14.564729204794148,14.546690905783304,14.609828260624909,14.61443817501932,14.603220180146721,14.611355644561975,14.619112224073,14.543998170303658,14.524849491078474,14.54436420237971,,,,,
2895,964.035,14.436097086585503,14.401353101355662,14.578088829256544,14.525743096022431,14.570778807469546,14.54882639655845,14.615493885810585,14.620252467419897,14.609115381876249,14.617228039020903,14.624803858016747,14.549895830608236,14.530888906939946,14.550315327656392,,,,,
2896,964.189896,14.432125566032319,14.39717363995363,14.574263335983934,14.521769037067099,14.566931663879208,14.547468273640582,14.611890927282175,14.616554977672987,14.60536644738863,14.613493612269302,14.621184385994727,14.54614534440882,14.527048276875353,14.546530848254731,,,,,
2897,964.679304,14.42985189758723,14.3947809248271,14.572073245803123,14.519493892565446,14.564729204794244,14.546690905783151,14.60982826062511,14.614438175019403,14.603220180147174,14.611355644562183,14.619112224073085,14.543998170303594,14.524849491078209,14.544364202379889,,,,,
2898,965.034,14.436097086585704,14.401353101355951,14.578088829256615,14.52574309602255,14.570778807469464,14.548826396558457,14.615493885810416,14.62025246742003,14.609115381876066,14.617228039021182,14.624803858016973,14.549895830607866,14.530888906939998,14.55031532765652,,,,,
2899,965.188896,14.432125566032347,14.39717363995392,14.574263335983794,14.521769037067003,14.566931663879249,14.547468273640668,14.611890927282385,14.616554977672928,14.605366447388548,14.613493612269648,14.621184385994962,14.546145344409167,14.527048276875087,14.546530848254553,,,,,
2900,965.678304,14.429851897587069,14.394780924827264,14.57207324580322,14.519493892565402,14.56472920479419,14.546690905783342,14.609828260625163,14.614438175019274,14.60322018014706,14.611355644562115,14.619112224072893,14.543998170303679,14.524849491078584,14.544364202379851,,,,,
2901,966.033,14.436097086585482,14.401353101355612,14.578088829256581,14.525743096022312,14.570778807469587,14.548826396558386,14.61549388581034,14.620252467419675,14.609115381876178,14.617228039020901,14.624803858016643,14.549895830608168,14.530888906940042,14.550315327656806,,,,,
2902,966.187896,14.432125566032319,14.397173639953921,14.574263335983792,14.521769037066973,14.56693166387936,14.547468273640417,14.611890927282206,14.616554977672733,14.605366447388322,14.613493612269261,14.621184385994903,14.54614534440882,14.527048276875087,14.546530848254875,,,,,
2903,966.677304,14.429851897587096,14.39478092482743,14.572073245803088,14.519493892565396,14.564729204794153,14.546690905783173,14.60982826062501,14.614438175019455,14.603220180147213,14.61135564456208,14.619112224073088,14.54399817030376,14.524849491078475,14.544364202379727,,,,,
2904,967.032,14.436097086585617,14.401353101355983,14.578088829256531,14.525743096022456,14.570778807469384,14.548826396558377,14.615493885810565,14.620252467420148,14.609115381876162,14.61722803902089,14.624803858016591,14.54989583060794,14.530888906939834,14.550315327656481,,,,,
2905,967.186896,14.432125566038343,14.397173639958456,14.574263335984432,14.52176903707178,14.56693166387984,14.547468273643139,14.611890927288806,14.61655497767316,14.605366447388997,14.613493612270025,14.621184385999415,14.546145344409494,14.527048276875721,14.54653084826144,,,,,
2906,967.676304,14.429851897585577,14.394780924827142,14.572073245803136,14.519493892566546,14.564729204792036,14.546690905787285,14.609828260624,14.614438175016554,14.603220180146861,14.611355644560167,14.619112224075892,14.543998170302475,14.524849491080357,14.544364202378638,,,,,
2907,968.031,14.43609708659623,14.401353101355701,14.578088829240146,14.525743096030551,14.570778807477572,14.548826396566538,14.615493885802653,14.620252467411891,14.609115381875911,14.617228039021041,14.624803858032733,14.549895830599777,14.530888906939886,14.550315327648349,,,,,
2908,968.185896,14.432125566032427,14.397173639953655,14.574263335983778,14.521769037066989,14.566931663879162,14.547468273640531,14.611890927282221,14.616554977672637,14.60536644738842,14.613493612269652,14.621184385994626,14.546145344409087,14.527048276875204,14.546530848254587,,,,,
2909,968.675304,14.429851897587115,14.394780924827387,14.572073245803328,14.519493892565604,14.56472920479417,14.546690905783295,14.609828260625099,14.614438175019336,14.603220180147272,14.61135564456203,14.619112224072943,14.543998170303809,14.524849491078289,14.544364202379652,,,,,
2910,969.03,14.436097086585518,14.401353101355808,14.578088829256645,14.525743096022554,14.570778807469544,14.548826396558505,14.615493885810363,14.620252467419888,14.609115381875782,14.617228039020915,14.624803858016545,14.549895830608005,14.530888906940241,14.550315327656575,,,,,
2911,969.184896,14.432125566032171,14.397173639953921,14.574263335983895,14.521769037067129,14.566931663879354,14.547468273640725,14.61189092728213,14.616554977672802,14.605366447388548,14.61349361226952,14.621184385994997,14.546145344409071,14.527048276875039,14.546530848254578,,,,,
2912,969.674304,14.429851897587254,14.39478092482725,14.572073245803185,14.51949389256553,14.564729204794231,14.546690905783256,14.60982826062494,14.614438175019272,14.603220180146852,14.611355644562392,14.619112224072712,14.543998170303869,14.524849491078232,14.544364202379555,,,,,
2913,970.029,14.436097086585768,14.40135310135554,14.578088829256446,14.525743096022326,14.570778807469392,14.548826396558363,14.61549388581042,14.620252467420089,14.609115381876144,14.617228039021253,14.624803858016703,14.54989583060771,14.530888906939971,14.550315327656746,,,,,
2914,970.183896,14.432125566032134,14.397173639953744,14.574263335983858,14.521769037067212,14.566931663879382,14.547468273640595,14.611890927282115,14.616554977672966,14.605366447388432,14.613493612269393,14.621184385994932,14.546145344408883,14.527048276874945,14.546530848254546,,,,,
2915,970.673304,14.429851897587252,14.394780924827089,14.572073245803297,14.519493892565508,14.564729204794315,14.54669090578321,14.60982826062492,14.614438175019353,14.60322018014687,14.61135564456224,14.619112224073069,14.543998170303844,14.524849491078365,14.544364202379866,,,,,
2916,971.028,14.436097086585534,14.401353101355891,14.5780888292565,14.525743096022486,14.570778807469614,14.54882639655846,14.615493885810466,14.620252467419949,14.609115381875858,14.617228039021077,14.624803858016936,14.54989583060814,14.530888906939785,14.550315327656541,,,,,
2917,971.182896,14.43212556603227,14.397173639953982,14.574263335983751,14.521769037066976,14.566931663879298,14.547468273640643,14.611890927282097,14.616554977672777,14.605366447388745,14.613493612269453,14.62118438599472,14.546145344408902,14.527048276875144,14.546530848254996,,,,,
2918,971.672304,14.429851897587108,14.394780924827229,14.572073245803097,14.519493892565457,14.564729204794103,14.54669090578325,14.609828260624935,14.614438175019712,14.603220180146915,14.611355644562378,14.619112224072788,14.543998170303954,14.52484949107832,14.544364202379667,,,,,
2919,972.027,14.43609708658569,14.401353101355513,14.578088829256526,14.525743096022211,14.570778807469361,14.548826396558326,14.615493885810578,14.620252467419895,14.609115381875908,14.617228039020887,14.624803858016794,14.549895830607946,14.530888906939872,14.55031532765633,,,,,
2920,972.181896,14.432125566038353,14.397173639958597,14.574263335984346,14.521769037071635,14.566931663879952,14.54746827364312,14.611890927288602,14.616554977673502,14.605366447388882,14.61349361226994,14.62118438599951,14.546145344409389,14.527048276875899,14.546530848261243,,,,,
2921,972.671304,14.429851897585689,14.394780924827343,14.572073245803168,14.519493892566594,14.564729204792293,14.546690905787218,14.609828260624088,14.614438175016474,14.603220180146803,14.611355644560396,14.61911222407602,14.543998170302642,14.52484949108032,14.544364202378945,,,,,
2922,973.026,14.436097086596451,14.40135310135554,14.578088829240363,14.525743096030663,14.570778807477609,14.548826396566593,14.615493885802506,14.62025246741172,14.609115381875986,14.617228039020839,14.624803858032886,14.549895830600045,14.530888906940131,14.550315327648555,,,,,
2923,973.180896,14.43212556603228,14.397173639954008,14.574263335983854,14.521769037067044,14.566931663879126,14.547468273640662,14.611890927282138,14.616554977673129,14.605366447388361,14.613493612269664,14.621184385995091,14.546145344409183,14.527048276875213,14.546530848254658,,,,,
2924,973.670304,14.42985189758729,14.394780924827225,14.572073245803198,14.519493892565416,14.564729204794222,14.546690905783127,14.609828260625141,14.614438175019563,14.603220180146925,14.61135564456214,14.619112224072964,14.543998170303714,14.524849491078585,14.544364202379558,,,,,
2925,974.025,14.436097086585699,14.401353101356007,14.57808882925672,14.525743096022518,14.570778807469507,14.548826396558306,14.615493885810455,14.620252467419888,14.609115381876085,14.617228039020791,14.624803858016707,14.549895830608019,14.530888906939907,14.55031532765665,,,,,
2926,974.179896,14.43212556603226,14.397173639954007,14.574263335983787,14.521769037067155,14.566931663879293,14.547468273640547,14.611890927282177,14.616554977672896,14.605366447388775,14.613493612269483,14.621184385994734,14.546145344409057,14.527048276875217,14.546530848254841,,,,,
2927,974.669304,14.429851897587204,14.39478092482739,14.572073245803262,14.51949389256562,14.564729204794304,14.546690905783201,14.609828260625022,14.614438175019504,14.603220180146952,14.611355644562005,14.619112224072975,14.5439981703037,14.524849491078344,14.544364202379786,,,,,
2928,975.024,14.436097086585544,14.401353101355852,14.578088829256622,14.525743096022365,14.570778807469516,14.548826396558386,14.61549388581057,14.620252467420062,14.609115381876201,14.617228039020866,14.624803858016582,14.549895830608184,14.530888906940012,14.550315327656845,,,,,
2929,975.178896,14.432125566032383,14.397173639953882,14.574263335983751,14.521769037067152,14.566931663879332,14.547468273640598,14.611890927282326,14.61655497767303,14.605366447388763,14.613493612269387,14.621184385994608,14.546145344409066,14.527048276874988,14.546530848254847,,,,,
2930,975.668304,14.429851897587413,14.394780924827074,14.572073245802981,14.519493892565494,14.564729204794242,14.546690905783217,14.609828260624985,14.614438175019325,14.603220180146897,14.611355644562295,14.619112224073065,14.54399817030353,14.524849491078585,14.544364202379704,,,,,
2931,976.023,14.436097086585507,14.401353101355955,14.57808882925655,14.525743096022433,14.570778807469525,14.54882639655848,14.615493885810494,14.620252467420043,14.60911538187581,14.617228039020917,14.624803858016776,14.549895830607984,14.530888906940037,14.550315327656719,,,,,
2932,976.177896,14.432125566032207,14.397173639954069,14.574263335983803,14.521769037066987,14.566931663879213,14.547468273640428,14.611890927282257,14.61655497767283,14.605366447388773,14.613493612269494,14.621184385994846,14.546145344409087,14.527048276875028,14.54653084825468,,,,,
2933,976.667304,14.429851897587303,14.394780924827483,14.572073245803203,14.519493892565453,14.564729204794263,14.54669090578315,14.609828260625049,14.614438175019693,14.603220180146794,14.611355644562368,14.619112224073008,14.543998170303768,14.52484949107839,14.544364202379727,,,,,
2934,977.022,14.436097086585715,14.401353101355904,14.578088829256487,14.525743096022296,14.570778807469383,14.548826396558386,14.615493885810528,14.620252467419743,14.60911538187624,14.617228039021,14.624803858016685,14.549895830608156,14.530888906940369,14.550315327656735,,,,,
2935,977.176896,14.43212556603852,14.397173639958595,14.574263335984442,14.521769037071609,14.566931663879863,14.547468273643046,14.61189092728871,14.616554977673323,14.605366447388851,14.613493612269824,14.62118438599937,14.546145344409306,14.527048276875984,14.546530848261186,,,,,
2936,977.666304,14.429851897585813,14.39478092482738,14.572073245803178,14.519493892566542,14.564729204792256,14.546690905787168,14.609828260624134,14.614438175016371,14.603220180146986,14.611355644560305,14.619112224075835,14.543998170302922,14.524849491080424,14.544364202378715,,,,,
2937,978.021,14.43609708659631,14.401353101355566,14.57808882924041,14.525743096030673,14.570778807477671,14.548826396566326,14.615493885802548,14.620252467411852,14.60911538187621,14.617228039021217,14.624803858032648,14.54989583059982,14.530888906940138,14.55031532764876,,,,,
2938,978.175896,14.432125566032393,14.397173639954012,14.574263335983762,14.521769037066957,14.566931663879345,14.547468273640467,14.611890927282255,14.616554977672687,14.60536644738869,14.613493612269593,14.621184385994672,14.546145344408867,14.527048276874996,14.54653084825481,,,,,
2939,978.665304,14.429851897587175,14.394780924827124,14.572073245803047,14.51949389256559,14.564729204794222,14.546690905783118,14.609828260624914,14.614438175019405,14.60322018014721,14.611355644562265,14.619112224072687,14.543998170303636,14.524849491078236,14.544364202379695,,,,,
2940,979.02,14.43609708658565,14.401353101355552,14.578088829256455,14.525743096022481,14.570778807469555,14.548826396558361,14.615493885810606,14.620252467420128,14.609115381876093,14.617228039021075,14.624803858016781,14.549895830607847,14.530888906940161,14.5503153276565,,,,,
2941,979.174896,14.432125566032221,14.397173639953744,14.574263335983865,14.521769037067065,14.566931663879414,14.547468273640478,14.611890927282252,14.616554977672699,14.605366447388331,14.61349361226947,14.6211843859947,14.54614534440883,14.527048276875352,14.546530848255006,,,,,
2942,979.664304,14.429851897587127,14.394780924827566,14.572073245803185,14.519493892565503,14.564729204794267,14.546690905783365,14.609828260624967,14.614438175019714,14.603220180147067,14.611355644561934,14.619112224073035,14.543998170303452,14.524849491078546,14.544364202379901,,,,,
2943,980.019,14.436097086585459,14.401353101355639,14.578088829256593,14.52574309602246,14.570778807469402,14.548826396558407,14.61549388581059,14.620252467419679,14.609115381876023,14.617228039020848,14.624803858017028,14.549895830607916,14.530888906939781,14.550315327656696,,,,,
2944,980.173896,14.432125566032356,14.397173639953706,14.574263335983934,14.521769037067067,14.566931663879322,14.547468273640607,14.611890927282312,14.616554977672854,14.605366447388354,14.613493612269549,14.62118438599497,14.546145344409181,14.527048276875005,14.546530848254813,,,,,
2945,980.663304,14.429851897587278,14.394780924827225,14.572073245803306,14.519493892565595,14.564729204794265,14.546690905783233,14.609828260625003,14.614438175019592,14.603220180146817,14.611355644562238,14.619112224072799,14.543998170303585,14.524849491078193,14.544364202379777,,,,,
2946,981.018,14.436097086585653,14.401353101355651,14.57808882925654,14.52574309602243,14.570778807469456,14.548826396558303,14.615493885810478,14.620252467419848,14.609115381876133,14.617228039021294,14.624803858016778,14.549895830607772,14.530888906939905,14.550315327656643,,,,,
2947,981.172896,14.43212556603216,14.397173639953756,14.574263335983797,14.521769037066994,14.566931663879357,14.547468273640572,14.6118909272823,14.616554977672935,14.605366447388755,14.61349361226966,14.621184385994646,14.546145344408995,14.52704827687516,14.546530848254989,,,,,
2948,981.662304,14.429851897587241,14.394780924827357,14.572073245803214,14.51949389256548,14.564729204794176,14.546690905783342,14.609828260625052,14.614438175019261,14.603220180146785,14.611355644562428,14.619112224072785,14.543998170303677,14.524849491078635,14.544364202379445,,,,,
2949,982.017,14.436097086585566,14.401353101355555,14.578088829256615,14.525743096022342,14.57077880746943,14.548826396558304,14.615493885810594,14.620252467420146,14.609115381876132,14.617228039020832,14.62480385801697,14.549895830608225,14.530888906940342,14.55031532765658,,,,,
2950,982.171896,14.432125566038424,14.39717363995877,14.574263335984325,14.521769037071808,14.566931663879815,14.547468273643164,14.611890927288831,14.616554977673475,14.605366447389141,14.613493612269894,14.62118438599956,14.546145344409656,14.527048276875922,14.546530848261503,,,,,
2951,982.661304,14.429851897585772,14.394780924827597,14.572073245803079,14.519493892566569,14.564729204792123,14.54669090578732,14.609828260623932,14.614438175016401,14.603220180147133,14.611355644560033,14.61911222407575,14.543998170302913,14.524849491080646,14.54436420237851,,,,,
2952,983.016,14.436097086596439,14.401353101355854,14.578088829240341,14.52574309603071,14.570778807477568,14.548826396566565,14.61549388580272,14.620252467411667,14.60911538187596,14.617228039021034,14.624803858032715,14.54989583059999,14.530888906940104,14.55031532764862,,,,,
2953,983.170896,14.432125566032168,14.39717363995355,14.574263335983877,14.521769037067243,14.566931663879116,14.54746827364053,14.611890927282172,14.616554977673076,14.605366447388452,14.61349361226967,14.62118438599494,14.546145344409126,14.527048276875139,14.54653084825496,,,,,
2954,983.660304,14.42985189758714,14.394780924827165,14.572073245803267,14.51949389256549,14.564729204794185,14.546690905783185,14.609828260625143,14.614438175019624,14.603220180147147,14.611355644562032,14.619112224072897,14.543998170303427,14.524849491078296,14.544364202379391,,,,,
2955,984.015,14.436097086585626,14.401353101355818,14.578088829256538,14.52574309602234,14.5707788074694,14.548826396558336,14.61549388581048,14.6202524674198,14.609115381875835,14.617228039020931,14.624803858016957,14.549895830608088,14.530888906940312,14.550315327656747,,,,,
2956,984.169896,14.432125566032235,14.397173639953682,14.574263335983792,14.52176903706695,14.566931663879123,14.547468273640488,14.611890927282234,14.616554977672806,14.605366447388404,14.613493612269423,14.621184385995116,14.546145344409238,14.5270482768754,14.546530848254758,,,,,
2957,984.659304,14.429851897587215,14.394780924827351,14.572073245803105,14.519493892565338,14.56472920479417,14.546690905783231,14.609828260625115,14.614438175019616,14.603220180147066,14.611355644562353,14.619112224072984,14.543998170303814,14.524849491078557,14.544364202379825,,,,,
2958,985.014,14.436097086585658,14.401353101355967,14.578088829256671,14.525743096022321,14.570778807469415,14.548826396558383,14.615493885810588,14.620252467420066,14.609115381876084,14.617228039020794,14.624803858017028,14.549895830607957,14.530888906939811,14.55031532765636,,,,,
2959,985.168896,14.432125566032258,14.397173639953868,14.574263335983675,14.521769037066946,14.566931663879174,14.5474682736406,14.611890927282122,14.616554977672678,14.60536644738871,14.613493612269622,14.621184385994813,14.546145344409037,14.527048276875073,14.546530848254895,,,,,
2960,985.658304,14.429851897587215,14.394780924827407,14.57207324580303,14.519493892565434,14.564729204794347,14.546690905783196,14.609828260625006,14.61443817501938,14.603220180146764,14.611355644562124,14.619112224072763,14.543998170303588,14.524849491078553,14.544364202379901,,,,,
2961,986.013,14.436097086585592,14.40135310135548,14.578088829256567,14.525743096022278,14.570778807469514,14.548826396558395,14.615493885810489,14.620252467420006,14.60911538187615,14.617228039020851,14.62480385801692,14.549895830608087,14.530888906939923,14.55031532765641,,,,,
2962,986.167896,14.432125566038485,14.397173639958707,14.574263335984215,14.521769037071694,14.566931663879632,14.547468273643107,14.611890927288737,14.61655497767362,14.605366447388924,14.61349361226992,14.621184385999483,14.546145344409508,14.527048276875524,14.546530848261177,,,,,
2963,986.657304,14.429851897585722,14.39478092482738,14.572073245803328,14.519493892566482,14.564729204792059,14.546690905787283,14.609828260624157,14.614438175016524,14.603220180146703,14.611355644560046,14.61911222407605,14.54399817030282,14.524849491080268,14.544364202378539,,,,,
2964,987.012,14.436097086596497,14.401353101355943,14.578088829240222,14.525743096030748,14.570778807477755,14.548826396566618,14.615493885802547,14.620252467411941,14.609115381876189,14.617228039020976,14.624803858032614,14.549895830599919,14.530888906940294,14.550315327648619,,,,,
2965,987.166896,14.43212556603222,14.397173639953811,14.57426333598378,14.521769037067068,14.566931663879297,14.547468273640513,14.61189092728222,14.616554977672713,14.605366447388583,14.61349361226952,14.62118438599489,14.546145344408925,14.527048276875112,14.546530848254607,,,,,
2966,987.656304,14.429851897587122,14.394780924827593,14.572073245803201,14.519493892565592,14.564729204794318,14.546690905783283,14.60982826062501,14.614438175019492,14.603220180146845,14.611355644562178,14.619112224072742,14.543998170303547,14.524849491078388,14.544364202379684,,,,,
2967,988.011,14.436097086585578,14.401353101355511,14.578088829256602,14.525743096022493,14.570778807469424,14.54882639655843,14.615493885810482,14.620252467419654,14.60911538187595,14.617228039020777,14.624803858016756,14.549895830608104,14.530888906939966,14.5503153276565,,,,,
2968,988.165896,14.43212556603237,14.397173639954097,14.574263335983852,14.521769037067012,14.56693166387917,14.547468273640682,14.611890927282184,14.61655497767301,14.605366447388727,14.613493612269252,14.621184385994962,14.546145344409025,14.527048276875037,14.546530848254749,,,,,
2969,988.655304,14.429851897587262,14.394780924827465,14.572073245803242,14.519493892565556,14.564729204794096,14.546690905783272,14.609828260625056,14.614438175019263,14.603220180146796,14.611355644562401,14.619112224073081,14.543998170303487,14.524849491078411,14.54436420237965,,,,,
2970,989.01,14.436097086585475,14.4013531013556,14.578088829256505,14.525743096022303,14.570778807469402,14.548826396558388,14.615493885810478,14.620252467419945,14.609115381876018,14.617228039020862,14.624803858016978,14.549895830607797,14.530888906940252,14.550315327656628,,,,,
2971,989.164896,14.432125566032258,14.39717363995407,14.574263335983895,14.521769037066873,14.566931663879238,14.547468273640634,14.611890927282248,14.616554977673026,14.60536644738852,14.613493612269616,14.621184385994592,14.546145344409029,14.527048276875068,14.546530848254614,,,,,
2972,989.654304,14.429851897587096,14.3947809248273,14.572073245803209,14.519493892565471,14.56472920479429,14.546690905783327,14.609828260624981,14.614438175019618,14.603220180147195,14.611355644562268,14.619112224072927,14.543998170303782,14.524849491078545,14.544364202379922,,,,,
2973,990.009,14.43609708658578,14.401353101355504,14.578088829256581,14.525743096022245,14.570778807469392,14.548826396558395,14.615493885810505,14.620252467420153,14.609115381876302,14.61722803902094,14.624803858016632,14.549895830607756,14.5308889069399,14.5503153276567,,,,,
2974,990.163896,14.432125566032331,14.39717363995363,14.574263335983936,14.521769037066989,14.566931663879192,14.547468273640513,14.611890927282191,14.616554977673072,14.605366447388546,14.613493612269636,14.621184385994999,14.54614534440898,14.527048276875197,14.546530848254747,,,,,
2975,990.653304,14.42985189758726,14.394780924827458,14.572073245803084,14.519493892565567,14.564729204794222,14.546690905783276,14.609828260624973,14.61443817501944,14.603220180146971,14.611355644562426,14.619112224072829,14.543998170303771,14.524849491078536,14.544364202379887,,,,,
2976,991.008,14.43609708658562,14.401353101355935,14.578088829256707,14.52574309602229,14.570778807469553,14.548826396558432,14.615493885810476,14.62025246741999,14.609115381876036,14.617228039021116,14.6248038580167,14.549895830607806,14.530888906940184,14.55031532765672,,,,,
2977,991.162896,14.432125566037064,14.397173639958446,14.574263335984197,14.52176903707181,14.56693166387975,14.547468273642949,14.611890927288657,14.616554977673365,14.605366447389233,14.613493612270203,14.62118438599948,14.546145344409256,14.52704827687562,14.546530848261362,,,,,
2978,991.652304,14.429851897586074,14.394780924827517,14.572073245803136,14.519493892566464,14.564729204792247,14.546690905787171,14.60982826062401,14.614438175016419,14.60322018014697,14.611355644560433,14.619112224075998,14.543998170302485,14.524849491080463,14.544364202378643,,,,,
2979,992.007,14.436097086593726,14.401353101355902,14.578088829240315,14.525743096030766,14.570778807477627,14.548826396566364,14.615493885802474,14.620252467411767,14.609115381876238,14.617228039020722,14.624803858032754,14.549895830600084,14.530888906939861,14.550315327648388,,,,,
2980,992.161896,14.43212556603235,14.397173639952936,14.574263335983934,14.52176903706713,14.566931663879373,14.54746827364053,14.611890927282204,14.616554977673001,14.605366447388265,14.61349361226925,14.621184385995457,14.546145344409263,14.527048276875151,14.546530848255095,,,,,
2981,992.651304,14.429851897586925,14.394780924827284,14.572073245803992,14.51949389256531,14.564729204794107,14.546690905783253,14.60982826062502,14.614438175020538,14.603220180147076,14.611355644561918,14.619112224073813,14.543998170303489,14.524849491078196,14.544364202379517,,,,,
2982,993.006,14.436097086585791,14.401353101349498,14.578088829250216,14.525743096023119,14.570778807471296,14.548826396558537,14.615493885809073,14.620252467423246,14.60911538187448,14.617228039018599,14.62480385803071,14.549895830613796,14.530888906940893,14.550315327654252,,,,,
2983,993.160896,14.432125566033207,14.39717363995771,14.574263335981431,14.521769037066754,14.566931663879748,14.547468273640657,14.611890927285705,14.616554977672179,14.60536644738583,14.613493612267083,14.62118438599812,14.546145344411569,14.527048276877483,14.5465308482571,,,,,
2984,993.650304,14.429851897588692,14.394780924827623,14.572073245806772,14.519493892567896,14.564729204793865,14.546690905783125,14.609828260626463,14.614438175020389,14.603220180144085,14.611355644559769,14.61911222407496,14.543998170306347,14.524849491077443,14.544364202381338,,,,,
2985,994.005,14.436097086582933,14.401353101359451,14.57808882925341,14.525743096013892,14.57077880747164,14.548826396558487,14.615493885810462,14.620252467416092,14.609115381874814,14.617228039022836,14.624803858023487,14.549895830601395,14.530888906935875,14.550315327653506,,,,,
2986,994.159896,14.432125566032786,14.397173639955895,14.574263335988057,14.52176903707116,14.566931663878778,14.547468273640614,14.611890927283477,14.616554977671848,14.605366447389889,14.613493612268128,14.621184385997731,14.546145344409167,14.52704827687429,14.546530848257918,,,,,
2987,994.649304,14.429851897585701,14.394780924828162,14.57207324580734,14.519493892566285,14.564729204792432,14.546690905783334,14.609828260627875,14.61443817501929,14.603220180144605,14.611355644560119,14.619112224077485,14.543998170305276,14.524849491079712,14.544364202381761,,,,,
2988,995.004,14.43609708659734,14.40135310135654,14.578088829254947,14.525743096021992,14.57077880747534,14.548826396558272,14.615493885802778,14.620252467411934,14.609115381871815,14.6172280390086,14.624803858036016,14.549895830607154,14.530888906933827,14.550315327656973,,,,,
2989,995.158896,14.432125566034893,14.397173639957083,14.57426333598677,14.521769037069234,14.56693166387945,14.547468273641922,14.611890927285172,14.616554977675518,14.605366447389791,14.61349361227061,14.621184385998475,14.546145344409194,14.527048276879095,14.546530848259698,,,,,
2990,995.648304,14.42985189759083,14.394780924831128,14.572073245806621,14.519493892566723,14.564729204794787,14.546690905782762,14.609828260626005,14.61443817501861,14.603220180143612,14.611355644561034,14.619112224076527,14.543998170306219,14.524849491080804,14.544364202382948,,,,,
2991,996.003,14.436097086617405,14.401353101388725,14.578088829268815,14.525743096041795,14.570778807489571,14.548826396561315,14.615493885812345,14.620252467421055,14.609115381889572,14.617228039027614,14.62480385803833,14.549895830621537,14.530888906951636,14.550315327664752,,,,,
2992,996.157896,14.43212556585148,14.397173639659353,14.574263335824382,14.521769036838554,14.566931663737689,14.547468273650393,14.611890927211592,14.616554977574062,14.605366447269327,14.613493612147428,14.621184385910183,14.546145344287035,14.52704827670357,14.546530848099547,,,,,
2993,996.647304,14.42985189830987,14.394780925967407,14.57207324642595,14.519493893469955,14.564729205351567,14.546690905774513,14.609828260936885,14.614438175425752,14.603220180628492,14.611355645048489,14.619112224423015,14.543998170792413,14.524849491748874,14.544364202997537,,,,,
2994,997.002,14.436097089968948,14.401353106551364,14.578088832171202,14.525743100159334,14.570778810117352,14.548826396497427,14.615493887301744,14.62025246935758,14.60911538416786,14.617228041321644,14.624803859699512,14.549895832943047,14.530888910055637,14.550315330561189,,,,,
2995,997.156896,14.432125538805838,14.3971736112647,14.574263309354878,14.521769009553186,14.566931637521169,14.547468281221342,14.611890903348359,14.616554952399676,14.605366421576996,14.61349358656073,14.621184361489156,14.546145318880086,14.527048250578057,14.54653082256135,,,,,
2996,997.646304,14.42985199694573,14.394781022560782,14.57207334460304,14.519493989871702,14.564729303624494,14.546690874512835,14.609828354118415,14.614438272238532,14.603220278151179,14.61135574209474,14.619112319233576,14.543998266982992,14.524849587613971,14.544364297327869,,,,,
2997,998.001,14.436097506489133,14.401353483684474,14.578089253006356,14.525743492493115,14.570779236459346,14.548826248994713,14.615494307474615,14.620252899614014,14.609115812132112,14.61722846681034,14.624804284753708,14.549896254291584,14.530889317003332,14.550315733689006,,,,,
2998,998.155896,14.431932151712937,14.396970159894378,14.574077008870228,14.521575519849737,14.56674428351183,14.547402542289783,14.611715424199069,14.616374865259921,14.605183835625537,14.613311707771999,14.621008071036552,14.545962665876917,14.52686123095039,14.54634653611552,,,,,
2999,998.645304,14.430654827688928,14.395625877047413,14.57284668311856,14.520297347544494,14.565506999165558,14.5469648914713,14.610556670442133,14.615185722773926,14.603978134088685,14.612110666308974,14.619843994981382,14.5447564248849,14.52562596864962,14.545129322012155,,,,,
3000,999.0,14.439903418991342,14.405359270526946,14.581755021696567,14.529552075907986,14.574465712100928,14.550130013943445,14.618946590238343,14.623795783799391,14.612708087478813,14.620806853135665,14.62827241116844,14.55349012325259,14.53456980144567,14.55394239255937,,,,,
