,t,T,u
0,0.0,21.969368578037354,5.0
1,1.0,21.674896762468187,5.0
2,2.0,21.516054508584972,5.0
3,3.0,21.811547223037227,5.0
4,4.0,21.617496757845075,5.0
5,5.0,22.178313472130597,5.0
6,6.0,21.825958338885076,5.0
7,7.0,21.92569541321525,5.0
8,8.0,22.104611929914746,5.0
9,9.0,22.810412978664786,5.0
10,10.0,21.985501213167787,5.0
11,11.0,22.951735243137247,5.0
12,12.0,23.05953644665427,5.0
13,13.0,22.560102431679606,5.0
14,14.0,22.864370743671913,5.0
15,15.0,22.657856581174293,5.0
16,16.0,23.14453704672969,5.0
17,17.0,23.32415779714009,5.0
18,18.0,23.116848985400356,5.0
19,19.0,23.04303854555206,5.0
20,20.0,23.14190412795306,5.0
21,21.0,23.17985071851221,5.0
22,22.0,23.293984816810536,5.0
23,23.0,22.790094846867802,5.0
24,24.0,23.140894807752435,5.0
25,25.0,23.718790428688976,5.0
26,26.0,23.87214607121811,5.0
27,27.0,23.571111057288228,5.0
28,28.0,23.64067538633833,5.0
29,29.0,23.79818952039064,5.0
30,30.0,23.23543393795918,5.0
31,31.0,23.90596717944405,5.0
32,32.0,24.028999451526197,5.0
33,33.0,24.198476036012632,5.0
34,34.0,23.660328557803428,5.0
35,35.0,23.54279754175011,5.0
36,36.0,24.262972269034105,5.0
37,37.0,24.06237136540026,5.0
38,38.0,24.287651811830568,5.0
39,39.0,23.70307081906527,5.0
40,40.0,24.421141686172657,5.0
41,41.0,23.666991385580815,5.0
42,42.0,23.76082994327863,5.0
43,43.0,24.39817053882583,5.0
44,44.0,24.61639825015914,5.0
45,45.0,23.72326080200919,5.0
46,46.0,23.75285036526256,5.0
47,47.0,24.002846959494708,5.0
48,48.0,24.66578349918312,5.0
49,49.0,24.023730191192282,5.0
50,50.0,24.491628906482486,5.0
51,51.0,23.9194135142865,5.0
52,52.0,24.12605970812181,5.0
53,53.0,24.16434365109651,5.0
54,54.0,24.97819939173249,5.0
55,55.0,24.62215324747115,5.0
56,56.0,24.173916007612966,5.0
57,57.0,25.043855138276694,5.0
58,58.0,24.12198344378262,5.0
59,59.0,24.58326901995459,5.0
60,60.0,24.93442411906784,5.0
61,61.0,24.305985944538968,5.0
62,62.0,25.17685427123848,5.0
63,63.0,24.600454331885473,5.0
64,64.0,25.000656558163193,5.0
65,65.0,24.439595328631587,5.0
66,66.0,25.212057573077196,5.0
67,67.0,24.644179014580548,5.0
68,68.0,25.28144944986618,5.0
69,69.0,25.10102171580705,5.0
70,70.0,25.12885968455451,5.0
71,71.0,25.08720514877342,5.0
72,72.0,25.363612945291976,5.0
73,73.0,25.22510906198964,5.0
74,74.0,25.174171375395648,5.0
75,75.0,25.091841065111975,5.0
76,76.0,25.402276113015702,5.0
77,77.0,24.651384066701468,5.0
78,78.0,25.475018610718752,5.0
79,79.0,24.635137258632682,5.0
80,80.0,24.860171261131725,5.0
81,81.0,25.250805183343502,5.0
82,82.0,25.357636587165857,5.0
83,83.0,24.880416741433514,5.0
84,84.0,25.025015146267133,5.0
85,85.0,25.571431249147718,5.0
86,86.0,25.1263861408337,5.0
87,87.0,24.836161906298294,5.0
88,88.0,25.008016102070755,5.0
89,89.0,25.35647691579669,5.0
90,90.0,25.316632783973283,5.0
91,91.0,25.62114318309694,5.0
92,92.0,25.17224949912877,5.0
93,93.0,24.988384665690788,5.0
94,94.0,25.329115407803563,5.0
95,95.0,25.568766475815373,5.0
96,96.0,25.371379560281994,5.0
97,97.0,25.367940823313653,5.0
98,98.0,24.99158098535699,5.0
99,99.0,25.445539048248335,5.0
100,100.0,25.830419085766028,5.0
101,101.0,25.17979379109979,5.0
102,102.0,25.55280401211472,5.0
103,103.0,25.875283756918034,5.0
104,104.0,25.31632507929384,5.0
105,105.0,25.312004825950154,5.0
106,106.0,25.479135003393942,5.0
107,107.0,25.800420254519985,5.0
108,108.0,25.54297786581507,5.0
109,109.0,25.201729498294622,5.0
110,110.0,25.591555954646154,5.0
111,111.0,25.776672608272897,5.0
112,112.0,25.766395606602174,5.0
113,113.0,25.612769729273822,5.0
114,114.0,25.27140934619851,5.0
115,115.0,26.118701497744908,5.0
116,116.0,25.54714371129753,5.0
117,117.0,25.204970108100955,5.0
118,118.0,26.159324365508052,5.0
119,119.0,25.76850144790138,5.0
120,120.0,25.436630994935847,5.0
121,121.0,25.661258700251306,5.0
122,122.0,26.216604939775507,5.0
123,123.0,26.047471616058814,5.0
124,124.0,26.12188967124912,5.0
125,125.0,26.042692190027864,5.0
126,126.0,26.11843954897538,5.0
127,127.0,25.43096373600275,5.0
128,128.0,25.95598794226865,5.0
129,129.0,26.007677455686082,5.0
130,130.0,26.115441955741254,5.0
131,131.0,25.383847428560607,5.0
132,132.0,25.817101949614628,5.0
133,133.0,25.81790285770331,5.0
134,134.0,25.945088355820957,5.0
135,135.0,26.214341280543675,5.0
136,136.0,25.985703398236538,5.0
137,137.0,26.316818891521354,5.0
138,138.0,25.90413472383783,5.0
139,139.0,25.588326963771816,5.0
140,140.0,26.391445789241438,5.0
141,141.0,26.04342859636524,5.0
142,142.0,25.5525564364376,5.0
143,143.0,25.93058250883463,5.0
144,144.0,25.814805369839373,5.0
145,145.0,26.06456303674692,5.0
146,146.0,26.24417646997793,5.0
147,147.0,25.798670619047282,5.0
148,148.0,25.703992631499208,5.0
149,149.0,25.935859534245555,5.0
150,150.0,26.462622680447996,5.0
151,151.0,26.087304294927,5.0
152,152.0,26.120308365674653,5.0
153,153.0,26.342580579453536,5.0
154,154.0,26.38919371983633,5.0
155,155.0,25.700142436573792,5.0
156,156.0,26.457802362516674,5.0
157,157.0,25.911528002630597,5.0
158,158.0,25.675674075408143,5.0
159,159.0,26.296221897675686,5.0
160,160.0,26.248215968550113,5.0
161,161.0,26.403093592616703,5.0
162,162.0,26.362523939397917,5.0
163,163.0,25.620785480451076,5.0
164,164.0,26.3339151894364,5.0
165,165.0,25.966193549342794,5.0
166,166.0,26.2094627399153,5.0
167,167.0,26.179902287636892,5.0
168,168.0,26.353788978867204,5.0
169,169.0,26.522851070600037,5.0
170,170.0,25.832194528462896,5.0
171,171.0,26.13214107976999,5.0
172,172.0,26.060980372774875,5.0
173,173.0,26.447687611050803,5.0
174,174.0,26.3157035280417,5.0
175,175.0,25.66364627687282,5.0
176,176.0,26.251176195216487,5.0
177,177.0,26.421684602345927,5.0
178,178.0,25.823430168029866,5.0
179,179.0,26.110332921078072,5.0
180,180.0,26.088096507588673,5.0
181,181.0,26.421893376537703,5.0
182,182.0,26.04420636904193,5.0
183,183.0,25.85572736406501,5.0
184,184.0,26.033663571603473,5.0
185,185.0,26.588689078674257,5.0
186,186.0,25.697124609723655,5.0
187,187.0,26.18107331948275,5.0
188,188.0,26.006639777077563,5.0
189,189.0,26.10740319394463,5.0
190,190.0,26.320603060304407,5.0
191,191.0,25.80265660583314,5.0
192,192.0,26.209981472949643,5.0
193,193.0,26.424189725552164,5.0
194,194.0,25.91355122141407,5.0
195,195.0,25.807734012514207,5.0
196,196.0,25.901342601209432,5.0
197,197.0,25.727958662318542,5.0
198,198.0,26.475534901528025,5.0
199,199.0,25.777653390874985,5.0
200,200.0,25.629237203528223,5.0
201,201.0,26.383707054532128,5.0
202,202.0,26.46710293786964,5.0
203,203.0,25.8476375388812,5.0
204,204.0,25.820862666319584,5.0
205,205.0,26.14644010395986,5.0
206,206.0,26.181743793104637,5.0
207,207.0,25.69397407856521,5.0
208,208.0,26.39049239219246,5.0
209,209.0,25.628472454573288,5.0
210,210.0,26.008283168085686,5.0
211,211.0,25.663084831031025,5.0
212,212.0,26.203919657541952,5.0
213,213.0,26.484474297483622,5.0
214,214.0,25.647137499404746,5.0
215,215.0,26.16137245192476,5.0
216,216.0,25.987492042718262,5.0
217,217.0,25.73505599812024,5.0
218,218.0,25.943730346475533,5.0
219,219.0,25.92731831033796,5.0
220,220.0,26.380724983990127,0.0
221,221.0,25.605313340970266,0.0
222,222.0,25.848654747616845,0.0
223,223.0,25.566443487230988,0.0
224,224.0,25.864663263479915,0.0
225,225.0,25.999782024422906,0.0
226,226.0,25.5450159269238,0.0
227,227.0,26.113997199611024,0.0
228,228.0,25.93038629291297,0.0
229,229.0,25.80150236678559,0.0
230,230.0,25.227752340276012,0.0
231,231.0,26.025341757900254,0.0
232,232.0,25.396460732761422,0.0
233,233.0,25.98014248351596,0.0
234,234.0,25.741265314840973,0.0
235,235.0,25.856740190852637,0.0
236,236.0,25.40573310033203,0.0
237,237.0,25.309952911109043,0.0
238,238.0,25.6089332942374,0.0
239,239.0,25.248912662788015,0.0
240,240.0,25.681851633794814,0.0
241,241.0,25.463184645893225,0.0
242,242.0,24.68614661854961,0.0
243,243.0,25.037187065988903,0.0
244,244.0,24.863028952272316,0.0
245,245.0,24.54820040130536,0.0
246,246.0,24.80921483628601,0.0
247,247.0,24.962321313783946,0.0
248,248.0,25.327424081292737,0.0
249,249.0,24.562112950777824,0.0
250,250.0,24.97533323889008,0.0
251,251.0,24.851011522544113,0.0
252,252.0,24.902440076866874,0.0
253,253.0,24.365597014401263,0.0
254,254.0,24.687907124391195,0.0
255,255.0,24.532799126987495,0.0
256,256.0,24.845441316490575,0.0
257,257.0,25.109410454810366,0.0
258,258.0,24.863037062782368,0.0
259,259.0,24.825628086487676,0.0
260,260.0,24.45638872884531,0.0
261,261.0,24.998121509045188,0.0
262,262.0,24.95835003195975,0.0
263,263.0,24.944919319529422,0.0
264,264.0,24.33756516869774,0.0
265,265.0,24.683797758574933,0.0
266,266.0,24.83959544009167,0.0
267,267.0,24.585240929788586,0.0
268,268.0,24.029324342435267,0.0
269,269.0,24.613027984280457,0.0
270,270.0,24.755443810733873,0.0
271,271.0,23.821438057118407,0.0
272,272.0,24.12145613446582,0.0
273,273.0,24.34317019674898,0.0
274,274.0,24.099212582291717,0.0
275,275.0,23.869605886393526,0.0
276,276.0,24.33209578505261,0.0
277,277.0,23.821133993477122,0.0
278,278.0,24.33223353826658,0.0
279,279.0,23.845196349300043,0.0
280,280.0,24.405438710768678,0.0
281,281.0,24.23238800262112,0.0
282,282.0,23.63593014752034,0.0
283,283.0,23.57161526057435,0.0
284,284.0,23.45186370264791,0.0
285,285.0,24.127834341903082,0.0
286,286.0,23.82559833869429,0.0
287,287.0,23.606661979875753,0.0
288,288.0,24.004819632724214,0.0
289,289.0,24.24179322075821,0.0
290,290.0,23.627887350099357,0.0
291,291.0,24.039921319235233,0.0
292,292.0,23.67855219500731,0.0
293,293.0,23.815625414026368,0.0
294,294.0,23.784073893880674,0.0
295,295.0,23.66809251054675,0.0
296,296.0,23.70999420852545,0.0
297,297.0,24.140998638980538,0.0
298,298.0,23.5770598974478,0.0
299,299.0,23.918651617945176,0.0
300,300.0,23.764333123292936,0.0
301,301.0,23.698286747732443,0.0
302,302.0,23.426835424928402,0.0
303,303.0,23.58011128911229,0.0
304,304.0,23.563408487024738,0.0
305,305.0,23.379072430568208,0.0
306,306.0,23.012099547383063,0.0
307,307.0,23.864197703707987,0.0
308,308.0,23.2246929290603,0.0
309,309.0,22.983009331303684,0.0
310,310.0,23.446700063060295,0.0
311,311.0,23.328299400075426,0.0
312,312.0,23.378048661752313,0.0
313,313.0,23.32022254540787,0.0
314,314.0,23.160963068201234,0.0
315,315.0,23.30826225936738,0.0
316,316.0,23.194171960690785,0.0
317,317.0,23.572047549230618,0.0
318,318.0,23.620415098778484,0.0
319,319.0,22.837056629647574,0.0
320,320.0,23.22237442336599,0.0
321,321.0,23.027717834891543,0.0
322,322.0,23.28812666197304,0.0
323,323.0,22.86511872465622,0.0
324,324.0,23.613399471807416,0.0
325,325.0,23.381675811282324,0.0
326,326.0,23.228108044518343,0.0
327,327.0,22.934967101013743,0.0
328,328.0,23.18216507245297,0.0
329,329.0,22.94958681920524,0.0
330,330.0,23.218439942576484,0.0
331,331.0,23.527985194482433,0.0
332,332.0,22.96767281173603,0.0
333,333.0,22.797931305783436,0.0
334,334.0,23.24028509891218,0.0
335,335.0,23.00876198608726,0.0
336,336.0,23.38108466325836,0.0
337,337.0,22.7799256132965,0.0
338,338.0,23.24301369680893,0.0
339,339.0,23.29755749166141,0.0
340,340.0,23.45462656424187,0.0
341,341.0,23.147129233644403,0.0
342,342.0,22.611805459283524,0.0
343,343.0,23.207632123197516,0.0
344,344.0,23.27653676558363,0.0
345,345.0,22.848314265730657,0.0
346,346.0,22.66049355790961,0.0
347,347.0,22.981066821388204,0.0
348,348.0,22.97668248714043,0.0
349,349.0,22.55666598113603,0.0
350,350.0,22.658209464116023,0.0
351,351.0,23.27989462355285,0.0
352,352.0,23.306640926723365,0.0
353,353.0,22.750141813359697,0.0
354,354.0,22.516568843912204,0.0
355,355.0,22.456013243006353,0.0
356,356.0,23.087236303427524,0.0
357,357.0,23.096802531186057,0.0
358,358.0,23.15896172816723,0.0
359,359.0,22.31332421331171,0.0
360,360.0,22.522367897645392,0.0
361,361.0,22.274554288060827,0.0
362,362.0,22.808950350738233,0.0
363,363.0,23.116349177577703,0.0
364,364.0,22.47633623631228,0.0
365,365.0,22.35297231684443,0.0
366,366.0,22.64760926169268,0.0
367,367.0,22.89640064493642,0.0
368,368.0,22.18816675281705,0.0
369,369.0,22.32234714798106,0.0
370,370.0,22.25928574161055,0.0
371,371.0,22.272376907571235,0.0
372,372.0,22.454631203087214,0.0
373,373.0,22.545635702782043,0.0
374,374.0,22.710529253333153,0.0
375,375.0,22.511439401939423,0.0
376,376.0,22.415278487607114,0.0
377,377.0,22.636088304094077,0.0
378,378.0,22.037966617211158,0.0
379,379.0,22.667564142434355,0.0
380,380.0,22.889435850444826,0.0
381,381.0,22.34174181687062,0.0
382,382.0,22.95036395743509,0.0
383,383.0,22.90005165583108,0.0
384,384.0,22.50036438634325,0.0
385,385.0,22.514547693906547,0.0
386,386.0,21.97212287271832,0.0
387,387.0,22.09575329921337,0.0
388,388.0,22.490384802869464,0.0
389,389.0,22.76976812120174,0.0
390,390.0,22.665576346963668,0.0
391,391.0,22.473843858209307,0.0
392,392.0,22.602007476511844,0.0
393,393.0,22.227226283227804,0.0
394,394.0,22.18072077995955,0.0
395,395.0,22.656454760588865,0.0
396,396.0,22.206463928665976,0.0
397,397.0,22.527452101930383,0.0
398,398.0,22.586217161281006,0.0
399,399.0,22.017363708000374,0.0
400,400.0,22.641469075922476,0.0
401,401.0,21.809960421911473,0.0
402,402.0,22.599535693999574,0.0
403,403.0,22.049302518893114,0.0
404,404.0,22.25359416933119,0.0
405,405.0,22.135974926473306,0.0
406,406.0,21.947827156982264,0.0
407,407.0,22.231498529370548,0.0
408,408.0,22.59119306244978,0.0
409,409.0,22.65310363007723,0.0
410,410.0,22.044551902458966,0.0
411,411.0,22.250276753035916,0.0
412,412.0,22.32431286396791,0.0
413,413.0,22.547781624615297,0.0
414,414.0,22.153735283082945,0.0
415,415.0,22.56180033028398,0.0
416,416.0,22.223061811484367,0.0
417,417.0,22.6505275583582,0.0
418,418.0,21.888817495972216,0.0
419,419.0,22.289882422316435,0.0
420,420.0,21.788824171683203,0.0
421,421.0,22.309388442278248,0.0
422,422.0,21.669802755032542,0.0
423,423.0,22.53267255163518,0.0
424,424.0,22.00780307838972,0.0
425,425.0,22.367882696819688,0.0
426,426.0,21.774053235149093,0.0
427,427.0,21.900485285270587,0.0
428,428.0,21.93561821605799,0.0
429,429.0,22.150768168619763,0.0
430,430.0,21.788568882174815,0.0
431,431.0,22.036509402053067,0.0
432,432.0,22.322078226198695,0.0
433,433.0,21.853509406028564,0.0
434,434.0,21.697377374414117,0.0
435,435.0,22.226442129032115,0.0
436,436.0,22.26233457364375,0.0
437,437.0,21.85740980829322,0.0
438,438.0,22.063458915949802,0.0
439,439.0,21.785052060061194,0.0
440,440.0,22.247901684171605,0.0
441,441.0,21.957323688272126,0.0
442,442.0,21.881429104841185,0.0
443,443.0,22.069483283103114,0.0
444,444.0,22.177545184554045,0.0
445,445.0,21.941045187469605,0.0
446,446.0,21.69147129077488,0.0
447,447.0,21.839898771146483,0.0
448,448.0,21.577474864901472,0.0
449,449.0,22.115911078915516,0.0
450,450.0,21.52605135385274,0.0
451,451.0,22.075532880191112,0.0
452,452.0,22.30285992742308,0.0
453,453.0,21.999634396562342,0.0
454,454.0,21.543804708202348,0.0
455,455.0,22.09583673926736,0.0
456,456.0,22.043979858532516,0.0
457,457.0,22.11253426784671,0.0
458,458.0,22.132137892353978,0.0
459,459.0,21.8093029996135,0.0
460,460.0,21.93402617898548,0.0
461,461.0,21.949352875163683,0.0
462,462.0,22.275462834318038,0.0
463,463.0,22.126170857666867,0.0
464,464.0,21.966609367499277,0.0
465,465.0,21.540522335959906,0.0
466,466.0,21.94925068076193,0.0
467,467.0,21.47886789735155,0.0
468,468.0,22.065234792712104,0.0
469,469.0,21.485663893088745,0.0
470,470.0,21.445795355863805,0.0
471,471.0,21.384529340084352,0.0
472,472.0,21.763473472536464,0.0
473,473.0,22.15162112480594,0.0
474,474.0,22.05384343084238,0.0
475,475.0,21.809062373843656,0.0
476,476.0,22.17176881740389,0.0
477,477.0,21.48835295330121,0.0
478,478.0,21.743056764389152,0.0
479,479.0,21.366417275618165,0.0
480,480.0,21.47786398590848,0.0
481,481.0,22.230550555866433,0.0
482,482.0,22.001238007511873,0.0
483,483.0,21.76887255524689,0.0
484,484.0,21.3618674709574,0.0
485,485.0,21.887938653090636,0.0
486,486.0,21.668008236338423,0.0
487,487.0,22.19515145539552,0.0
488,488.0,21.419320649779376,0.0
489,489.0,21.300132198072543,0.0
490,490.0,21.350065977532303,0.0
491,491.0,21.257990258219092,0.0
492,492.0,21.869304577344717,0.0
493,493.0,21.46850393839264,0.0
494,494.0,21.26242691816589,0.0
495,495.0,21.922935652563606,0.0
496,496.0,22.0247246690036,0.0
497,497.0,21.70424557159834,0.0
498,498.0,21.956231888613452,0.0
499,499.0,21.548899649297326,0.0
500,500.0,21.602801722138597,0.0
501,501.0,21.784641144402837,0.0
502,502.0,21.95139481135537,0.0
503,503.0,21.529886095145716,0.0
504,504.0,21.69143785441275,0.0
505,505.0,21.361021043707392,0.0
506,506.0,21.59827806445653,0.0
507,507.0,21.88779438310983,0.0
508,508.0,22.142082688466612,0.0
509,509.0,21.275835199800763,0.0
510,510.0,21.760924421285168,0.0
511,511.0,22.0225740333131,0.0
512,512.0,21.947345946895492,0.0
513,513.0,21.808147448670702,0.0
514,514.0,21.606303172647497,0.0
515,515.0,22.101715841937487,0.0
516,516.0,21.4623718355824,0.0
517,517.0,21.18270834581196,0.0
518,518.0,21.303216887412333,0.0
519,519.0,21.78219100289078,0.0
520,520.0,22.041519910814632,0.0
521,521.0,21.598651734188085,0.0
522,522.0,21.833120585949164,0.0
523,523.0,21.16358524787412,0.0
524,524.0,21.214287400436426,0.0
525,525.0,21.782751224439405,0.0
526,526.0,21.810024613770203,0.0
527,527.0,21.78471668397986,0.0
528,528.0,21.365215026103016,0.0
529,529.0,22.014638079435947,0.0
530,530.0,21.908924615836092,0.0
531,531.0,21.511864107000886,0.0
532,532.0,21.281735751094953,0.0
533,533.0,21.820062582766642,0.0
534,534.0,21.191272111888345,0.0
535,535.0,21.301380813372425,0.0
536,536.0,21.50607316999986,0.0
537,537.0,21.655269752332607,0.0
538,538.0,21.666376348349832,0.0
539,539.0,21.231693565239283,0.0
540,540.0,21.301246934759718,0.0
541,541.0,21.71109724336696,0.0
542,542.0,21.98252371228388,0.0
543,543.0,21.6482903335349,0.0
544,544.0,21.263388969357447,0.0
545,545.0,22.08045842522108,0.0
546,546.0,21.553440191112482,0.0
547,547.0,21.426527267097104,0.0
548,548.0,21.80847080541435,0.0
549,549.0,21.108954629578463,0.0
550,550.0,21.416141769643914,0.0
551,551.0,21.098395345213618,0.0
552,552.0,21.779834521643554,0.0
553,553.0,21.990419521625103,0.0
554,554.0,21.66005962793421,0.0
555,555.0,21.999039632528,0.0
556,556.0,21.99067850134531,0.0
557,557.0,21.40738878195251,0.0
558,558.0,21.61987463676057,0.0
559,559.0,21.292793637116656,0.0
560,560.0,21.395432427294722,0.0
561,561.0,21.849398597352675,0.0
562,562.0,21.14434694146503,0.0
563,563.0,21.725235703938854,0.0
564,564.0,21.0996768986998,0.0
565,565.0,21.634728595044198,0.0
566,566.0,21.93226084126469,0.0
567,567.0,21.557926096513906,0.0
568,568.0,21.278425515198776,0.0
569,569.0,21.087384335834845,0.0
570,570.0,21.569085265232818,0.0
571,571.0,21.469961362869466,0.0
572,572.0,21.153899772134515,0.0
573,573.0,21.924405851149668,0.0
574,574.0,21.861114242220225,0.0
575,575.0,21.890217923391383,0.0
576,576.0,21.476345571916223,0.0
577,577.0,21.88890157427626,0.0
578,578.0,21.73003156425977,0.0
579,579.0,21.666551791228965,0.0
580,580.0,21.23006393326871,0.0
581,581.0,21.641705818605427,0.0
582,582.0,21.62357823203866,0.0
583,583.0,21.656059490067022,0.0
584,584.0,21.097814840102988,0.0
585,585.0,21.15853055070226,0.0
586,586.0,21.925930277358074,0.0
587,587.0,22.002148317272127,0.0
588,588.0,21.46579862991616,0.0
589,589.0,21.876153957382687,0.0
590,590.0,21.972285222702023,0.0
591,591.0,21.810944301850228,0.0
592,592.0,21.140325973057557,0.0
593,593.0,21.904737203662002,0.0
594,594.0,21.029268568012988,0.0
595,595.0,21.324023637709175,0.0
596,596.0,21.38512331904598,0.0
597,597.0,21.660618154931477,0.0
598,598.0,21.718472304076187,0.0
599,599.0,21.466769219597705,0.0
600,600.0,21.40975257281198,0.0
601,601.0,21.18719283914461,0.0
602,602.0,21.876409145879876,0.0
603,603.0,21.449216436628575,0.0
604,604.0,21.00710417184959,0.0
605,605.0,21.631968184401757,0.0
606,606.0,21.26532571080374,0.0
607,607.0,21.5239997625194,0.0
608,608.0,21.249884065089383,0.0
609,609.0,21.60366219278282,0.0
610,610.0,21.556852622309997,0.0
611,611.0,21.83918685200596,0.0
612,612.0,21.459230671436682,0.0
613,613.0,21.78454830741261,0.0
614,614.0,21.171151147660456,0.0
615,615.0,21.01253475732096,0.0
616,616.0,21.375309043883092,0.0
617,617.0,21.630178657450042,0.0
618,618.0,21.425978776251373,0.0
619,619.0,21.591152088035006,0.0
620,620.0,21.504848173386584,0.0
621,621.0,21.923025599182772,10.0
622,622.0,21.521434998574925,10.0
623,623.0,21.78436294996244,10.0
624,624.0,21.88619506428675,10.0
625,625.0,22.39076731937608,10.0
626,626.0,22.522885783062094,10.0
627,627.0,23.01118456414298,10.0
628,628.0,22.803786880546646,10.0
629,629.0,23.45679302704501,10.0
630,630.0,23.888386349583737,10.0
631,631.0,24.33597532131848,10.0
632,632.0,23.770164283434493,10.0
633,633.0,23.955739446809748,10.0
634,634.0,24.01411963708612,10.0
635,635.0,24.96149807863059,10.0
636,636.0,25.08245769072891,10.0
637,637.0,24.288097518705698,10.0
638,638.0,25.158203229763522,10.0
639,639.0,25.27563932550232,10.0
640,640.0,25.38583252432248,10.0
641,641.0,25.700196858962634,10.0
642,642.0,25.674196393408106,10.0
643,643.0,25.955214830688316,10.0
644,644.0,25.916288710888978,10.0
645,645.0,25.755438259173147,10.0
646,646.0,25.83704631410703,10.0
647,647.0,26.28220809262929,10.0
648,648.0,25.737158720385285,10.0
649,649.0,25.628439508670827,10.0
650,650.0,26.625914898335097,10.0
651,651.0,25.83458332838188,10.0
652,652.0,25.928134232289793,10.0
653,653.0,25.96211056014548,10.0
654,654.0,26.84309656921652,10.0
655,655.0,26.37227704514638,10.0
656,656.0,26.893629773680214,10.0
657,657.0,27.023694623789556,10.0
658,658.0,27.314711551484216,10.0
659,659.0,27.016228786246288,10.0
660,660.0,26.5140101097984,10.0
661,661.0,27.51719402166023,10.0
662,662.0,26.81866701847685,10.0
663,663.0,27.042794777531164,10.0
664,664.0,27.29525601833906,10.0
665,665.0,27.553525263166573,10.0
666,666.0,27.74138598241059,10.0
667,667.0,27.266646977220635,10.0
668,668.0,27.48061787888425,10.0
669,669.0,27.93176521393371,10.0
670,670.0,27.606819905141208,10.0
671,671.0,27.67983838368836,10.0
672,672.0,27.192805975970746,10.0
673,673.0,27.865462935686573,10.0
674,674.0,27.60098389552403,10.0
675,675.0,27.637737943026437,10.0
676,676.0,27.577072313940384,10.0
677,677.0,27.694396145283214,10.0
678,678.0,28.280649008595333,10.0
679,679.0,27.61904560251177,10.0
680,680.0,28.407645440083247,10.0
681,681.0,28.13658605081737,10.0
682,682.0,27.90284902701966,10.0
683,683.0,28.145695152626814,10.0
684,684.0,27.824488789518778,10.0
685,685.0,27.957709334744226,10.0
686,686.0,28.227082913238082,10.0
687,687.0,28.16950207901783,10.0
688,688.0,28.307861551141453,10.0
689,689.0,28.696381974434637,10.0
690,690.0,28.17806100422054,10.0
691,691.0,28.47308763104507,10.0
692,692.0,28.805263939410803,10.0
693,693.0,28.491857756754293,10.0
694,694.0,28.747725781567155,10.0
695,695.0,28.916060516455588,10.0
696,696.0,28.95673263665744,10.0
697,697.0,28.372474998837912,10.0
698,698.0,29.03491411605043,10.0
699,699.0,29.26695710866341,10.0
700,700.0,29.146639561007163,10.0
701,701.0,29.318664174946367,10.0
702,702.0,28.927902554531872,10.0
703,703.0,29.251384956934288,10.0
704,704.0,28.711232046523055,10.0
705,705.0,29.393111228300768,10.0
706,706.0,28.738846801709514,10.0
707,707.0,28.83888658848759,10.0
708,708.0,28.952088546345053,10.0
709,709.0,28.877683154516703,10.0
710,710.0,28.93488474751847,10.0
711,711.0,29.31230236944157,10.0
712,712.0,29.646017047352377,10.0
713,713.0,29.097028533218804,10.0
714,714.0,29.21781112729173,10.0
715,715.0,29.26239726898998,10.0
716,716.0,28.95945144604936,10.0
717,717.0,29.508098025380292,10.0
718,718.0,29.22482091517447,10.0
719,719.0,29.053304062727406,10.0
720,720.0,29.410338293378697,10.0
721,721.0,29.11384097636733,10.0
722,722.0,29.887541454384152,10.0
723,723.0,29.78923312369618,10.0
724,724.0,29.85839158041237,10.0
725,725.0,29.729559653040475,10.0
726,726.0,29.84378448319236,10.0
727,727.0,29.743408653026812,10.0
728,728.0,29.128702893260286,10.0
729,729.0,29.862157176676405,10.0
730,730.0,29.95421384388352,10.0
731,731.0,29.65033678791534,10.0
732,732.0,29.257488901659585,10.0
733,733.0,29.772087809728674,10.0
734,734.0,29.628046490152038,10.0
735,735.0,29.38652059649149,10.0
736,736.0,29.312803992234336,10.0
737,737.0,29.992289564028304,10.0
738,738.0,29.919441995129944,10.0
739,739.0,30.281230921375847,10.0
740,740.0,29.927070909514757,10.0
741,741.0,30.135324052738838,10.0
742,742.0,29.906869244926447,10.0
743,743.0,29.450973551084925,10.0
744,744.0,29.55446807477248,10.0
745,745.0,29.769327287200653,10.0
746,746.0,29.463094848623665,10.0
747,747.0,30.126503216488505,10.0
748,748.0,29.928395688571342,10.0
749,749.0,30.235762224821986,10.0
750,750.0,29.780533312245794,10.0
751,751.0,29.613920801616754,10.0
752,752.0,30.104908492702666,10.0
753,753.0,29.55274727052225,10.0
754,754.0,29.70300487404438,10.0
755,755.0,30.354280477745192,10.0
756,756.0,29.613813652035056,10.0
757,757.0,29.919523979469112,10.0
758,758.0,30.335646492909067,10.0
759,759.0,30.148013284449473,10.0
760,760.0,30.09712981507678,10.0
761,761.0,30.25594478331554,10.0
762,762.0,29.815060877169433,10.0
763,763.0,29.860110204871972,10.0
764,764.0,30.277569819817238,10.0
765,765.0,30.170650127909983,10.0
766,766.0,29.684299306110137,10.0
767,767.0,30.002859706197448,10.0
768,768.0,30.546482078330286,10.0
769,769.0,30.609930285080868,10.0
770,770.0,29.90264898122817,10.0
771,771.0,29.787339462233607,10.0
772,772.0,30.448469413905528,10.0
773,773.0,30.721778082614648,10.0
774,774.0,30.570739862543277,10.0
775,775.0,30.3836916132521,10.0
776,776.0,29.81944078226065,10.0
777,777.0,29.95273621835924,10.0
778,778.0,30.595860362320604,10.0
779,779.0,30.64898326548475,10.0
780,780.0,30.597297517478765,10.0
781,781.0,30.23704026095249,10.0
782,782.0,30.18191879159802,10.0
783,783.0,30.476316774957308,10.0
784,784.0,30.675492026147335,10.0
785,785.0,30.132736811420816,10.0
786,786.0,30.067268076577673,10.0
787,787.0,30.077974231240614,10.0
788,788.0,30.859041989346764,10.0
789,789.0,30.082297607623183,10.0
790,790.0,30.37168234154415,10.0
791,791.0,30.20701324723577,10.0
792,792.0,30.858962672887525,10.0
793,793.0,30.568833473062554,10.0
794,794.0,29.954637961848224,10.0
795,795.0,29.999634831126613,10.0
796,796.0,30.018079079557204,10.0
797,797.0,30.705222570954128,10.0
798,798.0,30.107640000262084,10.0
799,799.0,29.988578754173115,10.0
800,800.0,29.98167491602601,10.0
801,801.0,30.624188416102168,10.0
802,802.0,30.537401457485796,10.0
803,803.0,30.031044998628268,10.0
804,804.0,30.432871602902566,10.0
805,805.0,30.011386338485124,10.0
806,806.0,29.97776331378051,10.0
807,807.0,30.593737278769215,10.0
808,808.0,30.71464782180979,10.0
809,809.0,30.11162927565773,10.0
810,810.0,30.081334102404227,10.0
811,811.0,30.144479566529828,10.0
812,812.0,30.481099287972043,10.0
813,813.0,30.471031408377,10.0
814,814.0,30.69724277440366,10.0
815,815.0,30.36703019326533,10.0
816,816.0,30.44001947942737,10.0
817,817.0,30.53770018254823,10.0
818,818.0,30.52068573759148,10.0
819,819.0,30.193779301058143,10.0
820,820.0,30.741215892145185,10.0
821,821.0,30.618058012720397,10.0
822,822.0,30.491958182658482,10.0
823,823.0,30.448807030120086,10.0
824,824.0,30.58039239351267,10.0
825,825.0,30.558396948125207,10.0
826,826.0,30.424553820429804,10.0
827,827.0,30.550478988997863,10.0
828,828.0,30.035682938212055,10.0
829,829.0,30.63367143562754,10.0
830,830.0,30.765655488084647,10.0
831,831.0,30.44720291972278,10.0
832,832.0,30.681897898584563,10.0
833,833.0,30.405238638598632,10.0
834,834.0,30.8770601992509,10.0
835,835.0,30.377859455371453,10.0
836,836.0,29.99611774132837,10.0
837,837.0,30.343433331188844,10.0
838,838.0,30.86642145692125,10.0
839,839.0,30.026158585812322,10.0
840,840.0,30.77267605479126,10.0
841,841.0,30.130733099270042,0.0
842,842.0,30.306465716156524,0.0
843,843.0,30.054503240775194,0.0
844,844.0,30.19634385691605,0.0
845,845.0,30.08098346771094,0.0
846,846.0,29.78486839718935,0.0
847,847.0,29.423526884202204,0.0
848,848.0,29.727660095005078,0.0
849,849.0,29.122960492072142,0.0
850,850.0,29.17593687704541,0.0
851,851.0,28.75762127351293,0.0
852,852.0,29.417038924407592,0.0
853,853.0,28.7795687584612,0.0
854,854.0,28.753421238397543,0.0
855,855.0,28.687807489249572,0.0
856,856.0,28.366177348120527,0.0
857,857.0,28.444136970188477,0.0
858,858.0,28.84354669461904,0.0
859,859.0,28.131965733047323,0.0
860,860.0,28.252345971518057,0.0
861,861.0,28.16760256303524,0.0
862,862.0,27.75207509551065,0.0
863,863.0,27.56188326771508,0.0
864,864.0,27.66880193774448,0.0
865,865.0,27.36189643797993,0.0
866,866.0,27.87932494861211,0.0
867,867.0,27.648569115224447,0.0
868,868.0,27.477752291336053,0.0
869,869.0,27.45552389999243,0.0
870,870.0,27.891525917076144,0.0
871,871.0,26.853430558998987,0.0
872,872.0,27.570174913654142,0.0
873,873.0,27.036355777808225,0.0
874,874.0,27.13012286148819,0.0
875,875.0,27.322659425433677,0.0
876,876.0,27.24720397384408,0.0
877,877.0,26.97870673979115,0.0
878,878.0,26.99630186977997,0.0
879,879.0,26.769683594217362,0.0
880,880.0,27.23491578585286,0.0
881,881.0,27.13257573949968,0.0
882,882.0,26.35301308122335,0.0
883,883.0,26.106373626855905,0.0
884,884.0,26.29778132790146,0.0
885,885.0,26.266161580048948,0.0
886,886.0,26.115022260739533,0.0
887,887.0,26.76541758040103,0.0
888,888.0,26.79068057069434,0.0
889,889.0,26.367159793220612,0.0
890,890.0,26.19064221924696,0.0
891,891.0,26.32935225167183,0.0
892,892.0,25.96606537434585,0.0
893,893.0,26.26978920563584,0.0
894,894.0,26.30392237441073,0.0
895,895.0,26.374036676310293,0.0
896,896.0,25.872264566559995,0.0
897,897.0,25.833963182000097,0.0
898,898.0,25.93249947714907,0.0
899,899.0,25.59072846079708,0.0
900,900.0,25.28009257547346,0.0
901,901.0,25.787342402679695,0.0
902,902.0,25.51000814997768,0.0
903,903.0,25.561782435671617,0.0
904,904.0,25.955520419787455,0.0
905,905.0,25.735934464278365,0.0
906,906.0,25.798967944126368,0.0
907,907.0,25.802063643528324,0.0
908,908.0,25.810041361453386,0.0
909,909.0,25.443092040536612,0.0
910,910.0,25.42112884727419,0.0
911,911.0,25.050680575981726,0.0
912,912.0,24.845427672703387,0.0
913,913.0,24.87693402268408,0.0
914,914.0,25.13622819109323,0.0
915,915.0,25.63559244567923,0.0
916,916.0,24.748098665354835,0.0
917,917.0,25.051559759388773,0.0
918,918.0,25.075796111759853,0.0
919,919.0,25.503140220990254,0.0
920,920.0,25.465639968153862,0.0
921,921.0,24.77349462817407,0.0
922,922.0,24.979688585798446,0.0
923,923.0,24.92327556669525,0.0
924,924.0,25.19668757926307,0.0
925,925.0,24.712429451308303,0.0
926,926.0,24.397085505235868,0.0
927,927.0,24.617234552564504,0.0
928,928.0,25.081033023798206,0.0
929,929.0,24.977438372497204,0.0
930,930.0,24.33127314425816,0.0
931,931.0,25.046918583539348,0.0
932,932.0,24.839357260134808,0.0
933,933.0,24.816652300505183,0.0
934,934.0,24.908545731994376,0.0
935,935.0,24.14890481652573,0.0
936,936.0,24.11643998807895,0.0
937,937.0,24.90698374080973,0.0
938,938.0,24.753681188302334,0.0
939,939.0,24.793860163502224,0.0
940,940.0,24.18405021634554,0.0
941,941.0,23.9804676345945,0.0
942,942.0,23.95823817712426,0.0
943,943.0,24.182459213404158,0.0
944,944.0,24.026781126949093,0.0
945,945.0,23.764562879987324,0.0
946,946.0,24.51345973181029,0.0
947,947.0,23.93886022622056,0.0
948,948.0,23.925771215424998,0.0
949,949.0,24.56971082384194,0.0
950,950.0,23.837888627197007,0.0
951,951.0,23.703734279988325,0.0
952,952.0,24.44499668219679,0.0
953,953.0,23.870074546386995,0.0
954,954.0,23.795305566655482,0.0
955,955.0,24.141019645048743,0.0
956,956.0,23.769729492930665,0.0
957,957.0,24.145974646733382,0.0
958,958.0,23.841010047008847,0.0
959,959.0,23.860682046659107,0.0
960,960.0,23.52565273089909,0.0
961,961.0,23.55944214243024,0.0
962,962.0,23.876135207024465,0.0
963,963.0,23.637667913185545,0.0
964,964.0,23.405543020724178,0.0
965,965.0,23.325357098787613,0.0
966,966.0,24.069359558270634,0.0
967,967.0,23.285645514411822,0.0
968,968.0,23.92891766018892,0.0
969,969.0,23.577571948551203,0.0
970,970.0,23.960761185815734,0.0
971,971.0,23.797088073828792,0.0
972,972.0,23.880205317207587,0.0
973,973.0,23.200114106874803,0.0
974,974.0,23.877560724737027,0.0
975,975.0,23.681051407247995,0.0
976,976.0,23.592193704398895,0.0
977,977.0,23.512608899997637,0.0
978,978.0,23.036005972754175,0.0
979,979.0,22.963422951574536,0.0
980,980.0,23.147775260490384,0.0
981,981.0,23.06534434659887,0.0
982,982.0,23.768878281234315,0.0
983,983.0,23.554393410450277,0.0
984,984.0,22.923204354752443,0.0
985,985.0,23.368480931496403,0.0
986,986.0,23.36054530307459,0.0
987,987.0,22.85180272679996,0.0
988,988.0,23.393228510552127,0.0
989,989.0,23.59996939441088,0.0
990,990.0,23.025478488939054,0.0
991,991.0,23.480550448187536,0.0
992,992.0,23.68420221649345,0.0
993,993.0,23.339481397943242,0.0
994,994.0,22.737307832166426,0.0
995,995.0,22.708738760721005,0.0
996,996.0,23.216333646722365,0.0
997,997.0,23.320617692832954,0.0
998,998.0,23.560388525742084,0.0
999,999.0,22.61009536092899,0.0
1000,1000.0,22.75984146813174,0.0
1001,1001.0,23.01228397216436,0.0
1002,1002.0,23.350901050339388,0.0
1003,1003.0,23.343839983464537,0.0
1004,1004.0,22.690311438366646,0.0
1005,1005.0,23.224973648950986,0.0
1006,1006.0,22.689762234088406,0.0
1007,1007.0,22.684069036906575,0.0
1008,1008.0,22.936853671004744,0.0
1009,1009.0,23.106076808567654,0.0
1010,1010.0,22.629286328789153,0.0
1011,1011.0,23.374201848023645,0.0
1012,1012.0,22.60501931311639,0.0
1013,1013.0,22.55174474198274,0.0
1014,1014.0,22.990657030507265,0.0
1015,1015.0,22.823492295812624,0.0
1016,1016.0,22.518103012184127,0.0
1017,1017.0,22.353727823888455,0.0
1018,1018.0,22.846638795863154,0.0
1019,1019.0,23.049044930710306,0.0
1020,1020.0,22.379835930286056,0.0
1021,1021.0,22.437620265184357,0.0
1022,1022.0,22.35229294627359,0.0
1023,1023.0,22.98759060909631,0.0
1024,1024.0,22.559759403909386,0.0
1025,1025.0,22.911807457525725,0.0
1026,1026.0,22.89913825579397,0.0
1027,1027.0,22.980947950625644,0.0
1028,1028.0,22.53129822242373,0.0
1029,1029.0,22.308033637329398,0.0
1030,1030.0,22.1795448213483,0.0
1031,1031.0,22.418043273772827,0.0
1032,1032.0,22.84495190156911,0.0
1033,1033.0,22.58307810553987,0.0
1034,1034.0,22.259665164089164,0.0
1035,1035.0,22.18412338202842,0.0
1036,1036.0,22.733526550904113,0.0
1037,1037.0,22.466629520836264,0.0
1038,1038.0,22.57720640672678,0.0
1039,1039.0,22.48624560309647,0.0
1040,1040.0,22.442584197102995,0.0
1041,1041.0,22.669149296979143,0.0
1042,1042.0,22.144260762939194,0.0
1043,1043.0,22.989556384894072,0.0
1044,1044.0,22.12842533124836,0.0
1045,1045.0,22.193690104364805,0.0
1046,1046.0,22.138688190655323,0.0
1047,1047.0,22.536519396394684,0.0
1048,1048.0,22.51284022330371,0.0
1049,1049.0,22.879447649882874,0.0
1050,1050.0,22.876492111159006,0.0
1051,1051.0,22.361036199989762,0.0
1052,1052.0,21.911940253664532,0.0
1053,1053.0,22.435039374934632,0.0
1054,1054.0,21.996086494729184,0.0
1055,1055.0,22.08157034368838,0.0
1056,1056.0,22.705335424191574,0.0
1057,1057.0,21.932560992696217,0.0
1058,1058.0,22.47732359723599,0.0
1059,1059.0,22.704798795889598,0.0
1060,1060.0,22.129809800038487,0.0
1061,1061.0,22.269818705754105,0.0
1062,1062.0,22.12299814759936,0.0
1063,1063.0,22.689739178001055,0.0
1064,1064.0,22.076552881087824,0.0
1065,1065.0,21.97319477732555,0.0
1066,1066.0,21.91352821648038,0.0
1067,1067.0,22.63871175165148,0.0
1068,1068.0,22.060888661132033,0.0
1069,1069.0,22.598065280504674,0.0
1070,1070.0,22.490331018508776,0.0
1071,1071.0,22.61149182823261,0.0
1072,1072.0,22.605742309605564,0.0
1073,1073.0,22.524802155051155,0.0
1074,1074.0,22.349807367644264,0.0
1075,1075.0,22.14126336553854,0.0
1076,1076.0,22.155700630928735,0.0
1077,1077.0,22.612483811373934,0.0
1078,1078.0,21.71349438798696,0.0
1079,1079.0,21.922659775994486,0.0
1080,1080.0,21.71279719522526,0.0
1081,1081.0,22.076929215088445,0.0
1082,1082.0,21.75310928370267,0.0
1083,1083.0,21.676897974341635,0.0
1084,1084.0,22.423134388458024,0.0
1085,1085.0,21.846925697602202,0.0
1086,1086.0,21.717688401297945,0.0
1087,1087.0,22.181335137728805,0.0
1088,1088.0,21.899251387167286,0.0
1089,1089.0,22.429060271680182,0.0
1090,1090.0,21.981874066725545,0.0
1091,1091.0,22.02540315689027,0.0
1092,1092.0,21.808451692563125,0.0
1093,1093.0,21.73914485933604,0.0
1094,1094.0,22.071091002242905,0.0
1095,1095.0,21.732669816419136,0.0
1096,1096.0,21.655974559044473,0.0
1097,1097.0,21.563937582044733,0.0
1098,1098.0,21.625690490198437,0.0
1099,1099.0,21.744419108503553,0.0
1100,1100.0,22.03402643508769,0.0
1101,1101.0,22.15398287383545,0.0
1102,1102.0,21.766968087630627,0.0
1103,1103.0,22.17919993814674,0.0
1104,1104.0,21.800082077675114,0.0
1105,1105.0,22.243892200356097,0.0
1106,1106.0,21.577583654968684,0.0
1107,1107.0,21.544485607270893,0.0
1108,1108.0,22.380916984981777,0.0
1109,1109.0,22.297695701029298,0.0
1110,1110.0,21.654312296981427,0.0
1111,1111.0,21.61154217442828,0.0
1112,1112.0,21.816484822874145,0.0
1113,1113.0,21.79526835694988,0.0
1114,1114.0,21.76837387774907,0.0
1115,1115.0,22.081609306548977,0.0
1116,1116.0,21.446925024949564,0.0
1117,1117.0,21.961489615894962,0.0
1118,1118.0,22.065581198569436,0.0
1119,1119.0,21.966601906735196,0.0
1120,1120.0,21.653299014679185,0.0
1121,1121.0,22.227363944554508,0.0
1122,1122.0,21.605862053143102,0.0
1123,1123.0,21.442317830216552,0.0
1124,1124.0,21.74963044385993,0.0
1125,1125.0,21.495606417513095,0.0
1126,1126.0,21.370900227386485,0.0
1127,1127.0,21.929473711011006,0.0
1128,1128.0,22.220031789222514,0.0
1129,1129.0,22.11874082424204,0.0
1130,1130.0,21.881383643945362,0.0
1131,1131.0,22.11237669882343,0.0
1132,1132.0,21.322014245898036,0.0
1133,1133.0,22.001034956842265,0.0
1134,1134.0,21.31694770848231,0.0
1135,1135.0,22.166056177051875,0.0
1136,1136.0,21.96031625024976,0.0
1137,1137.0,22.17867483240121,0.0
1138,1138.0,22.228144143466814,0.0
1139,1139.0,22.226640901339557,0.0
1140,1140.0,21.910720122958804,0.0
1141,1141.0,21.586937435685183,0.0
1142,1142.0,21.638120319137936,0.0
1143,1143.0,21.936071516268647,0.0
1144,1144.0,21.225604626433427,0.0
1145,1145.0,21.671446718759686,0.0
1146,1146.0,21.741582178989866,0.0
1147,1147.0,21.961496213487518,0.0
1148,1148.0,22.061997739154354,0.0
1149,1149.0,21.48547200394133,0.0
1150,1150.0,21.46769158638137,0.0
1151,1151.0,22.056436629748152,0.0
1152,1152.0,21.39876840543475,0.0
1153,1153.0,22.12316619842355,0.0
1154,1154.0,21.185504049799484,0.0
1155,1155.0,21.991634195305668,0.0
1156,1156.0,21.494836489167433,0.0
1157,1157.0,21.91824130199387,0.0
1158,1158.0,21.993895630650147,0.0
1159,1159.0,21.56402976381092,0.0
1160,1160.0,22.118361044681485,0.0
1161,1161.0,21.99129089939863,0.0
1162,1162.0,22.01694771573465,0.0
1163,1163.0,21.929952515522057,0.0
1164,1164.0,21.190290712548776,0.0
1165,1165.0,21.948687040367247,0.0
1166,1166.0,21.754344843773602,0.0
1167,1167.0,21.984390475177634,0.0
1168,1168.0,21.607943691827924,0.0
1169,1169.0,21.84055227621516,0.0
1170,1170.0,21.212081825906882,0.0
1171,1171.0,22.07520820190359,0.0
1172,1172.0,21.59050216460427,0.0
1173,1173.0,21.888956062874104,0.0
1174,1174.0,21.59457566723808,0.0
1175,1175.0,21.169703986021712,0.0
1176,1176.0,21.35926025859894,0.0
1177,1177.0,21.353309530502717,0.0
1178,1178.0,21.890082642549096,0.0
1179,1179.0,21.905627893590015,0.0
1180,1180.0,21.924101109607893,0.0
1181,1181.0,21.341798008927338,0.0
1182,1182.0,21.33915565719357,0.0
1183,1183.0,21.085428589561136,0.0
1184,1184.0,21.340801232151446,0.0
1185,1185.0,21.922511902267097,0.0
1186,1186.0,21.519070432814434,0.0
1187,1187.0,21.376940210351524,0.0
1188,1188.0,21.91917075671926,0.0
1189,1189.0,21.767846580784756,0.0
1190,1190.0,21.07293895323803,0.0
1191,1191.0,21.318494124067097,0.0
1192,1192.0,21.086439080688354,0.0
1193,1193.0,21.418334352455947,0.0
1194,1194.0,21.398261617616814,0.0
1195,1195.0,21.160109622909893,0.0
1196,1196.0,21.280245897988078,0.0
1197,1197.0,21.823701460361665,0.0
1198,1198.0,22.03209485318424,0.0
1199,1199.0,21.055708106703204,0.0
1200,1200.0,21.15710758914055,0.0
1201,1201.0,21.877431000309628,0.0
1202,1202.0,21.422310113166816,0.0
1203,1203.0,21.449279123867708,0.0
1204,1204.0,21.444207564728924,0.0
1205,1205.0,21.577852833956527,0.0
1206,1206.0,21.78686115732064,0.0
1207,1207.0,21.382008605230762,0.0
1208,1208.0,21.678736100122666,0.0
1209,1209.0,21.610132211678437,0.0
1210,1210.0,21.778637838413474,0.0
1211,1211.0,21.201481528655144,0.0
1212,1212.0,21.072038790645824,0.0
1213,1213.0,21.33049674053247,0.0
1214,1214.0,21.38814678880027,0.0
1215,1215.0,21.4248784006029,0.0
1216,1216.0,21.414698499065455,0.0
1217,1217.0,21.24159738644173,0.0
1218,1218.0,21.496508314188084,0.0
1219,1219.0,21.78997970352247,0.0
1220,1220.0,21.841261040847172,0.0
1221,1221.0,21.8387692156587,0.0
1222,1222.0,21.988122344691654,0.0
1223,1223.0,21.591098211345642,0.0
1224,1224.0,21.381155243441995,0.0
1225,1225.0,21.854907233146246,0.0
1226,1226.0,21.126979274571596,0.0
1227,1227.0,21.105384420899572,0.0
1228,1228.0,21.151227393693695,0.0
1229,1229.0,21.53223667346468,0.0
1230,1230.0,21.03426345074615,0.0
1231,1231.0,21.526551177210244,0.0
1232,1232.0,21.427787646895048,0.0
1233,1233.0,21.185366807330585,0.0
1234,1234.0,21.753028128785868,0.0
1235,1235.0,21.45686786081151,0.0
1236,1236.0,21.756450282513367,0.0
1237,1237.0,21.407280947318466,0.0
1238,1238.0,21.57306643332631,0.0
1239,1239.0,21.7360946040859,0.0
1240,1240.0,21.12741028910742,0.0
1241,1241.0,21.609715696720897,0.0
1242,1242.0,21.94863387088893,15.0
1243,1243.0,22.491414852271117,15.0
1244,1244.0,22.721582540802217,15.0
1245,1245.0,22.826620689911707,15.0
1246,1246.0,23.70468147100852,15.0
1247,1247.0,24.01639184667451,15.0
1248,1248.0,23.75322826942923,15.0
1249,1249.0,24.710348354729557,15.0
1250,1250.0,24.93188742793833,15.0
1251,1251.0,25.27979909883777,15.0
1252,1252.0,25.420174073409953,15.0
1253,1253.0,25.50340871121979,15.0
1254,1254.0,25.947950954537482,15.0
1255,1255.0,25.695616878442205,15.0
1256,1256.0,26.2717053861553,15.0
1257,1257.0,26.15235022308789,15.0
1258,1258.0,26.45924295900522,15.0
1259,1259.0,26.524171331076097,15.0
1260,1260.0,26.834004309975363,15.0
1261,1261.0,27.676852656343563,15.0
1262,1262.0,27.16272065158802,15.0
1263,1263.0,27.241753965240576,15.0
1264,1264.0,27.786356119779892,15.0
1265,1265.0,27.93139482642281,15.0
1266,1266.0,27.992819381349083,15.0
1267,1267.0,28.561787519780747,15.0
1268,1268.0,28.17957422349584,15.0
1269,1269.0,28.095824276966898,15.0
1270,1270.0,29.014157341694393,15.0
1271,1271.0,28.79242701689184,15.0
1272,1272.0,28.87535350367684,15.0
1273,1273.0,29.517781274441912,15.0
1274,1274.0,29.316071007659467,15.0
1275,1275.0,29.519876661392253,15.0
1276,1276.0,29.58090790018312,15.0
1277,1277.0,29.924297131920703,15.0
1278,1278.0,29.599163043472945,15.0
1279,1279.0,29.844251901138584,15.0
1280,1280.0,29.55904759734381,15.0
1281,1281.0,29.628162483839695,15.0
1282,1282.0,29.74341509556448,15.0
1283,1283.0,29.765259256911886,15.0
1284,1284.0,29.80820889576341,15.0
1285,1285.0,30.170413019038705,15.0
1286,1286.0,30.34553364405793,15.0
1287,1287.0,30.75304765782429,15.0
1288,1288.0,30.333547340210664,15.0
1289,1289.0,30.952708047402865,15.0
1290,1290.0,31.11864623034299,15.0
1291,1291.0,30.664547563464936,15.0
1292,1292.0,30.33657105591656,15.0
1293,1293.0,31.065437755106984,15.0
1294,1294.0,31.230451611310375,15.0
1295,1295.0,30.685308867341472,15.0
1296,1296.0,31.38597219415124,15.0
1297,1297.0,31.634254517942374,15.0
1298,1298.0,31.59993951591589,15.0
1299,1299.0,30.8497456200718,15.0
1300,1300.0,31.36303883654414,15.0
1301,1301.0,31.149302901295524,15.0
1302,1302.0,31.848464717676446,15.0
1303,1303.0,31.828828009228875,15.0
1304,1304.0,31.8339606085012,15.0
1305,1305.0,32.14306060843226,15.0
1306,1306.0,32.020077950361554,15.0
1307,1307.0,31.523300947786232,15.0
1308,1308.0,32.16406560151906,15.0
1309,1309.0,32.08853837887606,15.0
1310,1310.0,32.01263769153042,15.0
1311,1311.0,32.182268949154306,15.0
1312,1312.0,32.143030631991124,15.0
1313,1313.0,32.39206840691927,15.0
1314,1314.0,32.21107818275155,15.0
1315,1315.0,32.66216558332252,15.0
1316,1316.0,31.841324029104698,15.0
1317,1317.0,32.33757312496624,15.0
1318,1318.0,32.278659320301635,15.0
1319,1319.0,32.404203870341185,15.0
1320,1320.0,32.51266704777642,15.0
1321,1321.0,32.9369815469954,15.0
1322,1322.0,32.55024581081868,15.0
1323,1323.0,32.35533768734626,15.0
1324,1324.0,32.553452218164736,15.0
1325,1325.0,32.533759984076994,15.0
1326,1326.0,32.533521348321116,15.0
1327,1327.0,32.662397187595474,15.0
1328,1328.0,32.989033103015686,15.0
1329,1329.0,32.79306874165975,15.0
1330,1330.0,33.111622354331786,15.0
1331,1331.0,33.18091920579649,15.0
1332,1332.0,32.63161954682009,15.0
1333,1333.0,32.84903192843117,15.0
1334,1334.0,32.77067235524037,15.0
1335,1335.0,33.07654869078312,15.0
1336,1336.0,32.73318359656591,15.0
1337,1337.0,33.396816205766804,15.0
1338,1338.0,33.456943936024835,15.0
1339,1339.0,33.292792367166626,15.0
1340,1340.0,32.796412331871466,15.0
1341,1341.0,33.21582925349854,15.0
1342,1342.0,33.222939131675616,15.0
1343,1343.0,33.07498476420024,15.0
1344,1344.0,33.35885362693427,15.0
1345,1345.0,33.49816980281969,15.0
1346,1346.0,32.93021344810176,15.0
1347,1347.0,33.135983120336036,15.0
1348,1348.0,33.70940315464796,15.0
1349,1349.0,33.12614926970535,15.0
1350,1350.0,33.641573067964856,15.0
1351,1351.0,33.611273869723696,15.0
1352,1352.0,33.5189963190858,15.0
1353,1353.0,33.20659394178553,15.0
1354,1354.0,33.45146368743475,15.0
1355,1355.0,33.403527754602635,15.0
1356,1356.0,33.977736778407674,15.0
1357,1357.0,33.52143527611683,15.0
1358,1358.0,33.60196426332878,15.0
1359,1359.0,33.477090369349156,15.0
1360,1360.0,33.59548659914263,15.0
1361,1361.0,33.403618518633486,15.0
1362,1362.0,33.81858176385099,15.0
1363,1363.0,34.12711354804437,15.0
1364,1364.0,33.87002299804174,15.0
1365,1365.0,33.409968987261294,15.0
1366,1366.0,34.27911913993035,15.0
1367,1367.0,34.078024219893315,15.0
1368,1368.0,33.94757520757155,15.0
1369,1369.0,34.20371988018494,15.0
1370,1370.0,34.09318501133325,15.0
1371,1371.0,34.20349648277421,15.0
1372,1372.0,33.506065948511235,15.0
1373,1373.0,34.03939912202433,15.0
1374,1374.0,33.9660547673371,15.0
1375,1375.0,33.811031187511524,15.0
1376,1376.0,33.56022901465568,15.0
1377,1377.0,33.803111508747136,15.0
1378,1378.0,33.894297382168546,15.0
1379,1379.0,34.25357740433971,15.0
1380,1380.0,34.521651638043686,15.0
1381,1381.0,34.31267358372882,15.0
1382,1382.0,34.221667999036704,15.0
1383,1383.0,34.02241661437775,15.0
1384,1384.0,34.413684264894876,15.0
1385,1385.0,34.332193144226586,15.0
1386,1386.0,34.31402993956539,15.0
1387,1387.0,33.94235763708501,15.0
1388,1388.0,33.99831532519101,15.0
1389,1389.0,34.46961411823265,15.0
1390,1390.0,34.55490167853017,15.0
1391,1391.0,34.57603504696314,15.0
1392,1392.0,34.3719903877689,15.0
1393,1393.0,33.982399364298004,15.0
1394,1394.0,33.76858024918508,15.0
1395,1395.0,34.54663794657247,15.0
1396,1396.0,34.725185831144,15.0
1397,1397.0,34.458450277811295,15.0
1398,1398.0,34.51959420480122,15.0
1399,1399.0,33.826299074272114,15.0
1400,1400.0,34.465998474002575,15.0
1401,1401.0,34.630221386608156,15.0
1402,1402.0,34.46789133947137,15.0
1403,1403.0,34.0313012708929,15.0
1404,1404.0,34.47819790914755,15.0
1405,1405.0,34.71746437540917,15.0
1406,1406.0,34.67209762962698,15.0
1407,1407.0,34.15312977138419,15.0
1408,1408.0,34.67163314773254,15.0
1409,1409.0,34.84569870755209,15.0
1410,1410.0,34.20182281411483,15.0
1411,1411.0,34.43802741758337,15.0
1412,1412.0,34.15560379027432,15.0
1413,1413.0,34.06432565462524,15.0
1414,1414.0,34.84064938545571,15.0
1415,1415.0,34.46552535333482,15.0
1416,1416.0,34.602507089087354,15.0
1417,1417.0,34.62937015053079,15.0
1418,1418.0,34.96037547227974,15.0
1419,1419.0,34.135212649299376,15.0
1420,1420.0,34.67501294750871,15.0
1421,1421.0,34.01556938144838,15.0
1422,1422.0,34.576960418704374,15.0
1423,1423.0,34.8037687008145,15.0
1424,1424.0,34.809733869950534,15.0
1425,1425.0,34.606892850598115,15.0
1426,1426.0,34.097275818417046,15.0
1427,1427.0,34.480389976683774,15.0
1428,1428.0,34.91414587665195,15.0
1429,1429.0,34.79256261569094,15.0
1430,1430.0,34.65621044884315,15.0
1431,1431.0,34.2787946320248,15.0
1432,1432.0,34.45768225689563,15.0
1433,1433.0,34.751415270290025,15.0
1434,1434.0,34.13928085431911,15.0
1435,1435.0,34.74682383514994,15.0
1436,1436.0,34.66698796019014,15.0
1437,1437.0,34.162748651201845,15.0
1438,1438.0,35.004515456589104,15.0
1439,1439.0,34.62411826411957,15.0
1440,1440.0,34.45930079731334,15.0
1441,1441.0,34.71811326167007,15.0
1442,1442.0,34.526621938723764,15.0
1443,1443.0,34.96241562390443,15.0
1444,1444.0,34.9370094507638,15.0
1445,1445.0,34.20567007735813,15.0
1446,1446.0,34.47340170409801,15.0
1447,1447.0,34.14737613710163,15.0
1448,1448.0,34.20403750971117,15.0
1449,1449.0,34.71153924643161,15.0
1450,1450.0,34.76397826260388,15.0
1451,1451.0,34.76142502052885,15.0
1452,1452.0,34.46048200331441,15.0
1453,1453.0,34.231649872145304,15.0
1454,1454.0,34.48369168122659,15.0
1455,1455.0,34.08875219878546,15.0
1456,1456.0,34.23486660629883,15.0
1457,1457.0,34.048606400923944,15.0
1458,1458.0,34.99721235733497,15.0
1459,1459.0,34.16989975984852,15.0
1460,1460.0,34.92953334627205,15.0
1461,1461.0,34.27568942407862,15.0
1462,1462.0,34.35341962664193,0.0
1463,1463.0,33.86088289514035,0.0
1464,1464.0,33.862026718136235,0.0
1465,1465.0,33.31207794758728,0.0
1466,1466.0,33.904033756601265,0.0
1467,1467.0,33.457685125312146,0.0
1468,1468.0,33.17661473806343,0.0
1469,1469.0,32.53425303972761,0.0
1470,1470.0,32.81156944586611,0.0
1471,1471.0,32.46940330296478,0.0
1472,1472.0,32.48610344891668,0.0
1473,1473.0,32.29368621308339,0.0
1474,1474.0,32.21177725425993,0.0
1475,1475.0,31.981643906800638,0.0
1476,1476.0,31.467968923112398,0.0
1477,1477.0,31.54095443161447,0.0
1478,1478.0,31.27044360488887,0.0
1479,1479.0,31.176888705337483,0.0
1480,1480.0,30.977216771771566,0.0
1481,1481.0,31.212772373432767,0.0
1482,1482.0,30.12516329512305,0.0
1483,1483.0,30.535376212900164,0.0
1484,1484.0,30.18088314156399,0.0
1485,1485.0,30.19083741068512,0.0
1486,1486.0,29.81227728249264,0.0
1487,1487.0,29.574827746684754,0.0
1488,1488.0,30.10298320948393,0.0
1489,1489.0,30.018666272534553,0.0
1490,1490.0,29.465726134023377,0.0
1491,1491.0,29.864873755971594,0.0
1492,1492.0,29.80929638443313,0.0
1493,1493.0,29.14738050391127,0.0
1494,1494.0,29.14783890669319,0.0
1495,1495.0,29.490703122017806,0.0
1496,1496.0,29.182645755042238,0.0
1497,1497.0,29.307694037930403,0.0
1498,1498.0,29.262806974876476,0.0
1499,1499.0,28.454598598346635,0.0
1500,1500.0,28.696307267060583,0.0
1501,1501.0,28.56934095905753,0.0
1502,1502.0,28.746618602401917,0.0
1503,1503.0,28.687306282372933,0.0
1504,1504.0,27.959871394431165,0.0
1505,1505.0,27.82506487137405,0.0
1506,1506.0,28.29758307635415,0.0
1507,1507.0,27.802232484385293,0.0
1508,1508.0,28.4787015083994,0.0
1509,1509.0,27.758002734093115,0.0
1510,1510.0,28.14944990455211,0.0
1511,1511.0,28.0036965195211,0.0
1512,1512.0,28.144506183980116,0.0
1513,1513.0,27.715067590241635,0.0
1514,1514.0,28.075819001239683,0.0
1515,1515.0,27.773375917271462,0.0
1516,1516.0,27.59933809745183,0.0
1517,1517.0,27.00372781515992,0.0
1518,1518.0,27.09325820407266,0.0
1519,1519.0,27.089905392240883,0.0
1520,1520.0,26.726539768728394,0.0
1521,1521.0,27.28561319060161,0.0
1522,1522.0,27.116584922911112,0.0
1523,1523.0,27.01698010445421,0.0
1524,1524.0,26.69290884300062,0.0
1525,1525.0,27.245855279330197,0.0
1526,1526.0,26.916066491504452,0.0
1527,1527.0,26.33436543853946,0.0
1528,1528.0,26.334994713808918,0.0
1529,1529.0,26.840919276560474,0.0
1530,1530.0,26.781788915894108,0.0
1531,1531.0,26.627054803250864,0.0
1532,1532.0,26.257439971479826,0.0
1533,1533.0,26.023404563710933,0.0
1534,1534.0,26.385720875676586,0.0
1535,1535.0,26.106253438536914,0.0
1536,1536.0,25.947821451385852,0.0
1537,1537.0,26.155479837670384,0.0
1538,1538.0,26.32140643904855,0.0
1539,1539.0,26.37868030638405,0.0
1540,1540.0,26.011269608216477,0.0
1541,1541.0,25.84922853690588,0.0
1542,1542.0,25.70974129036318,0.0
1543,1543.0,26.418349989173457,0.0
1544,1544.0,25.993197063924107,0.0
1545,1545.0,26.20816867342482,0.0
1546,1546.0,25.47678083707859,0.0
1547,1547.0,25.89426891364784,0.0
1548,1548.0,25.272642007493914,0.0
1549,1549.0,25.86689738919876,0.0
1550,1550.0,25.938946623058143,0.0
1551,1551.0,25.92869218459832,0.0
1552,1552.0,25.737135079296436,0.0
1553,1553.0,25.982491232482406,0.0
1554,1554.0,25.204382068325778,0.0
1555,1555.0,25.118078529918044,0.0
1556,1556.0,25.305122624029554,0.0
1557,1557.0,25.4812197611151,0.0
1558,1558.0,24.87290789188016,0.0
1559,1559.0,25.405613386998056,0.0
1560,1560.0,25.12029938179487,0.0
1561,1561.0,25.430146402992854,0.0
1562,1562.0,25.27579994020617,0.0
1563,1563.0,25.237376332570403,0.0
1564,1564.0,25.60288839985974,0.0
1565,1565.0,25.609233467640422,0.0
1566,1566.0,25.363833033583337,0.0
1567,1567.0,25.280175355800345,0.0
1568,1568.0,25.214836888212442,0.0
1569,1569.0,25.3270251608053,0.0
1570,1570.0,24.888622256281945,0.0
1571,1571.0,25.39351199013804,0.0
1572,1572.0,24.9327321311832,0.0
1573,1573.0,24.891187799119916,0.0
1574,1574.0,25.2446920050943,0.0
1575,1575.0,24.331442506891733,0.0
1576,1576.0,25.037494455289757,0.0
1577,1577.0,25.134135907699253,0.0
1578,1578.0,24.22897796990183,0.0
1579,1579.0,24.547571954188726,0.0
1580,1580.0,24.189498728655995,0.0
1581,1581.0,25.06013921204716,0.0
1582,1582.0,24.11994410878448,0.0
1583,1583.0,24.191630034565417,0.0
1584,1584.0,24.166334518692565,0.0
1585,1585.0,24.534080111408848,0.0
1586,1586.0,24.48690166118645,0.0
1587,1587.0,24.22119361892043,0.0
1588,1588.0,23.987213828210752,0.0
1589,1589.0,24.65073628489883,0.0
1590,1590.0,24.75146531447295,0.0
1591,1591.0,24.698408603982227,0.0
1592,1592.0,23.82337474187277,0.0
1593,1593.0,24.041751158209262,0.0
1594,1594.0,23.98628821076281,0.0
1595,1595.0,24.626616740520106,0.0
1596,1596.0,23.785457508261594,0.0
1597,1597.0,23.81201269603687,0.0
1598,1598.0,23.982707530860207,0.0
1599,1599.0,23.66166950738108,0.0
1600,1600.0,24.152384487278326,0.0
1601,1601.0,24.177662564410664,0.0
1602,1602.0,23.984844500140568,0.0
1603,1603.0,23.78170871537231,0.0
1604,1604.0,24.234076027339665,0.0
1605,1605.0,24.354970608737975,0.0
1606,1606.0,23.53441526188389,0.0
1607,1607.0,24.302934954402634,0.0
1608,1608.0,24.169024360067887,0.0
1609,1609.0,23.36682955820374,0.0
1610,1610.0,23.529796775873333,0.0
1611,1611.0,23.496228573109043,0.0
1612,1612.0,24.232908047737606,0.0
1613,1613.0,23.27743341939409,0.0
1614,1614.0,23.63906149940759,0.0
1615,1615.0,24.061804139091794,0.0
1616,1616.0,23.481036363187307,0.0
1617,1617.0,23.764299603430135,0.0
1618,1618.0,23.39279528015015,0.0
1619,1619.0,24.07468662817847,0.0
1620,1620.0,23.6989819843109,0.0
1621,1621.0,23.44469925146098,0.0
1622,1622.0,23.510697426448694,0.0
1623,1623.0,23.729119717523716,0.0
1624,1624.0,23.160416940561596,0.0
1625,1625.0,23.239068127151103,0.0
1626,1626.0,23.074934616283343,0.0
1627,1627.0,23.68145316175905,0.0
1628,1628.0,23.34390606773632,0.0
1629,1629.0,23.286189715672965,0.0
1630,1630.0,23.00471847804345,0.0
1631,1631.0,23.674948611191432,0.0
1632,1632.0,23.64877810335842,0.0
1633,1633.0,23.500694673279003,0.0
1634,1634.0,23.43119309352803,0.0
1635,1635.0,23.352215288194323,0.0
1636,1636.0,22.97322735567308,0.0
1637,1637.0,23.466827846967472,0.0
1638,1638.0,22.95885336719397,0.0
1639,1639.0,23.605661195479655,0.0
1640,1640.0,22.909660158538,0.0
1641,1641.0,22.72282683328656,0.0
1642,1642.0,23.4184810449555,0.0
1643,1643.0,22.93391585512338,0.0
1644,1644.0,22.83847040310418,0.0
1645,1645.0,22.892400637860128,0.0
1646,1646.0,23.37428674164156,0.0
1647,1647.0,22.85260048951737,0.0
1648,1648.0,22.643906922349622,0.0
1649,1649.0,22.69858390435607,0.0
1650,1650.0,23.284955353977413,0.0
1651,1651.0,23.351261000113258,0.0
1652,1652.0,23.39642441581485,0.0
1653,1653.0,23.460550633412208,0.0
1654,1654.0,22.90569699738879,0.0
1655,1655.0,22.924639488403635,0.0
1656,1656.0,23.26836791350999,0.0
1657,1657.0,23.210796834333735,0.0
1658,1658.0,22.649249176892027,0.0
1659,1659.0,23.28636458023073,0.0
1660,1660.0,22.78781271372577,0.0
1661,1661.0,23.1759830952533,0.0
1662,1662.0,23.1248888502394,0.0
1663,1663.0,23.24867402648615,0.0
1664,1664.0,22.831352894582714,0.0
1665,1665.0,23.06312982363086,0.0
1666,1666.0,22.592183344367836,0.0
1667,1667.0,22.663762276592237,0.0
1668,1668.0,23.238280408176223,0.0
1669,1669.0,22.541370580718876,0.0
1670,1670.0,23.10208867157696,0.0
1671,1671.0,22.39733248686543,0.0
1672,1672.0,22.188154718450832,0.0
1673,1673.0,22.540895317026447,0.0
1674,1674.0,22.77578924734871,0.0
1675,1675.0,23.134928904043942,0.0
1676,1676.0,22.993008200428143,0.0
1677,1677.0,22.166155304527948,0.0
1678,1678.0,22.571039637784352,0.0
1679,1679.0,22.659430455399146,0.0
1680,1680.0,22.88651337707453,0.0
1681,1681.0,22.565560387550647,0.0
1682,1682.0,23.045421325292875,0.0
1683,1683.0,22.88177840590614,0.0
1684,1684.0,22.113699521628334,0.0
1685,1685.0,22.61738782197532,0.0
1686,1686.0,22.150242459184422,0.0
1687,1687.0,22.775132254382687,0.0
1688,1688.0,22.625052816683993,0.0
1689,1689.0,22.727750878614305,0.0
1690,1690.0,22.03916524626572,0.0
1691,1691.0,22.58841225448679,0.0
1692,1692.0,22.123600807263728,0.0
1693,1693.0,22.856401916247446,0.0
1694,1694.0,21.933224206211957,0.0
1695,1695.0,21.89198346878353,0.0
1696,1696.0,22.674850702388504,0.0
1697,1697.0,22.303058533847487,0.0
1698,1698.0,22.328577194644446,0.0
1699,1699.0,22.698660628899578,0.0
1700,1700.0,22.274078235276033,0.0
1701,1701.0,21.85461319262442,0.0
1702,1702.0,22.752044389969743,0.0
1703,1703.0,22.409876535324354,0.0
1704,1704.0,22.28948099203326,0.0
1705,1705.0,21.960192850756457,0.0
1706,1706.0,22.1407295481414,0.0
1707,1707.0,22.11661213961917,0.0
1708,1708.0,22.578861382229107,0.0
1709,1709.0,22.071417129071477,0.0
1710,1710.0,22.27495281560635,0.0
1711,1711.0,22.12574203703771,0.0
1712,1712.0,21.814126157413426,0.0
1713,1713.0,22.01640671054659,0.0
1714,1714.0,22.322118974840386,0.0
1715,1715.0,21.813495792833095,0.0
1716,1716.0,22.361091247270096,0.0
1717,1717.0,22.414192005203386,0.0
1718,1718.0,21.84568549928446,0.0
1719,1719.0,22.598591397654708,0.0
1720,1720.0,22.453128924342643,0.0
1721,1721.0,21.988195924160532,0.0
1722,1722.0,21.91576984052774,0.0
1723,1723.0,21.909371020275508,0.0
1724,1724.0,22.2615439237059,0.0
1725,1725.0,22.385401372308703,0.0
1726,1726.0,21.902210593873075,0.0
1727,1727.0,21.851807229949966,0.0
1728,1728.0,21.67035259537486,0.0
1729,1729.0,21.740263894839423,0.0
1730,1730.0,22.273728197159343,0.0
1731,1731.0,22.30291024299171,0.0
1732,1732.0,22.06695513047548,0.0
1733,1733.0,21.949163809821414,0.0
1734,1734.0,21.651825485955076,0.0
1735,1735.0,22.43458071939541,0.0
1736,1736.0,21.716061086228414,0.0
1737,1737.0,22.031169471128436,0.0
1738,1738.0,21.640011609693197,0.0
1739,1739.0,22.319873177882453,0.0
1740,1740.0,21.978243226456822,0.0
1741,1741.0,21.820372541235017,0.0
1742,1742.0,21.575819726131883,0.0
1743,1743.0,22.01522894201334,0.0
1744,1744.0,22.149349551994938,0.0
1745,1745.0,21.71287211845853,0.0
1746,1746.0,22.054138898812273,0.0
1747,1747.0,21.926959802104225,0.0
1748,1748.0,22.251831979127537,0.0
1749,1749.0,22.253733374429373,0.0
1750,1750.0,22.126284872595523,0.0
1751,1751.0,22.33682932988193,0.0
1752,1752.0,22.020983730380973,0.0
1753,1753.0,21.36222082929966,0.0
1754,1754.0,21.691828269835707,0.0
1755,1755.0,22.247700250330844,0.0
1756,1756.0,21.758380625151496,0.0
1757,1757.0,21.573835485493632,0.0
1758,1758.0,22.25912059501802,0.0
1759,1759.0,22.22296878016017,0.0
1760,1760.0,21.690327390240522,0.0
1761,1761.0,21.374650072124442,0.0
1762,1762.0,22.04190948514523,0.0
1763,1763.0,22.107140142421013,0.0
1764,1764.0,21.59236174673689,0.0
1765,1765.0,21.489955504733967,0.0
1766,1766.0,22.24776563426247,0.0
1767,1767.0,21.655892421813977,0.0
1768,1768.0,21.85446269440309,0.0
1769,1769.0,21.675451503485398,0.0
1770,1770.0,21.345425889027574,0.0
1771,1771.0,22.167418873494842,0.0
1772,1772.0,22.051179653311237,0.0
1773,1773.0,21.653625043273856,0.0
1774,1774.0,21.424670128755324,0.0
1775,1775.0,22.09999012125266,0.0
1776,1776.0,21.974701560241854,0.0
1777,1777.0,21.8140657517985,0.0
1778,1778.0,21.803042893396093,0.0
1779,1779.0,22.19070219107514,0.0
1780,1780.0,21.585749663329494,0.0
1781,1781.0,21.367382444381356,0.0
1782,1782.0,21.61289952425148,0.0
1783,1783.0,21.27619692616302,0.0
1784,1784.0,21.64310957071202,0.0
1785,1785.0,22.067411525442196,0.0
1786,1786.0,21.925830225670044,0.0
1787,1787.0,21.721118904767135,0.0
1788,1788.0,21.955723779291585,0.0
1789,1789.0,21.738416080867463,0.0
1790,1790.0,21.636836806626295,0.0
1791,1791.0,21.22240130439323,0.0
1792,1792.0,21.1928105749741,0.0
1793,1793.0,21.92986461173045,0.0
1794,1794.0,22.03494030011721,0.0
1795,1795.0,21.17833047216594,0.0
1796,1796.0,21.484086201698886,0.0
1797,1797.0,21.87754207824275,0.0
1798,1798.0,21.85711320790815,0.0
1799,1799.0,21.62191534307388,0.0
1800,1800.0,22.06009957597531,0.0
1801,1801.0,21.312406048341547,0.0
1802,1802.0,21.96883157174752,0.0
1803,1803.0,21.77820979399776,0.0
1804,1804.0,21.59655243977374,0.0
1805,1805.0,22.016835786897555,0.0
1806,1806.0,21.937118498037673,0.0
1807,1807.0,22.041269670793646,0.0
1808,1808.0,21.59614331172427,0.0
1809,1809.0,21.561542088987483,0.0
1810,1810.0,21.450364661754627,0.0
1811,1811.0,21.865906585654717,0.0
1812,1812.0,21.81218659210181,0.0
1813,1813.0,21.153257449228757,0.0
1814,1814.0,21.92191898408503,0.0
1815,1815.0,22.022888879859583,0.0
1816,1816.0,21.33542031704209,0.0
1817,1817.0,21.51518357823909,0.0
1818,1818.0,22.015246597464035,0.0
1819,1819.0,21.122556325155667,0.0
1820,1820.0,21.333363824474556,0.0
1821,1821.0,21.69612080518834,0.0
1822,1822.0,21.846397945658516,0.0
1823,1823.0,21.127088553315094,0.0
1824,1824.0,21.66124755237186,0.0
1825,1825.0,21.13437830957099,0.0
1826,1826.0,21.737584831125258,0.0
1827,1827.0,21.39669029200337,0.0
1828,1828.0,21.8292540234334,0.0
1829,1829.0,21.046170710743723,0.0
1830,1830.0,22.0191992153847,0.0
1831,1831.0,21.58808356289208,0.0
1832,1832.0,21.611699766863826,0.0
1833,1833.0,21.551385999973597,0.0
1834,1834.0,21.87902124887744,0.0
1835,1835.0,21.403190389838997,0.0
1836,1836.0,21.2996099410694,0.0
1837,1837.0,21.555920096291043,0.0
1838,1838.0,21.783434359343584,0.0
1839,1839.0,21.650023581075146,0.0
1840,1840.0,21.46263268695334,0.0
1841,1841.0,21.60613129034688,0.0
1842,1842.0,21.830537257742062,0.0
1843,1843.0,21.87482778299851,0.0
1844,1844.0,21.349944940203457,0.0
1845,1845.0,21.43309330339988,0.0
1846,1846.0,21.909687588953844,0.0
1847,1847.0,21.942248870985956,0.0
1848,1848.0,21.88735111277042,0.0
1849,1849.0,21.673042591652248,0.0
1850,1850.0,21.45168624442193,0.0
1851,1851.0,21.83560897808779,0.0
1852,1852.0,21.191027084704153,0.0
1853,1853.0,21.252005902903406,0.0
1854,1854.0,21.302581782124992,0.0
1855,1855.0,21.057820480995893,0.0
1856,1856.0,21.681784021518816,0.0
1857,1857.0,21.388299664597458,0.0
1858,1858.0,21.52845787307184,0.0
1859,1859.0,21.627331146945867,0.0
1860,1860.0,21.09784003617205,0.0
1861,1861.0,21.975933446289254,0.0
1862,1862.0,21.383190922807234,0.0
1863,1863.0,21.23802699509905,20.0
1864,1864.0,22.756558737561672,20.0
1865,1865.0,23.19022800438557,20.0
1866,1866.0,23.951546003441482,20.0
1867,1867.0,24.853728497703187,20.0
1868,1868.0,24.555026621880476,20.0
1869,1869.0,25.791801851817524,20.0
1870,1870.0,25.654727463168538,20.0
1871,1871.0,26.144884707372867,20.0
1872,1872.0,26.577199016515458,20.0
1873,1873.0,27.521036107326324,20.0
1874,1874.0,27.474428514723037,20.0
1875,1875.0,27.453784574537593,20.0
1876,1876.0,28.15811669742364,20.0
1877,1877.0,28.5471822985737,20.0
1878,1878.0,28.951271250319813,20.0
1879,1879.0,28.86541401377227,20.0
1880,1880.0,29.373215056536196,20.0
1881,1881.0,29.55235677466932,20.0
1882,1882.0,29.23741443873229,20.0
1883,1883.0,30.02150933342552,20.0
1884,1884.0,30.11447639605215,20.0
1885,1885.0,30.6945819182094,20.0
1886,1886.0,30.591344797622124,20.0
1887,1887.0,30.931002551544914,20.0
1888,1888.0,30.358574977890907,20.0
1889,1889.0,30.664444703723028,20.0
1890,1890.0,30.995399055064674,20.0
1891,1891.0,31.47545015485036,20.0
1892,1892.0,31.799039715462186,20.0
1893,1893.0,31.394871372138436,20.0
1894,1894.0,32.16497897509484,20.0
1895,1895.0,31.56597614269875,20.0
1896,1896.0,32.020317952664556,20.0
1897,1897.0,32.50617072536363,20.0
1898,1898.0,31.87468727523773,20.0
1899,1899.0,32.01281189772277,20.0
1900,1900.0,32.264325804617854,20.0
1901,1901.0,32.95511979848352,20.0
1902,1902.0,32.42307771264475,20.0
1903,1903.0,32.92400364910547,20.0
1904,1904.0,33.42925794036531,20.0
1905,1905.0,33.52740277976039,20.0
1906,1906.0,33.21368434529718,20.0
1907,1907.0,33.39898977262513,20.0
1908,1908.0,33.69579854367958,20.0
1909,1909.0,33.69840019887291,20.0
1910,1910.0,33.350573583129254,20.0
1911,1911.0,33.62007253625747,20.0
1912,1912.0,33.52793936750646,20.0
1913,1913.0,33.81284009302884,20.0
1914,1914.0,33.87164037205675,20.0
1915,1915.0,34.437689282149854,20.0
1916,1916.0,33.78549781430795,20.0
1917,1917.0,34.1469578309938,20.0
1918,1918.0,34.591790815155875,20.0
1919,1919.0,34.239566694217615,20.0
1920,1920.0,34.59791612248913,20.0
1921,1921.0,34.32481021726888,20.0
1922,1922.0,34.15259288761841,20.0
1923,1923.0,34.72534773824171,20.0
1924,1924.0,34.350388379349724,20.0
1925,1925.0,34.58933441295401,20.0
1926,1926.0,35.20962985672872,20.0
1927,1927.0,35.12308195631724,20.0
1928,1928.0,35.34951166997611,20.0
1929,1929.0,34.72018253016709,20.0
1930,1930.0,34.933496698772565,20.0
1931,1931.0,35.057083075491214,20.0
1932,1932.0,34.87383724253891,20.0
1933,1933.0,35.21850369476174,20.0
1934,1934.0,35.521300466034496,20.0
1935,1935.0,35.75621441611238,20.0
1936,1936.0,35.343099941323935,20.0
1937,1937.0,35.791247530145185,20.0
1938,1938.0,35.93601686906744,20.0
1939,1939.0,35.832481500903356,20.0
1940,1940.0,35.99429157374296,20.0
1941,1941.0,35.98065437207355,20.0
1942,1942.0,35.78224721379137,20.0
1943,1943.0,35.89696518000224,20.0
1944,1944.0,36.198845672353585,20.0
1945,1945.0,36.100924101525244,20.0
1946,1946.0,36.11307817520481,20.0
1947,1947.0,35.963712528885964,20.0
1948,1948.0,36.407389958067434,20.0
1949,1949.0,35.711916202560936,20.0
1950,1950.0,35.923070997755325,20.0
1951,1951.0,35.9775574499391,20.0
1952,1952.0,36.43747452951896,20.0
1953,1953.0,36.01836508041831,20.0
1954,1954.0,36.680780029171046,20.0
1955,1955.0,36.33049100065987,20.0
1956,1956.0,36.80263241004152,20.0
1957,1957.0,36.22917316077495,20.0
1958,1958.0,36.38654176853694,20.0
1959,1959.0,36.76508537944621,20.0
1960,1960.0,36.23643695492587,20.0
1961,1961.0,36.61003893014334,20.0
1962,1962.0,37.01132898679506,20.0
1963,1963.0,37.03356385351074,20.0
1964,1964.0,37.05367976380742,20.0
1965,1965.0,36.71962669897734,20.0
1966,1966.0,37.33994622311776,20.0
1967,1967.0,37.1280650153054,20.0
1968,1968.0,37.1839600545979,20.0
1969,1969.0,37.28500674268931,20.0
1970,1970.0,36.60655838950109,20.0
1971,1971.0,37.2500828442667,20.0
1972,1972.0,36.852117504585124,20.0
1973,1973.0,37.59074607372448,20.0
1974,1974.0,36.65649126064215,20.0
1975,1975.0,37.020842512876754,20.0
1976,1976.0,37.169537614338104,20.0
1977,1977.0,36.81252367449208,20.0
1978,1978.0,37.260276566692724,20.0
1979,1979.0,37.21181579828899,20.0
1980,1980.0,37.75088118180585,20.0
1981,1981.0,37.680643093800896,20.0
1982,1982.0,37.287733908707864,20.0
1983,1983.0,37.253132318098984,20.0
1984,1984.0,36.99218342662857,20.0
1985,1985.0,37.05768299058313,20.0
1986,1986.0,37.243702553499624,20.0
1987,1987.0,37.65515171488747,20.0
1988,1988.0,37.621452023639314,20.0
1989,1989.0,37.17794806761512,20.0
1990,1990.0,37.71748384403444,20.0
1991,1991.0,37.49257421347994,20.0
1992,1992.0,38.07743616156276,20.0
1993,1993.0,38.05263973155405,20.0
1994,1994.0,37.67195861781238,20.0
1995,1995.0,37.465107049720245,20.0
1996,1996.0,37.893039967791026,20.0
1997,1997.0,37.92594625212743,20.0
1998,1998.0,37.58019987723803,20.0
1999,1999.0,38.152940664121324,20.0
2000,2000.0,38.033538616910334,20.0
2001,2001.0,37.54437021733763,20.0
2002,2002.0,37.426689116667944,20.0
2003,2003.0,37.374933130198684,20.0
2004,2004.0,38.11324830622455,20.0
2005,2005.0,38.021914188429314,20.0
2006,2006.0,38.0925228755616,20.0
2007,2007.0,37.8018426926535,20.0
2008,2008.0,37.586441707075636,20.0
2009,2009.0,38.092971500198765,20.0
2010,2010.0,38.097237763120276,20.0
2011,2011.0,37.627498843734465,20.0
2012,2012.0,38.4769366697027,20.0
2013,2013.0,38.04313326551975,20.0
2014,2014.0,37.543275100230375,20.0
2015,2015.0,38.14759657896361,20.0
2016,2016.0,38.131281367597396,20.0
2017,2017.0,37.635337407552264,20.0
2018,2018.0,37.94234287627363,20.0
2019,2019.0,38.36570196985742,20.0
2020,2020.0,38.2633875797849,20.0
2021,2021.0,38.48023809983647,20.0
2022,2022.0,38.59999445546689,20.0
2023,2023.0,38.178712107274364,20.0
2024,2024.0,37.988519081050924,20.0
2025,2025.0,37.81967770285721,20.0
2026,2026.0,38.51172761401888,20.0
2027,2027.0,38.45483376874907,20.0
2028,2028.0,37.74565541464863,20.0
2029,2029.0,37.86536933851062,20.0
2030,2030.0,38.55659361416609,20.0
2031,2031.0,38.30810244009623,20.0
2032,2032.0,38.14956680695443,20.0
2033,2033.0,37.96689569261335,20.0
2034,2034.0,38.266922507399975,20.0
2035,2035.0,38.11492527074609,20.0
2036,2036.0,38.639333414702584,20.0
2037,2037.0,38.48629449767233,20.0
2038,2038.0,38.232402005433215,20.0
2039,2039.0,38.70053244820181,20.0
2040,2040.0,38.3699727327353,20.0
2041,2041.0,37.92529794891309,20.0
2042,2042.0,38.31636696469969,20.0
2043,2043.0,38.27020192871234,20.0
2044,2044.0,38.0736294845575,20.0
2045,2045.0,38.512190869167455,20.0
2046,2046.0,38.727456505383905,20.0
2047,2047.0,38.642374180941154,20.0
2048,2048.0,38.4592761233021,20.0
2049,2049.0,38.715802655096034,20.0
2050,2050.0,38.52830999425506,20.0
2051,2051.0,38.038134776877406,20.0
2052,2052.0,38.369112656098345,20.0
2053,2053.0,38.43539080289409,20.0
2054,2054.0,38.64942510654675,20.0
2055,2055.0,37.91207722272045,20.0
2056,2056.0,38.12012999417271,20.0
2057,2057.0,38.29156536327092,20.0
2058,2058.0,38.15692739561588,20.0
2059,2059.0,38.20490519729548,20.0
2060,2060.0,38.82591120902647,20.0
2061,2061.0,38.626626303243924,20.0
2062,2062.0,37.987319737703,20.0
2063,2063.0,38.17566220932926,20.0
2064,2064.0,38.57145513542475,20.0
2065,2065.0,37.95621759588954,20.0
2066,2066.0,38.108048415478045,20.0
2067,2067.0,37.868343049370075,20.0
2068,2068.0,38.18485977109873,20.0
2069,2069.0,37.973156729791185,20.0
2070,2070.0,37.85930889664979,20.0
2071,2071.0,37.93510573568467,20.0
2072,2072.0,38.32697649424094,20.0
2073,2073.0,38.84830378988186,20.0
2074,2074.0,38.539734501901314,20.0
2075,2075.0,38.103524952611494,20.0
2076,2076.0,37.90008757003372,20.0
2077,2077.0,38.33907262064271,20.0
2078,2078.0,38.7778538491183,20.0
2079,2079.0,38.31400242472521,20.0
2080,2080.0,38.36292682240236,20.0
2081,2081.0,38.36924591362275,20.0
2082,2082.0,38.27063456069159,20.0
2083,2083.0,38.284183012630635,0.0
2084,2084.0,37.62976221148434,0.0
2085,2085.0,37.14529168640189,0.0
2086,2086.0,37.214602779383476,0.0
2087,2087.0,37.16197215819376,0.0
2088,2088.0,36.72551327105818,0.0
2089,2089.0,36.37655598181878,0.0
2090,2090.0,35.63776011993388,0.0
2091,2091.0,34.962225021107706,0.0
2092,2092.0,35.094652793473266,0.0
2093,2093.0,34.44163210522957,0.0
2094,2094.0,34.27791126436915,0.0
2095,2095.0,34.7947010772517,0.0
2096,2096.0,33.773766008629366,0.0
2097,2097.0,33.47966162560145,0.0
2098,2098.0,33.689902187895456,0.0
2099,2099.0,33.186663724034304,0.0
2100,2100.0,33.13115529704646,0.0
2101,2101.0,33.0213200878295,0.0
2102,2102.0,33.25689877804222,0.0
2103,2103.0,32.76730746112122,0.0
2104,2104.0,32.91455453981305,0.0
2105,2105.0,32.06990101492022,0.0
2106,2106.0,32.64431890069351,0.0
2107,2107.0,31.84200866299699,0.0
2108,2108.0,32.1497475754132,0.0
2109,2109.0,32.31037022841695,0.0
2110,2110.0,31.517367859205002,0.0
2111,2111.0,31.88380625497277,0.0
2112,2112.0,31.565664894722442,0.0
2113,2113.0,31.185154866308846,0.0
2114,2114.0,31.207190409685925,0.0
2115,2115.0,30.53289560996417,0.0
2116,2116.0,30.833990180745634,0.0
2117,2117.0,31.155298610345895,0.0
2118,2118.0,30.132609269767173,0.0
2119,2119.0,30.693324097588,0.0
2120,2120.0,30.142473338057474,0.0
2121,2121.0,30.23174289653131,0.0
2122,2122.0,29.750652920450783,0.0
2123,2123.0,29.920500773996064,0.0
2124,2124.0,30.38436709135893,0.0
2125,2125.0,30.177857477268084,0.0
2126,2126.0,29.467240368223962,0.0
2127,2127.0,30.035522103369438,0.0
2128,2128.0,29.24847241184822,0.0
2129,2129.0,29.721314271306266,0.0
2130,2130.0,29.06878723112395,0.0
2131,2131.0,29.649828257093986,0.0
2132,2132.0,29.647088462746094,0.0
2133,2133.0,29.21438890197293,0.0
2134,2134.0,29.103154159412128,0.0
2135,2135.0,28.851362321791154,0.0
2136,2136.0,29.289225625949655,0.0
2137,2137.0,28.388514649946313,0.0
2138,2138.0,28.387450967514585,0.0
2139,2139.0,29.00884416710377,0.0
2140,2140.0,28.694829225100293,0.0
2141,2141.0,28.802143240707267,0.0
2142,2142.0,28.321190248319276,0.0
2143,2143.0,28.01928036936387,0.0
2144,2144.0,28.440854808846332,0.0
2145,2145.0,27.79925030614604,0.0
2146,2146.0,28.569394817239292,0.0
2147,2147.0,27.601532932018543,0.0
2148,2148.0,28.210257310357814,0.0
2149,2149.0,27.653317209307275,0.0
2150,2150.0,28.239133275759507,0.0
2151,2151.0,27.976878608933514,0.0
2152,2152.0,28.062915677003495,0.0
2153,2153.0,27.10306070481741,0.0
2154,2154.0,27.21337006447608,0.0
2155,2155.0,27.161655320648386,0.0
2156,2156.0,27.852336597924815,0.0
2157,2157.0,27.501641482947942,0.0
2158,2158.0,27.134644229656093,0.0
2159,2159.0,27.688390853124563,0.0
2160,2160.0,27.5621259110419,0.0
2161,2161.0,26.889367026949284,0.0
2162,2162.0,26.578198472626603,0.0
2163,2163.0,26.50586760182782,0.0
2164,2164.0,26.80359247418316,0.0
2165,2165.0,26.893183738557056,0.0
2166,2166.0,26.915215666579975,0.0
2167,2167.0,26.481254904588027,0.0
2168,2168.0,26.726103261680382,0.0
2169,2169.0,26.35182588626591,0.0
2170,2170.0,26.97926697046924,0.0
2171,2171.0,26.249039923969686,0.0
2172,2172.0,26.187240644395093,0.0
2173,2173.0,26.8779625260869,0.0
2174,2174.0,25.979167186283775,0.0
2175,2175.0,26.09021485954896,0.0
2176,2176.0,26.08112137150835,0.0
2177,2177.0,26.20486325180892,0.0
2178,2178.0,26.15896513256285,0.0
2179,2179.0,26.53612774150217,0.0
2180,2180.0,26.327000253475276,0.0
2181,2181.0,26.18338107088587,0.0
2182,2182.0,25.623309261723836,0.0
2183,2183.0,25.524622905654876,0.0
2184,2184.0,25.659685580709425,0.0
2185,2185.0,25.441907064299972,0.0
2186,2186.0,26.339151000232974,0.0
2187,2187.0,25.32270379452585,0.0
2188,2188.0,25.82970702196354,0.0
2189,2189.0,26.15157199071572,0.0
2190,2190.0,25.860419734084058,0.0
2191,2191.0,25.28001488718512,0.0
2192,2192.0,25.60171643401679,0.0
2193,2193.0,25.278751314252073,0.0
2194,2194.0,25.06137877421684,0.0
2195,2195.0,25.715241520754752,0.0
2196,2196.0,24.995075651339818,0.0
2197,2197.0,25.72016104778173,0.0
2198,2198.0,25.035280156418743,0.0
2199,2199.0,25.664862322071997,0.0
2200,2200.0,25.620875029106593,0.0
2201,2201.0,25.576123970063815,0.0
2202,2202.0,25.66106367014233,0.0
2203,2203.0,25.41713542622134,0.0
2204,2204.0,24.924625751818212,0.0
2205,2205.0,24.77759587323685,0.0
2206,2206.0,25.112741539827002,0.0
2207,2207.0,25.073943940383266,0.0
2208,2208.0,24.521656063329036,0.0
2209,2209.0,24.749804367313057,0.0
2210,2210.0,24.87511465236301,0.0
2211,2211.0,24.703919038041892,0.0
2212,2212.0,25.306569994906088,0.0
2213,2213.0,24.8065312526967,0.0
2214,2214.0,24.311194639780343,0.0
2215,2215.0,25.263924537438214,0.0
2216,2216.0,24.343909547924405,0.0
2217,2217.0,25.003546979700317,0.0
2218,2218.0,25.065643241292822,0.0
2219,2219.0,25.109116981281563,0.0
2220,2220.0,24.778870293949236,0.0
2221,2221.0,24.481715592862965,0.0
2222,2222.0,24.946882429036197,0.0
2223,2223.0,25.02056397141516,0.0
2224,2224.0,24.080027159682373,0.0
2225,2225.0,24.662987337676366,0.0
2226,2226.0,23.951777975849904,0.0
2227,2227.0,24.80662807746544,0.0
2228,2228.0,24.409187494538727,0.0
2229,2229.0,24.109021759172624,0.0
2230,2230.0,24.096755501291927,0.0
2231,2231.0,24.36399060593063,0.0
2232,2232.0,24.339079684813537,0.0
2233,2233.0,24.361680336591906,0.0
2234,2234.0,23.832855578481052,0.0
2235,2235.0,24.036754957415607,0.0
2236,2236.0,24.470231161264877,0.0
2237,2237.0,24.420691980027097,0.0
2238,2238.0,24.271789606037213,0.0
2239,2239.0,24.083428318546083,0.0
2240,2240.0,23.67562441449676,0.0
2241,2241.0,23.612104608880088,0.0
2242,2242.0,24.095566620734843,0.0
2243,2243.0,23.525879257766082,0.0
2244,2244.0,23.975024901794605,0.0
2245,2245.0,23.71556720279957,0.0
2246,2246.0,23.47697088820488,0.0
2247,2247.0,23.5090658546203,0.0
2248,2248.0,23.652468944094572,0.0
2249,2249.0,23.748759596286494,0.0
2250,2250.0,23.429318764304412,0.0
2251,2251.0,24.230489358455095,0.0
2252,2252.0,23.402418447312463,0.0
2253,2253.0,23.349868383104994,0.0
2254,2254.0,23.946624462502538,0.0
2255,2255.0,24.174674067468285,0.0
2256,2256.0,23.206580218195754,0.0
2257,2257.0,23.18805248307154,0.0
2258,2258.0,23.957856629920016,0.0
2259,2259.0,23.792098880497413,0.0
2260,2260.0,23.435331611940423,0.0
2261,2261.0,23.95901653201057,0.0
2262,2262.0,23.912263024949613,0.0
2263,2263.0,23.8611371852378,0.0
2264,2264.0,23.5257830460762,0.0
2265,2265.0,23.183112686877823,0.0
2266,2266.0,23.349776670234288,0.0
2267,2267.0,23.26835888825563,0.0
2268,2268.0,23.70365210638897,0.0
2269,2269.0,22.953375872903724,0.0
2270,2270.0,23.36513701617974,0.0
2271,2271.0,23.780219125515224,0.0
2272,2272.0,23.086834403769227,0.0
2273,2273.0,23.777259839275807,0.0
2274,2274.0,23.309959883498305,0.0
2275,2275.0,22.976321111178166,0.0
2276,2276.0,23.40462404454697,0.0
2277,2277.0,23.472480556888513,0.0
2278,2278.0,22.798620666007736,0.0
2279,2279.0,22.968763049375344,0.0
2280,2280.0,23.29056253740826,0.0
2281,2281.0,22.724846876655413,0.0
2282,2282.0,22.851629166847143,0.0
2283,2283.0,23.11288906090998,0.0
2284,2284.0,23.381767692557336,0.0
2285,2285.0,22.833419108946302,0.0
2286,2286.0,22.759378943775918,0.0
2287,2287.0,22.64535809942324,0.0
2288,2288.0,23.206819587559124,0.0
2289,2289.0,22.967191415231603,0.0
2290,2290.0,22.58315957562377,0.0
2291,2291.0,22.80236468591635,0.0
2292,2292.0,22.577919511900795,0.0
2293,2293.0,23.369968836838378,0.0
2294,2294.0,22.47678790612789,0.0
2295,2295.0,23.24206200241755,0.0
2296,2296.0,22.704082728914877,0.0
2297,2297.0,22.806339336359073,0.0
2298,2298.0,22.69708110727812,0.0
2299,2299.0,22.9902922838634,0.0
2300,2300.0,22.469015845291135,0.0
2301,2301.0,22.874598268349843,0.0
2302,2302.0,23.121297050944467,0.0
2303,2303.0,22.735643461490717,0.0
2304,2304.0,23.00373400025879,0.0
2305,2305.0,22.963246136800056,0.0
2306,2306.0,22.500081096927133,0.0
2307,2307.0,22.20291967747716,0.0
2308,2308.0,23.077989189452303,0.0
2309,2309.0,22.407296012394866,0.0
2310,2310.0,22.879878310169406,0.0
2311,2311.0,22.626827683498455,0.0
2312,2312.0,22.702131498626724,0.0
2313,2313.0,22.92373311523726,0.0
2314,2314.0,23.03064268119862,0.0
2315,2315.0,23.01807864041874,0.0
2316,2316.0,22.24414496879102,0.0
2317,2317.0,22.149430697841552,0.0
2318,2318.0,22.58525287118576,0.0
2319,2319.0,23.009401775701463,0.0
2320,2320.0,22.12214216497729,0.0
2321,2321.0,22.9388995230192,0.0
2322,2322.0,22.212341339432783,0.0
2323,2323.0,22.534861145808613,0.0
2324,2324.0,22.825985551918063,0.0
2325,2325.0,22.110436749574315,0.0
2326,2326.0,22.082842568081848,0.0
2327,2327.0,22.07031305418978,0.0
2328,2328.0,22.054011697990216,0.0
2329,2329.0,22.1447148141533,0.0
2330,2330.0,22.128903115687965,0.0
2331,2331.0,22.19998865197559,0.0
2332,2332.0,21.93743063432428,0.0
2333,2333.0,22.3467415747293,0.0
2334,2334.0,21.94942288357555,0.0
2335,2335.0,22.172566996344123,0.0
2336,2336.0,22.241969158779682,0.0
2337,2337.0,22.48821436865174,0.0
2338,2338.0,21.984828500287595,0.0
2339,2339.0,22.108322698647818,0.0
2340,2340.0,22.126068464575418,0.0
2341,2341.0,21.977460234496828,0.0
2342,2342.0,22.509198940544707,0.0
2343,2343.0,22.38985951105595,0.0
2344,2344.0,21.85660393006044,0.0
2345,2345.0,22.670080088983052,0.0
2346,2346.0,22.128537171414212,0.0
2347,2347.0,22.37657429277502,0.0
2348,2348.0,22.332443086868395,0.0
2349,2349.0,21.945525749343382,0.0
2350,2350.0,22.27448278650469,0.0
2351,2351.0,22.303616548914714,0.0
2352,2352.0,22.05415769061912,0.0
2353,2353.0,22.561473031553536,0.0
2354,2354.0,22.296342701189626,0.0
2355,2355.0,21.988473741183935,0.0
2356,2356.0,22.202249766813814,0.0
2357,2357.0,22.20321369322445,0.0
2358,2358.0,21.907465347700363,0.0
2359,2359.0,21.804540120762137,0.0
2360,2360.0,21.97810068995148,0.0
2361,2361.0,22.544218764051863,0.0
2362,2362.0,22.451129058055464,0.0
2363,2363.0,21.77223159188244,0.0
2364,2364.0,21.57520677090321,0.0
2365,2365.0,21.61104107240972,0.0
2366,2366.0,22.285971183578127,0.0
2367,2367.0,22.06903660168117,0.0
2368,2368.0,21.800157400745537,0.0
2369,2369.0,21.672638497282136,0.0
2370,2370.0,22.253010849819457,0.0
2371,2371.0,22.09264251761999,0.0
2372,2372.0,22.330002732149854,0.0
2373,2373.0,21.593768078497778,0.0
2374,2374.0,22.01495904435829,0.0
2375,2375.0,22.123889517391667,0.0
2376,2376.0,22.18250803953852,0.0
2377,2377.0,22.191165281851163,0.0
2378,2378.0,21.956368121539747,0.0
2379,2379.0,21.46513559233666,0.0
2380,2380.0,22.054911515253437,0.0
2381,2381.0,21.57928280952167,0.0
2382,2382.0,22.162653540284182,0.0
2383,2383.0,21.57931163417262,0.0
2384,2384.0,21.768841348275227,0.0
2385,2385.0,22.117719331258638,0.0
2386,2386.0,21.733841255351685,0.0
2387,2387.0,22.28250592456734,0.0
2388,2388.0,21.804415258035313,0.0
2389,2389.0,21.65491631035297,0.0
2390,2390.0,21.735558380309357,0.0
2391,2391.0,21.516285353852524,0.0
2392,2392.0,21.67247568176825,0.0
2393,2393.0,21.977575580992955,0.0
2394,2394.0,21.422159613845455,0.0
2395,2395.0,21.3136724647718,0.0
2396,2396.0,22.12039888430317,0.0
2397,2397.0,21.485864191708124,0.0
2398,2398.0,22.18993949278265,0.0
2399,2399.0,21.303958298167846,0.0
2400,2400.0,21.31705175575262,0.0
2401,2401.0,22.061599241053507,0.0
2402,2402.0,21.5210940284913,0.0
2403,2403.0,21.35929060167081,0.0
2404,2404.0,22.047495887930015,0.0
2405,2405.0,22.025138263327644,0.0
2406,2406.0,22.15645453685919,0.0
2407,2407.0,21.65809944481451,0.0
2408,2408.0,21.653010066496563,0.0
2409,2409.0,21.75886803718688,0.0
2410,2410.0,21.54441126539124,0.0
2411,2411.0,21.926980967734988,0.0
2412,2412.0,21.68367518669548,0.0
2413,2413.0,21.747189195901676,0.0
2414,2414.0,21.23198205816658,0.0
2415,2415.0,22.140378851136937,0.0
2416,2416.0,21.85373844854569,0.0
2417,2417.0,21.698681236131208,0.0
2418,2418.0,21.31359822430599,0.0
2419,2419.0,21.801341382107648,0.0
2420,2420.0,21.21326385383016,0.0
2421,2421.0,22.06436132310085,0.0
2422,2422.0,21.74082664583566,0.0
2423,2423.0,21.768554690670396,0.0
2424,2424.0,21.882451595109472,0.0
2425,2425.0,22.11262947897934,0.0
2426,2426.0,21.762058466745962,0.0
2427,2427.0,21.914497083457018,0.0
2428,2428.0,21.111385916561957,0.0
2429,2429.0,21.717254392921095,0.0
2430,2430.0,21.656485426804295,0.0
2431,2431.0,22.0629166854166,0.0
2432,2432.0,21.459919755624036,0.0
2433,2433.0,21.74974709150347,0.0
2434,2434.0,21.266784698800997,0.0
2435,2435.0,22.02248709978478,0.0
2436,2436.0,22.052306313720273,0.0
2437,2437.0,21.783798003129498,0.0
2438,2438.0,21.43944199394585,0.0
2439,2439.0,21.540889746973228,0.0
2440,2440.0,21.437061220040256,0.0
2441,2441.0,21.58636049316258,0.0
2442,2442.0,21.570661484833824,0.0
2443,2443.0,21.18103565086004,0.0
2444,2444.0,21.772475069596183,0.0
2445,2445.0,21.114064801271308,0.0
2446,2446.0,21.061288032659366,0.0
2447,2447.0,21.82045239613745,0.0
2448,2448.0,21.917462387023757,0.0
2449,2449.0,21.527982438439036,0.0
2450,2450.0,21.820868954770013,0.0
2451,2451.0,21.30319270693562,0.0
2452,2452.0,21.79450645927376,0.0
2453,2453.0,21.342547838343062,0.0
2454,2454.0,21.336432178942008,0.0
2455,2455.0,21.766881035935853,0.0
2456,2456.0,21.424724485760947,0.0
2457,2457.0,21.42459860301385,0.0
2458,2458.0,21.260846205787107,0.0
2459,2459.0,21.82701695676521,0.0
2460,2460.0,21.656385000286097,0.0
2461,2461.0,21.830440856597228,0.0
2462,2462.0,21.97450534842301,0.0
2463,2463.0,21.851037040422927,0.0
2464,2464.0,21.093046341123298,0.0
2465,2465.0,21.4198355407338,0.0
2466,2466.0,21.661265131585328,0.0
2467,2467.0,21.657910551209515,0.0
2468,2468.0,21.075197382947636,0.0
2469,2469.0,21.882071803377578,0.0
2470,2470.0,21.404195894046676,0.0
2471,2471.0,21.25107977032122,0.0
2472,2472.0,21.517729624107695,0.0
2473,2473.0,21.218682673094424,0.0
2474,2474.0,21.63127610625181,0.0
2475,2475.0,21.576973297299176,0.0
2476,2476.0,21.831350249349068,0.0
2477,2477.0,21.749276616394535,0.0
2478,2478.0,21.724388955922578,0.0
2479,2479.0,21.68707369108414,0.0
2480,2480.0,21.598598220646636,0.0
2481,2481.0,21.161994739525394,0.0
2482,2482.0,21.721952352087076,0.0
2483,2483.0,21.12366823845149,0.0
2484,2484.0,21.176877403306417,25.0
2485,2485.0,22.8737577574872,25.0
2486,2486.0,23.64077087451567,25.0
2487,2487.0,24.510340850897567,25.0
2488,2488.0,25.063586896434085,25.0
2489,2489.0,26.361609375576094,25.0
2490,2490.0,26.636073447301797,25.0
2491,2491.0,26.917774194305736,25.0
2492,2492.0,27.32672460172406,25.0
2493,2493.0,28.60563624741126,25.0
2494,2494.0,28.705618701337404,25.0
2495,2495.0,28.803858009098832,25.0
2496,2496.0,29.438316027878013,25.0
2497,2497.0,29.701603514899357,25.0
2498,2498.0,30.21307258262408,25.0
2499,2499.0,30.83676025894862,25.0
2500,2500.0,31.26247109816314,25.0
2501,2501.0,31.09630010698144,25.0
2502,2502.0,31.218157647782874,25.0
2503,2503.0,32.08423841586617,25.0
2504,2504.0,32.33820099025288,25.0
2505,2505.0,31.805844855705647,25.0
2506,2506.0,32.15761120774941,25.0
2507,2507.0,32.639286478376114,25.0
2508,2508.0,32.69110354777308,25.0
2509,2509.0,33.15432475776293,25.0
2510,2510.0,33.09727457510463,25.0
2511,2511.0,33.64839156929162,25.0
2512,2512.0,34.10502371632419,25.0
2513,2513.0,33.502851249432595,25.0
2514,2514.0,34.28534150133654,25.0
2515,2515.0,34.650238698898114,25.0
2516,2516.0,34.86447629033968,25.0
2517,2517.0,34.5676139327284,25.0
2518,2518.0,34.892820716015564,25.0
2519,2519.0,35.160438903221184,25.0
2520,2520.0,34.91328648934265,25.0
2521,2521.0,35.57371014603882,25.0
2522,2522.0,35.551328211153546,25.0
2523,2523.0,35.57180868979649,25.0
2524,2524.0,35.51430514853677,25.0
2525,2525.0,35.52015272385448,25.0
2526,2526.0,36.188883652004925,25.0
2527,2527.0,36.44927750597522,25.0
2528,2528.0,35.64073177016075,25.0
2529,2529.0,36.00595972505297,25.0
2530,2530.0,36.20869152559172,25.0
2531,2531.0,36.81855367605712,25.0
2532,2532.0,36.92480064016181,25.0
2533,2533.0,36.90410664087113,25.0
2534,2534.0,36.27845631763991,25.0
2535,2535.0,36.47891079019141,25.0
2536,2536.0,36.9545953316779,25.0
2537,2537.0,36.8720857238895,25.0
2538,2538.0,37.61949111059598,25.0
2539,2539.0,36.964673824598925,25.0
2540,2540.0,37.14118099826639,25.0
2541,2541.0,37.43429072284573,25.0
2542,2542.0,37.06579855106968,25.0
2543,2543.0,37.73206497389637,25.0
2544,2544.0,37.93984756965633,25.0
2545,2545.0,38.16442608419116,25.0
2546,2546.0,37.7766238152893,25.0
2547,2547.0,37.95323255870415,25.0
2548,2548.0,38.012351870509185,25.0
2549,2549.0,38.04068166250207,25.0
2550,2550.0,38.59847518193482,25.0
2551,2551.0,38.23696958442511,25.0
2552,2552.0,38.25647670098756,25.0
2553,2553.0,38.69075768963982,25.0
2554,2554.0,38.41265004383209,25.0
2555,2555.0,38.18320102716263,25.0
2556,2556.0,38.824264302094534,25.0
2557,2557.0,38.357610539260165,25.0
2558,2558.0,38.719170016437346,25.0
2559,2559.0,39.0082800818902,25.0
2560,2560.0,38.634900713352245,25.0
2561,2561.0,38.706959255225584,25.0
2562,2562.0,39.220714777252084,25.0
2563,2563.0,39.284772130016925,25.0
2564,2564.0,39.372881096453035,25.0
2565,2565.0,39.04203872671525,25.0
2566,2566.0,38.95261289533313,25.0
2567,2567.0,39.00631904193944,25.0
2568,2568.0,39.7647928852384,25.0
2569,2569.0,39.43872879671275,25.0
2570,2570.0,39.859147439805305,25.0
2571,2571.0,39.62041080897017,25.0
2572,2572.0,39.51849259192482,25.0
2573,2573.0,39.54521492023987,25.0
2574,2574.0,39.58031242917531,25.0
2575,2575.0,39.472589964573274,25.0
2576,2576.0,39.701727152110344,25.0
2577,2577.0,39.933235224101665,25.0
2578,2578.0,40.28596745758865,25.0
2579,2579.0,39.91817543719918,25.0
2580,2580.0,39.73268569462378,25.0
2581,2581.0,40.425968653986175,25.0
2582,2582.0,40.3787911934225,25.0
2583,2583.0,40.19241034438584,25.0
2584,2584.0,40.183676935075304,25.0
2585,2585.0,40.38931399515157,25.0
2586,2586.0,40.28096214912261,25.0
2587,2587.0,40.27172653242772,25.0
2588,2588.0,39.94401153273352,25.0
2589,2589.0,40.0648791397856,25.0
2590,2590.0,40.4190890453529,25.0
2591,2591.0,40.08209964606662,25.0
2592,2592.0,40.091096960856056,25.0
2593,2593.0,40.868672837068296,25.0
2594,2594.0,40.770330423834544,25.0
2595,2595.0,40.086915643692805,25.0
2596,2596.0,40.31574829008219,25.0
2597,2597.0,40.91756724777678,25.0
2598,2598.0,41.019476023234425,25.0
2599,2599.0,41.096490337792716,25.0
2600,2600.0,40.35984983172847,25.0
2601,2601.0,40.69345072909417,25.0
2602,2602.0,40.29902764286864,25.0
2603,2603.0,40.974707911322504,25.0
2604,2604.0,40.391393456285506,25.0
2605,2605.0,40.373162690291736,25.0
2606,2606.0,40.68044315763192,25.0
2607,2607.0,40.71646736205103,25.0
2608,2608.0,41.09851390735769,25.0
2609,2609.0,41.1505156557358,25.0
2610,2610.0,41.09305771340804,25.0
2611,2611.0,40.85076536466972,25.0
2612,2612.0,40.809828578154885,25.0
2613,2613.0,41.04431488914341,25.0
2614,2614.0,41.52547012719689,25.0
2615,2615.0,41.49130802945431,25.0
2616,2616.0,40.91357177895653,25.0
2617,2617.0,41.325437730910046,25.0
2618,2618.0,40.7049815555321,25.0
2619,2619.0,40.911682875530296,25.0
2620,2620.0,40.92817324717985,25.0
2621,2621.0,40.82977725553814,25.0
2622,2622.0,41.055253979327745,25.0
2623,2623.0,41.21604924053716,25.0
2624,2624.0,41.183919629573,25.0
2625,2625.0,41.468133929825036,25.0
2626,2626.0,41.61968103733452,25.0
2627,2627.0,41.0976368257321,25.0
2628,2628.0,41.084062246995686,25.0
2629,2629.0,41.81585755148888,25.0
2630,2630.0,41.50452425350124,25.0
2631,2631.0,41.965635843319895,25.0
2632,2632.0,41.685674454298095,25.0
2633,2633.0,41.32598632909669,25.0
2634,2634.0,41.74926211607877,25.0
2635,2635.0,41.85482569312793,25.0
2636,2636.0,41.84058976970831,25.0
2637,2637.0,41.42733667387436,25.0
2638,2638.0,41.2445832696856,25.0
2639,2639.0,41.53622739617364,25.0
2640,2640.0,41.47011575174769,25.0
2641,2641.0,41.66227551590769,25.0
2642,2642.0,42.08373180667874,25.0
2643,2643.0,41.57529311657824,25.0
2644,2644.0,41.44519519681167,25.0
2645,2645.0,41.47663534958364,25.0
2646,2646.0,41.29725302966529,25.0
2647,2647.0,41.70005911738453,25.0
2648,2648.0,41.895254393919444,25.0
2649,2649.0,41.49909111408462,25.0
2650,2650.0,42.21486043563002,25.0
2651,2651.0,41.270413315193686,25.0
2652,2652.0,42.08674329521802,25.0
2653,2653.0,41.378426554829886,25.0
2654,2654.0,42.24785119494054,25.0
2655,2655.0,41.908995883102754,25.0
2656,2656.0,41.35427253783386,25.0
2657,2657.0,41.441045484576364,25.0
2658,2658.0,41.806859599974985,25.0
2659,2659.0,41.79832534137606,25.0
2660,2660.0,42.22121767599079,25.0
2661,2661.0,41.67066847135574,25.0
2662,2662.0,41.37652719268805,25.0
2663,2663.0,41.93693042711564,25.0
2664,2664.0,42.19292449524976,25.0
2665,2665.0,42.02830889008698,25.0
2666,2666.0,42.21280622545398,25.0
2667,2667.0,42.020130722239266,25.0
2668,2668.0,41.90878603965274,25.0
2669,2669.0,42.15142685025048,25.0
2670,2670.0,41.46801781679204,25.0
2671,2671.0,42.33108779077216,25.0
2672,2672.0,41.47262658873933,25.0
2673,2673.0,41.701799509226916,25.0
2674,2674.0,41.48716086081076,25.0
2675,2675.0,42.2978844451621,25.0
2676,2676.0,42.1339187975528,25.0
2677,2677.0,42.38143789086205,25.0
2678,2678.0,41.56810044774475,25.0
2679,2679.0,41.672531201596044,25.0
2680,2680.0,41.90260399313907,25.0
2681,2681.0,41.94022786834253,25.0
2682,2682.0,42.32990701038951,25.0
2683,2683.0,41.638571634681895,25.0
2684,2684.0,42.23030289238334,25.0
2685,2685.0,41.68709271719081,25.0
2686,2686.0,41.565216127549995,25.0
2687,2687.0,41.75352517368066,25.0
2688,2688.0,41.89243256847961,25.0
2689,2689.0,42.24305640587455,25.0
2690,2690.0,42.25137769355685,25.0
2691,2691.0,42.24869494358841,25.0
2692,2692.0,41.539447140761844,25.0
2693,2693.0,41.74205767240563,25.0
2694,2694.0,41.933887973863584,25.0
2695,2695.0,42.380548165567944,25.0
2696,2696.0,41.637195034974894,25.0
2697,2697.0,42.3104842695011,25.0
2698,2698.0,41.70214655890884,25.0
2699,2699.0,42.42949983311193,25.0
2700,2700.0,41.68364157364528,25.0
2701,2701.0,42.03126303274154,25.0
2702,2702.0,41.63821325839326,25.0
2703,2703.0,42.04581518545388,25.0
2704,2704.0,42.081674665262845,0.0
2705,2705.0,41.397005368176316,0.0
2706,2706.0,40.84976628966526,0.0
2707,2707.0,40.28292537943072,0.0
2708,2708.0,39.245835826139,0.0
2709,2709.0,39.42574718809681,0.0
2710,2710.0,39.029306545715144,0.0
2711,2711.0,38.728004549875784,0.0
2712,2712.0,38.29487873183153,0.0
2713,2713.0,37.594721045492,0.0
2714,2714.0,37.693919456534644,0.0
2715,2715.0,36.85944362567514,0.0
2716,2716.0,36.834883109631505,0.0
2717,2717.0,36.726708797796704,0.0
2718,2718.0,36.08311765157879,0.0
2719,2719.0,36.28655195651361,0.0
2720,2720.0,35.678765219136366,0.0
2721,2721.0,35.38878224363416,0.0
2722,2722.0,34.79569273341828,0.0
2723,2723.0,34.7278059347414,0.0
2724,2724.0,34.717628195655315,0.0
2725,2725.0,34.09433070661541,0.0
2726,2726.0,34.34626979344124,0.0
2727,2727.0,33.784323000917944,0.0
2728,2728.0,34.08481498834257,0.0
2729,2729.0,34.03151303037974,0.0
2730,2730.0,33.80714891822169,0.0
2731,2731.0,33.81625724555303,0.0
2732,2732.0,32.83632418369799,0.0
2733,2733.0,33.516661459036996,0.0
2734,2734.0,32.61764637926062,0.0
2735,2735.0,32.63046225335776,0.0
2736,2736.0,32.60859759570121,0.0
2737,2737.0,32.84558157875702,0.0
2738,2738.0,32.70851561632214,0.0
2739,2739.0,31.65786088696071,0.0
2740,2740.0,31.834485321211766,0.0
2741,2741.0,31.60028681086485,0.0
2742,2742.0,31.483968898606854,0.0
2743,2743.0,31.471276413352392,0.0
2744,2744.0,31.705319315363255,0.0
2745,2745.0,31.79831334127243,0.0
2746,2746.0,31.132189237897276,0.0
2747,2747.0,31.157718908745615,0.0
2748,2748.0,30.961825545118636,0.0
2749,2749.0,30.869871997352046,0.0
2750,2750.0,30.404832796366478,0.0
2751,2751.0,30.738685267679173,0.0
2752,2752.0,30.665948065352048,0.0
2753,2753.0,30.007728444284123,0.0
2754,2754.0,30.374845776855278,0.0
2755,2755.0,30.032171409261405,0.0
2756,2756.0,30.481944663506425,0.0
2757,2757.0,29.526377419153405,0.0
2758,2758.0,30.25475238436265,0.0
2759,2759.0,30.146989222004137,0.0
2760,2760.0,29.587792562244392,0.0
2761,2761.0,29.19383242242533,0.0
2762,2762.0,29.47206207087771,0.0
2763,2763.0,29.759015142551796,0.0
2764,2764.0,29.78591973599285,0.0
2765,2765.0,29.346260977221544,0.0
2766,2766.0,29.171123835553956,0.0
2767,2767.0,29.261894916951192,0.0
2768,2768.0,29.21882692534907,0.0
2769,2769.0,28.91723271022959,0.0
2770,2770.0,28.94314646732818,0.0
2771,2771.0,28.629043591154225,0.0
2772,2772.0,28.51661413699464,0.0
2773,2773.0,28.707984355715364,0.0
2774,2774.0,28.260871375492123,0.0
2775,2775.0,27.987713570351325,0.0
2776,2776.0,28.60899592138945,0.0
2777,2777.0,28.650119946314653,0.0
2778,2778.0,28.597829777330322,0.0
2779,2779.0,28.08018649126837,0.0
2780,2780.0,28.584947802076243,0.0
2781,2781.0,28.43398766545899,0.0
2782,2782.0,27.51225298393384,0.0
2783,2783.0,27.720911856486754,0.0
2784,2784.0,28.3074613752181,0.0
2785,2785.0,27.723216237934945,0.0
2786,2786.0,27.536380490627906,0.0
2787,2787.0,27.75347806706381,0.0
2788,2788.0,27.447851777116163,0.0
2789,2789.0,27.49794320518392,0.0
2790,2790.0,27.79531732805705,0.0
2791,2791.0,27.49338267325419,0.0
2792,2792.0,27.142394312849444,0.0
2793,2793.0,27.204876409440217,0.0
2794,2794.0,26.768189601637655,0.0
2795,2795.0,26.976101023573705,0.0
2796,2796.0,27.075310730218785,0.0
2797,2797.0,27.30946416602306,0.0
2798,2798.0,26.57959297101475,0.0
2799,2799.0,26.713635413123598,0.0
2800,2800.0,27.100110638939167,0.0
2801,2801.0,26.83713949904585,0.0
2802,2802.0,26.90851338237137,0.0
2803,2803.0,26.24306095333059,0.0
2804,2804.0,26.828084501586368,0.0
2805,2805.0,26.289581092479292,0.0
2806,2806.0,26.52603569759755,0.0
2807,2807.0,26.39146644064195,0.0
2808,2808.0,26.835589361038803,0.0
2809,2809.0,26.89099252024603,0.0
2810,2810.0,26.070223114894862,0.0
2811,2811.0,26.208555409939766,0.0
2812,2812.0,26.124494335065254,0.0
2813,2813.0,26.10829060711972,0.0
2814,2814.0,26.190765758444286,0.0
2815,2815.0,25.76933968622155,0.0
2816,2816.0,26.285473065149404,0.0
2817,2817.0,26.43307640998219,0.0
2818,2818.0,26.258313435865198,0.0
2819,2819.0,25.91915075344009,0.0
2820,2820.0,25.994413359401953,0.0
2821,2821.0,25.84919187918921,0.0
2822,2822.0,26.214673135926738,0.0
2823,2823.0,25.683326646560253,0.0
2824,2824.0,26.0915809810668,0.0
2825,2825.0,25.50589023440379,0.0
2826,2826.0,25.710330830749275,0.0
2827,2827.0,25.18611124742419,0.0
2828,2828.0,25.74010315111858,0.0
2829,2829.0,25.265567589856346,0.0
2830,2830.0,25.189825660521933,0.0
2831,2831.0,25.745315030908024,0.0
2832,2832.0,25.507724360287803,0.0
2833,2833.0,25.861412677071336,0.0
2834,2834.0,24.883711613996958,0.0
2835,2835.0,25.34269266037131,0.0
2836,2836.0,25.710347876833453,0.0
2837,2837.0,25.01175431014451,0.0
2838,2838.0,25.419221375482703,0.0
2839,2839.0,25.562275517249287,0.0
2840,2840.0,25.38949281796068,0.0
2841,2841.0,25.367341269522647,0.0
2842,2842.0,25.50397790875157,0.0
2843,2843.0,25.505579278790993,0.0
2844,2844.0,24.819178631913736,0.0
2845,2845.0,25.16426447494503,0.0
2846,2846.0,25.123144504719985,0.0
2847,2847.0,24.592387638863045,0.0
2848,2848.0,25.23784930158886,0.0
2849,2849.0,25.20164874984628,0.0
2850,2850.0,24.503277618142608,0.0
2851,2851.0,24.654411255113132,0.0
2852,2852.0,25.00058092162963,0.0
2853,2853.0,24.282957358875116,0.0
2854,2854.0,24.247254124379836,0.0
2855,2855.0,24.2210386823022,0.0
2856,2856.0,24.99654508353033,0.0
2857,2857.0,24.737504989050006,0.0
2858,2858.0,24.986056722915766,0.0
2859,2859.0,24.50968229413685,0.0
2860,2860.0,24.124555206311747,0.0
2861,2861.0,24.409812233833286,0.0
2862,2862.0,24.094901556670116,0.0
2863,2863.0,23.880133945795343,0.0
2864,2864.0,24.414803166642304,0.0
2865,2865.0,23.81151504585548,0.0
2866,2866.0,24.764886945747868,0.0
2867,2867.0,24.737481862519545,0.0
2868,2868.0,24.350706552707013,0.0
2869,2869.0,24.002080908394394,0.0
2870,2870.0,24.64313720637955,0.0
2871,2871.0,24.586805118292443,0.0
2872,2872.0,24.42355470482399,0.0
2873,2873.0,24.16329823051449,0.0
2874,2874.0,24.392385378837005,0.0
2875,2875.0,23.934023811732793,0.0
2876,2876.0,24.326589460900816,0.0
2877,2877.0,24.01598559878523,0.0
2878,2878.0,24.300415457692807,0.0
2879,2879.0,23.804076407475826,0.0
2880,2880.0,24.093716201676934,0.0
2881,2881.0,23.440603925867073,0.0
2882,2882.0,24.059403060640538,0.0
2883,2883.0,23.737081535680804,0.0
2884,2884.0,23.507189171217348,0.0
2885,2885.0,23.418201409903908,0.0
2886,2886.0,23.5623455127402,0.0
2887,2887.0,23.51471625362638,0.0
2888,2888.0,24.10154889538981,0.0
2889,2889.0,23.86748983463026,0.0
2890,2890.0,24.01756572909876,0.0
2891,2891.0,23.85628896840009,0.0
2892,2892.0,23.785741597710036,0.0
2893,2893.0,23.537053646581136,0.0
2894,2894.0,23.551373839207628,0.0
2895,2895.0,23.172656643015237,0.0
2896,2896.0,23.656747570835773,0.0
2897,2897.0,23.94462562792664,0.0
2898,2898.0,23.93455409999949,0.0
2899,2899.0,23.495855988687588,0.0
2900,2900.0,23.545229206573488,0.0
2901,2901.0,23.148059425643194,0.0
2902,2902.0,22.983264292077468,0.0
2903,2903.0,23.643766478592568,0.0
2904,2904.0,23.732509009343847,0.0
2905,2905.0,23.75309316217563,0.0
2906,2906.0,23.378248604325133,0.0
2907,2907.0,23.31688365099362,0.0
2908,2908.0,23.084135798367175,0.0
2909,2909.0,22.799751673609393,0.0
2910,2910.0,22.900175237742662,0.0
2911,2911.0,23.170976461481093,0.0
2912,2912.0,23.552088141650618,0.0
2913,2913.0,23.13650125231636,0.0
2914,2914.0,23.01666373690348,0.0
2915,2915.0,22.85067830678336,0.0
2916,2916.0,22.815462874685,0.0
2917,2917.0,23.32300598970072,0.0
2918,2918.0,22.891130756947515,0.0
2919,2919.0,22.615189282176313,0.0
2920,2920.0,22.852831264501383,0.0
2921,2921.0,23.26575868460148,0.0
2922,2922.0,23.002918342894628,0.0
2923,2923.0,22.798839345371256,0.0
2924,2924.0,23.43545309646439,0.0
2925,2925.0,23.25937646252871,0.0
2926,2926.0,22.77594036106036,0.0
2927,2927.0,22.675373565025154,0.0
2928,2928.0,22.634158611852484,0.0
2929,2929.0,22.994112630291312,0.0
2930,2930.0,23.267386330705598,0.0
2931,2931.0,22.87937479482156,0.0
2932,2932.0,22.790988318309243,0.0
2933,2933.0,22.824511759007148,0.0
2934,2934.0,23.16193512395763,0.0
2935,2935.0,22.29451373800665,0.0
2936,2936.0,22.279249027412387,0.0
2937,2937.0,22.416305931154024,0.0
2938,2938.0,22.759233181864097,0.0
2939,2939.0,22.41087464449882,0.0
2940,2940.0,22.3765476297245,0.0
2941,2941.0,22.46040746558946,0.0
2942,2942.0,22.90574693219271,0.0
2943,2943.0,23.130848846825064,0.0
2944,2944.0,22.88190529148716,0.0
2945,2945.0,22.420929692379133,0.0
2946,2946.0,22.664336731490224,0.0
2947,2947.0,22.603126733793886,0.0
2948,2948.0,22.38179237506183,0.0
2949,2949.0,22.93238842599311,0.0
2950,2950.0,22.143351112687537,0.0
2951,2951.0,22.694900847752834,0.0
2952,2952.0,22.646688192065444,0.0
2953,2953.0,22.607931988903573,0.0
2954,2954.0,22.523479785946126,0.0
2955,2955.0,22.774739572266157,0.0
2956,2956.0,21.953773740538026,0.0
2957,2957.0,22.47425616021618,0.0
2958,2958.0,22.72808631466863,0.0
2959,2959.0,22.762798002482103,0.0
2960,2960.0,22.519765787808197,0.0
2961,2961.0,22.385104962660026,0.0
2962,2962.0,22.680935275208462,0.0
2963,2963.0,22.793069263223742,0.0
2964,2964.0,21.86289569802973,0.0
2965,2965.0,22.5902935922261,0.0
2966,2966.0,22.69644303032005,0.0
2967,2967.0,21.935413841651734,0.0
2968,2968.0,22.396795791450703,0.0
2969,2969.0,22.030572192253643,0.0
2970,2970.0,22.35720923293502,0.0
2971,2971.0,22.39831312241268,0.0
2972,2972.0,21.879641717885388,0.0
2973,2973.0,21.983909818868707,0.0
2974,2974.0,22.580989543369963,0.0
2975,2975.0,22.692948812259075,0.0
2976,2976.0,22.018240606530256,0.0
2977,2977.0,22.14100295750205,0.0
2978,2978.0,22.58165441933996,0.0
2979,2979.0,22.60205298590976,0.0
2980,2980.0,21.743924599073736,0.0
2981,2981.0,22.360753489111826,0.0
2982,2982.0,22.000883468761224,0.0
2983,2983.0,21.88720175324138,0.0
2984,2984.0,21.81711857604378,0.0
2985,2985.0,21.63581690225347,0.0
2986,2986.0,22.57546641099761,0.0
2987,2987.0,21.784597602541254,0.0
2988,2988.0,22.291940440665865,0.0
2989,2989.0,22.026597417853708,0.0
2990,2990.0,21.594957070182488,0.0
2991,2991.0,22.33617064959825,0.0
2992,2992.0,22.024990885297395,0.0
2993,2993.0,21.859873067122944,0.0
2994,2994.0,21.636452061798316,0.0
2995,2995.0,22.34162036469117,0.0
2996,2996.0,22.2081437504577,0.0
2997,2997.0,21.906077374874588,0.0
2998,2998.0,22.408031279500396,0.0
2999,2999.0,22.117724490984923,0.0
3000,3000.0,21.583341401965757,0.0
3001,3001.0,21.601705188131845,0.0
3002,3002.0,21.997496139670705,0.0
3003,3003.0,22.082387635839304,0.0
3004,3004.0,21.720510495197782,0.0
3005,3005.0,22.221861231336277,0.0
3006,3006.0,22.003959946039856,0.0
3007,3007.0,22.25451539195492,0.0
3008,3008.0,21.805120081443942,0.0
3009,3009.0,21.44069718511422,0.0
3010,3010.0,21.877312369702402,0.0
3011,3011.0,21.74651412560666,0.0
3012,3012.0,22.333029959903648,0.0
3013,3013.0,21.44338569749784,0.0
3014,3014.0,21.457158832141634,0.0
3015,3015.0,22.060443655072234,0.0
3016,3016.0,21.60819044080057,0.0
3017,3017.0,22.29761304597205,0.0
3018,3018.0,21.794029377935527,0.0
3019,3019.0,21.984291296931872,0.0
3020,3020.0,21.619515032787522,0.0
3021,3021.0,21.520855653391674,0.0
3022,3022.0,21.83646834269642,0.0
3023,3023.0,21.63168497711732,0.0
3024,3024.0,21.357416813218055,0.0
3025,3025.0,21.590300030304835,0.0
3026,3026.0,22.033947796486114,0.0
3027,3027.0,21.541045844600532,0.0
3028,3028.0,21.51353879587848,0.0
3029,3029.0,21.35947854125042,0.0
3030,3030.0,21.781288395898112,0.0
3031,3031.0,21.465625076061613,0.0
3032,3032.0,21.572986183097186,0.0
3033,3033.0,21.25120154360635,0.0
3034,3034.0,21.25252785616909,0.0
3035,3035.0,22.098959159655745,0.0
3036,3036.0,22.18573486430395,0.0
3037,3037.0,22.14476731772057,0.0
3038,3038.0,22.13635342986499,0.0
3039,3039.0,21.6558200965555,0.0
3040,3040.0,21.741604196438416,0.0
3041,3041.0,21.224248279953738,0.0
3042,3042.0,22.14720149824413,0.0
3043,3043.0,21.74013056228142,0.0
3044,3044.0,21.989160240207088,0.0
3045,3045.0,21.374639253380916,0.0
3046,3046.0,21.378718907527997,0.0
3047,3047.0,22.11942043873949,0.0
3048,3048.0,21.17694034770355,0.0
3049,3049.0,21.842725717925973,0.0
3050,3050.0,21.118738218192306,0.0
3051,3051.0,21.977928416914494,0.0
3052,3052.0,21.267591548494643,0.0
3053,3053.0,21.461682976093574,0.0
3054,3054.0,21.881959488366633,0.0
3055,3055.0,21.29519101992516,0.0
3056,3056.0,22.00691433233525,0.0
3057,3057.0,21.70952599292929,0.0
3058,3058.0,21.610813530516293,0.0
3059,3059.0,21.903544102620916,0.0
3060,3060.0,21.08409546069113,0.0
3061,3061.0,21.867847919109447,0.0
3062,3062.0,21.705544334040642,0.0
3063,3063.0,21.543052879715354,0.0
3064,3064.0,21.706889876878485,0.0
3065,3065.0,21.788074559999085,0.0
3066,3066.0,21.068405061133515,0.0
3067,3067.0,21.471240273951366,0.0
3068,3068.0,21.0811499447452,0.0
3069,3069.0,21.320865220673983,0.0
3070,3070.0,21.27128055948267,0.0
3071,3071.0,21.109743851670643,0.0
3072,3072.0,21.095087669644155,0.0
3073,3073.0,21.852154132801658,0.0
3074,3074.0,21.25064070386101,0.0
3075,3075.0,21.189282834895824,0.0
3076,3076.0,21.46826944426513,0.0
3077,3077.0,21.303857654781346,0.0
3078,3078.0,21.924999030454895,0.0
3079,3079.0,21.87473359732629,0.0
3080,3080.0,21.786200582769926,0.0
3081,3081.0,21.04118691049322,0.0
3082,3082.0,21.327169825738824,0.0
3083,3083.0,21.26184374777287,0.0
3084,3084.0,21.895184961155014,0.0
3085,3085.0,21.433457332053813,0.0
3086,3086.0,21.380579967572245,0.0
3087,3087.0,21.50529517807777,0.0
3088,3088.0,21.355327435142016,0.0
3089,3089.0,21.357091615737247,0.0
3090,3090.0,21.777057626755177,0.0
3091,3091.0,21.637760739702223,0.0
3092,3092.0,21.601912577488672,0.0
3093,3093.0,21.78215806216567,0.0
3094,3094.0,21.77852176781605,0.0
3095,3095.0,21.733340015290292,0.0
3096,3096.0,21.348773154951655,0.0
3097,3097.0,21.447921844358433,0.0
3098,3098.0,21.759723541693145,0.0
3099,3099.0,21.52903200019134,0.0
3100,3100.0,21.238296660341618,0.0
3101,3101.0,21.172159420954316,0.0
3102,3102.0,21.197538797873857,0.0
3103,3103.0,21.074559723531447,0.0
3104,3104.0,21.166702718012736,0.0
3105,3105.0,21.89013041782882,30.0
3106,3106.0,23.114974977848753,30.0
3107,3107.0,24.256048052499338,30.0
3108,3108.0,25.514698794493142,30.0
3109,3109.0,26.434862208166873,30.0
3110,3110.0,26.782061189713993,30.0
3111,3111.0,27.563618744269586,30.0
3112,3112.0,28.26332222349696,30.0
3113,3113.0,29.610099702539962,30.0
3114,3114.0,29.97990113280474,30.0
3115,3115.0,30.349762232707647,30.0
3116,3116.0,30.908147484048666,30.0
3117,3117.0,30.78923880394344,30.0
3118,3118.0,31.55897695663651,30.0
3119,3119.0,32.12567189097879,30.0
3120,3120.0,31.951118986675038,30.0
3121,3121.0,32.445430062749054,30.0
3122,3122.0,32.942874330733275,30.0
3123,3123.0,33.90300355697763,30.0
3124,3124.0,33.63949493024397,30.0
3125,3125.0,33.94868788016893,30.0
3126,3126.0,34.67266685814446,30.0
3127,3127.0,34.98366982811978,30.0
3128,3128.0,34.489533754851315,30.0
3129,3129.0,34.95196303241206,30.0
3130,3130.0,35.102285445209404,30.0
3131,3131.0,35.29734666991477,30.0
3132,3132.0,35.459868159326554,30.0
3133,3133.0,36.22577464506314,30.0
3134,3134.0,36.40431130179509,30.0
3135,3135.0,36.9399491879844,30.0
3136,3136.0,37.133899070148026,30.0
3137,3137.0,37.06609851845166,30.0
3138,3138.0,37.36508837479819,30.0
3139,3139.0,37.62420980641329,30.0
3140,3140.0,37.384143490743746,30.0
3141,3141.0,37.986688001028135,30.0
3142,3142.0,37.853818838443196,30.0
3143,3143.0,37.5208725341486,30.0
3144,3144.0,37.81380450346766,30.0
3145,3145.0,38.58027562471049,30.0
3146,3146.0,37.86595848491169,30.0
3147,3147.0,38.7722049087602,30.0
3148,3148.0,39.02439708265179,30.0
3149,3149.0,38.30397835706751,30.0
3150,3150.0,39.348249469673384,30.0
3151,3151.0,38.71822247979577,30.0
3152,3152.0,39.380775225337175,30.0
3153,3153.0,38.76297760755306,30.0
3154,3154.0,39.04195494020896,30.0
3155,3155.0,39.71900352316462,30.0
3156,3156.0,39.46600920800104,30.0
3157,3157.0,39.567703326480604,30.0
3158,3158.0,39.61625562710479,30.0
3159,3159.0,39.590808360337626,30.0
3160,3160.0,40.169935997717346,30.0
3161,3161.0,40.01817362977099,30.0
3162,3162.0,40.22965113154318,30.0
3163,3163.0,40.785693018470084,30.0
3164,3164.0,40.81208329115992,30.0
3165,3165.0,40.516555830350725,30.0
3166,3166.0,40.22014234459083,30.0
3167,3167.0,40.98541604170489,30.0
3168,3168.0,40.846932587798364,30.0
3169,3169.0,40.67828993491325,30.0
3170,3170.0,40.92599723813391,30.0
3171,3171.0,40.8601576633858,30.0
3172,3172.0,41.35781550184002,30.0
3173,3173.0,41.305679043128066,30.0
3174,3174.0,40.998342335698574,30.0
3175,3175.0,41.65471402478738,30.0
3176,3176.0,41.16033812694113,30.0
3177,3177.0,41.342507639299576,30.0
3178,3178.0,41.32922014158219,30.0
3179,3179.0,41.867785513302984,30.0
3180,3180.0,41.812730759856905,30.0
3181,3181.0,41.6004967230867,30.0
3182,3182.0,41.48082992245231,30.0
3183,3183.0,42.08806512103784,30.0
3184,3184.0,41.978446959429675,30.0
3185,3185.0,41.83315545491309,30.0
3186,3186.0,42.458271821892374,30.0
3187,3187.0,42.66847983957628,30.0
3188,3188.0,42.800668777340306,30.0
3189,3189.0,42.42291711516843,30.0
3190,3190.0,42.27181108925387,30.0
3191,3191.0,42.94884639364091,30.0
3192,3192.0,42.81044563649061,30.0
3193,3193.0,42.842774982573054,30.0
3194,3194.0,42.94058463994554,30.0
3195,3195.0,42.28039168602775,30.0
3196,3196.0,43.11232856928733,30.0
3197,3197.0,42.46745076813861,30.0
3198,3198.0,42.816646787466496,30.0
3199,3199.0,43.22120514900039,30.0
3200,3200.0,42.892284628925715,30.0
3201,3201.0,43.226765860368154,30.0
3202,3202.0,43.43063870149982,30.0
3203,3203.0,42.721201948519266,30.0
3204,3204.0,43.240530884376284,30.0
3205,3205.0,43.58726028506693,30.0
3206,3206.0,43.05733565856605,30.0
3207,3207.0,42.98198289593863,30.0
3208,3208.0,43.843697529638206,30.0
3209,3209.0,43.285106596585166,30.0
3210,3210.0,43.45387855739474,30.0
3211,3211.0,43.7043414043989,30.0
3212,3212.0,43.54160252620008,30.0
3213,3213.0,43.494254458200174,30.0
3214,3214.0,44.01729878221846,30.0
3215,3215.0,43.439546764631324,30.0
3216,3216.0,44.19251647396417,30.0
3217,3217.0,44.05430780723592,30.0
3218,3218.0,44.174924808596636,30.0
3219,3219.0,43.43769786310582,30.0
3220,3220.0,43.52456959144273,30.0
3221,3221.0,43.88989487938663,30.0
3222,3222.0,43.677593369477115,30.0
3223,3223.0,44.154814036534226,30.0
3224,3224.0,44.13737487374533,30.0
3225,3225.0,43.80291649166658,30.0
3226,3226.0,44.00843166116787,30.0
3227,3227.0,43.71316431864675,30.0
3228,3228.0,44.612772803096355,30.0
3229,3229.0,44.47551246424305,30.0
3230,3230.0,44.24755830451104,30.0
3231,3231.0,43.96885061307953,30.0
3232,3232.0,44.741278966846245,30.0
3233,3233.0,43.9839641435231,30.0
3234,3234.0,44.447716662434196,30.0
3235,3235.0,44.52575557896695,30.0
3236,3236.0,44.297631765366695,30.0
3237,3237.0,44.024118817793685,30.0
3238,3238.0,44.86862256015123,30.0
3239,3239.0,44.24851669092896,30.0
3240,3240.0,44.95180695824747,30.0
3241,3241.0,44.134691112634734,30.0
3242,3242.0,44.35641952201725,30.0
3243,3243.0,44.91874702080194,30.0
3244,3244.0,44.19174310962556,30.0
3245,3245.0,44.94535987408016,30.0
3246,3246.0,44.73093650318842,30.0
3247,3247.0,44.39176311385693,30.0
3248,3248.0,45.12117997377376,30.0
3249,3249.0,44.47089268336185,30.0
3250,3250.0,44.67470634271814,30.0
3251,3251.0,44.57457358687998,30.0
3252,3252.0,44.80949480976193,30.0
3253,3253.0,44.383383916572384,30.0
3254,3254.0,44.38561990209043,30.0
3255,3255.0,45.247133115422024,30.0
3256,3256.0,44.508484059750316,30.0
3257,3257.0,45.223119748100245,30.0
3258,3258.0,45.38658602626682,30.0
3259,3259.0,45.04290827343974,30.0
3260,3260.0,45.22353879904982,30.0
3261,3261.0,45.32734307303504,30.0
3262,3262.0,45.35612527151703,30.0
3263,3263.0,44.51389325224238,30.0
3264,3264.0,45.45974849483354,30.0
3265,3265.0,44.818214521605775,30.0
3266,3266.0,44.62268768515779,30.0
3267,3267.0,45.105715408552186,30.0
3268,3268.0,45.357925079507424,30.0
3269,3269.0,45.28773135802996,30.0
3270,3270.0,44.7332895717313,30.0
3271,3271.0,45.29777816582305,30.0
3272,3272.0,44.92401436970486,30.0
3273,3273.0,45.04452372790352,30.0
3274,3274.0,44.794581971601644,30.0
3275,3275.0,45.18961814926457,30.0
3276,3276.0,44.71660961869106,30.0
3277,3277.0,45.065294620392834,30.0
3278,3278.0,45.6453868625247,30.0
3279,3279.0,45.67307697453654,30.0
3280,3280.0,45.17806864209983,30.0
3281,3281.0,44.85251045116965,30.0
3282,3282.0,45.457254874493756,30.0
3283,3283.0,45.25752020421311,30.0
3284,3284.0,45.26680234831236,30.0
3285,3285.0,45.16153334829462,30.0
3286,3286.0,45.627904434116914,30.0
3287,3287.0,45.39466632679334,30.0
3288,3288.0,44.76826727616353,30.0
3289,3289.0,45.051794682108195,30.0
3290,3290.0,45.078013153561606,30.0
3291,3291.0,45.47357090476766,30.0
3292,3292.0,45.41631441955373,30.0
3293,3293.0,45.03439702008473,30.0
3294,3294.0,44.94821531363575,30.0
3295,3295.0,45.16103250824387,30.0
3296,3296.0,45.78586558194299,30.0
3297,3297.0,45.54833603819974,30.0
3298,3298.0,45.31930388471369,30.0
3299,3299.0,45.182240188190924,30.0
3300,3300.0,45.43808049937044,30.0
3301,3301.0,45.591304065584616,30.0
3302,3302.0,45.18301253062209,30.0
3303,3303.0,45.37828710857424,30.0
3304,3304.0,45.6118291398528,30.0
3305,3305.0,45.08127830045791,30.0
3306,3306.0,45.18400311425186,30.0
3307,3307.0,45.202500900935554,30.0
3308,3308.0,45.539106785922804,30.0
3309,3309.0,45.60317181818159,30.0
3310,3310.0,45.55323497689589,30.0
3311,3311.0,45.67837027245671,30.0
3312,3312.0,45.670446923597424,30.0
3313,3313.0,45.45879345531048,30.0
3314,3314.0,45.37866757921217,30.0
3315,3315.0,45.51139843453494,30.0
3316,3316.0,45.43224119291738,30.0
3317,3317.0,45.13080667975833,30.0
3318,3318.0,45.19337937953119,30.0
3319,3319.0,45.271976228799346,30.0
3320,3320.0,44.93040567299204,30.0
3321,3321.0,45.7240187346326,30.0
3322,3322.0,44.994214545743134,30.0
3323,3323.0,45.28227369982533,30.0
3324,3324.0,44.83128823606476,30.0
3325,3325.0,45.799738181076386,0.0
3326,3326.0,44.47711750572166,0.0
3327,3327.0,44.031353782470646,0.0
3328,3328.0,43.26893989406794,0.0
3329,3329.0,42.38698290507099,0.0
3330,3330.0,42.00938077499331,0.0
3331,3331.0,41.1663789431958,0.0
3332,3332.0,40.990679685802505,0.0
3333,3333.0,40.154702479483525,0.0
3334,3334.0,40.18017873678631,0.0
3335,3335.0,39.88469044451247,0.0
3336,3336.0,39.04601869257343,0.0
3337,3337.0,39.18466220701773,0.0
3338,3338.0,38.31026744260065,0.0
3339,3339.0,38.43547136867294,0.0
3340,3340.0,37.94275905963545,0.0
3341,3341.0,37.60688075902321,0.0
3342,3342.0,37.59519804684622,0.0
3343,3343.0,37.34869301153439,0.0
3344,3344.0,36.91163504603061,0.0
3345,3345.0,36.2470337078492,0.0
3346,3346.0,36.60462794606651,0.0
3347,3347.0,35.83758140431201,0.0
3348,3348.0,35.74597859534599,0.0
3349,3349.0,35.4668203017573,0.0
3350,3350.0,35.372713401417705,0.0
3351,3351.0,34.8497021143152,0.0
3352,3352.0,34.69101614477421,0.0
3353,3353.0,35.15607459097618,0.0
3354,3354.0,34.150638727892925,0.0
3355,3355.0,33.93818815772113,0.0
3356,3356.0,34.15921051941691,0.0
3357,3357.0,33.9634585279902,0.0
3358,3358.0,34.02547702523362,0.0
3359,3359.0,33.63377508367594,0.0
3360,3360.0,33.737263386780796,0.0
3361,3361.0,33.539308830964856,0.0
3362,3362.0,33.465337322369585,0.0
3363,3363.0,32.53384269067254,0.0
3364,3364.0,32.513669625695954,0.0
3365,3365.0,32.2492026831987,0.0
3366,3366.0,32.37161200179966,0.0
3367,3367.0,32.3784244672362,0.0
3368,3368.0,32.259672869863664,0.0
3369,3369.0,32.01708318651699,0.0
3370,3370.0,32.480017131363475,0.0
3371,3371.0,31.891266345192708,0.0
3372,3372.0,32.283466828887704,0.0
3373,3373.0,31.296855288951225,0.0
3374,3374.0,31.93296998075204,0.0
3375,3375.0,31.76208291665985,0.0
3376,3376.0,31.18806191309385,0.0
3377,3377.0,31.35540363366265,0.0
3378,3378.0,30.932189303452503,0.0
3379,3379.0,31.08770193747367,0.0
3380,3380.0,30.539701165219935,0.0
3381,3381.0,30.76158239269243,0.0
3382,3382.0,30.698578994597348,0.0
3383,3383.0,30.395471632954493,0.0
3384,3384.0,30.204222862632356,0.0
3385,3385.0,30.025283352836805,0.0
3386,3386.0,30.427344036091608,0.0
3387,3387.0,30.232641010734035,0.0
3388,3388.0,30.039507416635104,0.0
3389,3389.0,30.31956172086779,0.0
3390,3390.0,30.335470040309186,0.0
3391,3391.0,30.213920627153183,0.0
3392,3392.0,29.31796511043018,0.0
3393,3393.0,29.627751588821425,0.0
3394,3394.0,29.37883767563028,0.0
3395,3395.0,29.585830959288806,0.0
3396,3396.0,29.390726557016993,0.0
3397,3397.0,29.377642725662398,0.0
3398,3398.0,29.346557678374996,0.0
3399,3399.0,29.58591608672005,0.0
3400,3400.0,29.465818045244585,0.0
3401,3401.0,29.329393978600937,0.0
3402,3402.0,28.89727974807717,0.0
3403,3403.0,28.5953754566413,0.0
3404,3404.0,29.07616388203712,0.0
3405,3405.0,28.262363956980256,0.0
3406,3406.0,28.65466727423506,0.0
3407,3407.0,28.219045056486177,0.0
3408,3408.0,28.81042672534474,0.0
3409,3409.0,28.111749249151085,0.0
3410,3410.0,28.263590805458065,0.0
3411,3411.0,27.79783629204755,0.0
3412,3412.0,28.2724811396534,0.0
3413,3413.0,28.05704659030581,0.0
3414,3414.0,28.262053707698968,0.0
3415,3415.0,27.562733791199747,0.0
3416,3416.0,27.441862556071598,0.0
3417,3417.0,27.506523651848564,0.0
3418,3418.0,27.770691280965732,0.0
3419,3419.0,28.171378965276883,0.0
3420,3420.0,27.192736416978263,0.0
3421,3421.0,27.641575045592067,0.0
3422,3422.0,27.279618371444627,0.0
3423,3423.0,27.18422557480804,0.0
3424,3424.0,27.77612249916335,0.0
3425,3425.0,27.479300937337833,0.0
3426,3426.0,27.30607666868804,0.0
3427,3427.0,27.26965199396953,0.0
3428,3428.0,27.01262958545095,0.0
3429,3429.0,26.91193653226805,0.0
3430,3430.0,26.765195334970908,0.0
3431,3431.0,26.922392910877402,0.0
3432,3432.0,27.16681912107029,0.0
3433,3433.0,27.27644597818531,0.0
3434,3434.0,27.0973519043712,0.0
3435,3435.0,27.09515452874716,0.0
3436,3436.0,27.167001336077508,0.0
3437,3437.0,26.81674979770429,0.0
3438,3438.0,26.49802199054659,0.0
3439,3439.0,26.164587814920157,0.0
3440,3440.0,26.19433793046264,0.0
3441,3441.0,26.889414678146622,0.0
3442,3442.0,26.540856511110775,0.0
3443,3443.0,26.340147588484882,0.0
3444,3444.0,26.26280927365552,0.0
3445,3445.0,26.176625881082693,0.0
3446,3446.0,25.753120680810465,0.0
3447,3447.0,26.135449511536123,0.0
3448,3448.0,26.311156626613972,0.0
3449,3449.0,26.109268787917806,0.0
3450,3450.0,26.30094120092207,0.0
3451,3451.0,25.48771893790944,0.0
3452,3452.0,26.261676948387237,0.0
3453,3453.0,26.03787018673567,0.0
3454,3454.0,26.191620184992452,0.0
3455,3455.0,26.213067454795407,0.0
3456,3456.0,26.197354861340663,0.0
3457,3457.0,25.868438815891178,0.0
3458,3458.0,25.93063003869291,0.0
3459,3459.0,25.434323478248558,0.0
3460,3460.0,26.01260156163574,0.0
3461,3461.0,25.49221653153005,0.0
3462,3462.0,25.431487884779546,0.0
3463,3463.0,25.629428637364597,0.0
3464,3464.0,25.25228839800224,0.0
3465,3465.0,25.235651643350092,0.0
3466,3466.0,25.569325746706888,0.0
3467,3467.0,24.927780052763385,0.0
3468,3468.0,25.540018483982134,0.0
3469,3469.0,25.33319128904441,0.0
3470,3470.0,25.466786686890288,0.0
3471,3471.0,25.011067555043734,0.0
3472,3472.0,24.76746204392096,0.0
3473,3473.0,25.130311405485628,0.0
3474,3474.0,25.142817083273044,0.0
3475,3475.0,24.94717409089851,0.0
3476,3476.0,24.81052028162843,0.0
3477,3477.0,24.623077080547585,0.0
3478,3478.0,24.56564876641599,0.0
3479,3479.0,24.717116693735054,0.0
3480,3480.0,24.981520564518988,0.0
3481,3481.0,24.84230086827439,0.0
3482,3482.0,24.45859779046556,0.0
3483,3483.0,24.392599105917466,0.0
3484,3484.0,24.586588597507973,0.0
3485,3485.0,24.89292347975811,0.0
3486,3486.0,24.27512533835161,0.0
3487,3487.0,25.097534029177027,0.0
3488,3488.0,24.116693642672963,0.0
3489,3489.0,24.963092746925348,0.0
3490,3490.0,24.70727094323372,0.0
3491,3491.0,24.968077403638624,0.0
3492,3492.0,24.67167965750963,0.0
3493,3493.0,24.787903894037402,0.0
3494,3494.0,24.3367750389986,0.0
3495,3495.0,24.669942073423947,0.0
3496,3496.0,24.65997566892883,0.0
3497,3497.0,24.279097527059385,0.0
3498,3498.0,24.75676371745969,0.0
3499,3499.0,24.70158062793955,0.0
3500,3500.0,24.445102846513773,0.0
3501,3501.0,23.822260404685924,0.0
3502,3502.0,24.22316997843301,0.0
3503,3503.0,24.378792031120355,0.0
3504,3504.0,23.742562616405426,0.0
3505,3505.0,24.2599978201637,0.0
3506,3506.0,24.389815576947296,0.0
3507,3507.0,23.724374842188897,0.0
3508,3508.0,24.35963502319471,0.0
3509,3509.0,24.171147515591162,0.0
3510,3510.0,23.505464354368268,0.0
3511,3511.0,23.638063039044216,0.0
3512,3512.0,23.40519045594097,0.0
3513,3513.0,23.43263264214492,0.0
3514,3514.0,23.58372412276084,0.0
3515,3515.0,23.31077125867866,0.0
3516,3516.0,23.744865076914376,0.0
3517,3517.0,23.661440767329598,0.0
3518,3518.0,23.236695278477043,0.0
3519,3519.0,23.211525747347554,0.0
3520,3520.0,23.534338125952782,0.0
3521,3521.0,23.219694192848223,0.0
3522,3522.0,23.217562015114307,0.0
3523,3523.0,24.006969125410414,0.0
3524,3524.0,23.558506099853673,0.0
3525,3525.0,23.796905531175273,0.0
3526,3526.0,23.55554755868104,0.0
3527,3527.0,23.933267223731615,0.0
3528,3528.0,23.778753584239112,0.0
3529,3529.0,23.739270644515543,0.0
3530,3530.0,23.176997377366074,0.0
3531,3531.0,23.5497408695742,0.0
3532,3532.0,23.690398521033735,0.0
3533,3533.0,23.664331687690954,0.0
3534,3534.0,23.25140391246767,0.0
3535,3535.0,23.00479387402758,0.0
3536,3536.0,23.76841669335168,0.0
3537,3537.0,23.555580254765623,0.0
3538,3538.0,23.251008772446298,0.0
3539,3539.0,23.482076385269455,0.0
3540,3540.0,23.47951377057094,0.0
3541,3541.0,23.69822817141604,0.0
3542,3542.0,22.970541778182643,0.0
3543,3543.0,23.269539393761416,0.0
3544,3544.0,23.25528295746347,0.0
3545,3545.0,23.053383608149673,0.0
3546,3546.0,23.13830368471907,0.0
3547,3547.0,23.256052129842303,0.0
3548,3548.0,23.111902876792396,0.0
3549,3549.0,22.58896670267431,0.0
3550,3550.0,22.77014921157517,0.0
3551,3551.0,23.057753558177914,0.0
3552,3552.0,22.56491115330872,0.0
3553,3553.0,22.562422707540595,0.0
3554,3554.0,23.170813999460375,0.0
3555,3555.0,23.380935137774163,0.0
3556,3556.0,23.205209756179663,0.0
3557,3557.0,22.970040381477073,0.0
3558,3558.0,22.74746877301329,0.0
3559,3559.0,23.1992578724556,0.0
3560,3560.0,22.634853876116964,0.0
3561,3561.0,22.547123799569004,0.0
3562,3562.0,22.905540272362966,0.0
3563,3563.0,22.958295958525156,0.0
3564,3564.0,23.090045268595542,0.0
3565,3565.0,22.391849118753374,0.0
3566,3566.0,22.897284054580652,0.0
3567,3567.0,22.562910444804405,0.0
3568,3568.0,23.09844378858865,0.0
3569,3569.0,22.93382076303892,0.0
3570,3570.0,22.313068707463653,0.0
3571,3571.0,22.747806843542662,0.0
3572,3572.0,22.63226440725139,0.0
3573,3573.0,23.102615035620005,0.0
3574,3574.0,22.345726765601842,0.0
3575,3575.0,22.136179404133323,0.0
3576,3576.0,22.92916394140112,0.0
3577,3577.0,22.648174256162754,0.0
3578,3578.0,22.82031734003049,0.0
3579,3579.0,22.662483946899993,0.0
3580,3580.0,22.191814503925542,0.0
3581,3581.0,22.97368704176418,0.0
3582,3582.0,22.750936230283394,0.0
3583,3583.0,22.194556652038777,0.0
3584,3584.0,22.656900169508194,0.0
3585,3585.0,22.281867293161163,0.0
3586,3586.0,22.2627541728008,0.0
3587,3587.0,22.37823117560762,0.0
3588,3588.0,22.781324376323592,0.0
3589,3589.0,21.995756105831255,0.0
3590,3590.0,21.916786427098128,0.0
3591,3591.0,21.933684966654933,0.0
3592,3592.0,21.942838719632668,0.0
3593,3593.0,22.657899943037286,0.0
3594,3594.0,22.724710555360673,0.0
3595,3595.0,22.63247377305832,0.0
3596,3596.0,22.398698987221277,0.0
3597,3597.0,22.429244455868727,0.0
3598,3598.0,22.022768215834628,0.0
3599,3599.0,22.025730911853106,0.0
3600,3600.0,21.864190540496814,0.0
3601,3601.0,22.603635827174156,0.0
3602,3602.0,21.879209080740615,0.0
3603,3603.0,21.83416063346907,0.0
3604,3604.0,22.332334272204093,0.0
3605,3605.0,21.869275686955902,0.0
3606,3606.0,21.843336426684576,0.0
3607,3607.0,22.46214142368846,0.0
3608,3608.0,22.384992206760373,0.0
3609,3609.0,22.576352611074572,0.0
3610,3610.0,22.23408533627841,0.0
3611,3611.0,21.798760435969946,0.0
3612,3612.0,22.433504464949888,0.0
3613,3613.0,21.598971181835523,0.0
3614,3614.0,21.64280227718856,0.0
3615,3615.0,22.28692405804386,0.0
3616,3616.0,21.918466223265774,0.0
3617,3617.0,21.748333051717072,0.0
3618,3618.0,21.660305413147324,0.0
3619,3619.0,22.00882727032449,0.0
3620,3620.0,21.567590642678592,0.0
3621,3621.0,22.236071839652418,0.0
3622,3622.0,22.193388011916152,0.0
3623,3623.0,21.597794395525398,0.0
3624,3624.0,21.678869936016397,0.0
3625,3625.0,22.439661139686493,0.0
3626,3626.0,21.948181970714085,0.0
3627,3627.0,22.20121684645631,0.0
3628,3628.0,22.316813816993907,0.0
3629,3629.0,21.771021555364793,0.0
3630,3630.0,21.597157409650162,0.0
3631,3631.0,22.336318381471276,0.0
3632,3632.0,21.477590788471904,0.0
3633,3633.0,22.144022447935573,0.0
3634,3634.0,21.855798436549033,0.0
3635,3635.0,21.912886857657316,0.0
3636,3636.0,21.627597287307545,0.0
3637,3637.0,22.067269893484973,0.0
3638,3638.0,21.569515332136113,0.0
3639,3639.0,21.525397192822773,0.0
3640,3640.0,21.618247184925874,0.0
3641,3641.0,21.928865247376102,0.0
3642,3642.0,21.485936450621608,0.0
3643,3643.0,21.40158068027221,0.0
3644,3644.0,21.349666537137512,0.0
3645,3645.0,21.35707148918109,0.0
3646,3646.0,21.926052474413595,0.0
3647,3647.0,21.5836866874387,0.0
3648,3648.0,21.70665467841057,0.0
3649,3649.0,21.331073605757915,0.0
3650,3650.0,21.379508277719548,0.0
3651,3651.0,22.13998685898277,0.0
3652,3652.0,21.47013588879754,0.0
3653,3653.0,21.796701093670176,0.0
3654,3654.0,21.810066522914788,0.0
3655,3655.0,21.419311507666293,0.0
3656,3656.0,21.8501960434966,0.0
3657,3657.0,22.010250035756997,0.0
3658,3658.0,21.93699961990562,0.0
3659,3659.0,22.024745927561295,0.0
3660,3660.0,21.79591458300549,0.0
3661,3661.0,21.425420346251062,0.0
3662,3662.0,21.426898579810025,0.0
3663,3663.0,21.519984427592924,0.0
3664,3664.0,21.17808686800155,0.0
3665,3665.0,22.139436182586977,0.0
3666,3666.0,22.01890485369383,0.0
3667,3667.0,22.107658039246804,0.0
3668,3668.0,21.90327499295944,0.0
3669,3669.0,22.12808070602447,0.0
3670,3670.0,21.61123371794894,0.0
3671,3671.0,21.416412499026418,0.0
3672,3672.0,21.621660559661063,0.0
3673,3673.0,21.71790881963689,0.0
3674,3674.0,21.885135413161805,0.0
3675,3675.0,21.905348427009407,0.0
3676,3676.0,21.268405617560838,0.0
3677,3677.0,21.832801102414617,0.0
3678,3678.0,21.95811135407595,0.0
3679,3679.0,21.71441752459829,0.0
3680,3680.0,21.340051665113112,0.0
3681,3681.0,21.64037062400176,0.0
3682,3682.0,21.935969947011866,0.0
3683,3683.0,21.6597494144807,0.0
3684,3684.0,21.642415433528527,0.0
3685,3685.0,21.79109258448487,0.0
3686,3686.0,21.167776218981693,0.0
3687,3687.0,21.712947194260558,0.0
3688,3688.0,21.71124846198755,0.0
3689,3689.0,21.493399016602368,0.0
3690,3690.0,21.832514478321134,0.0
3691,3691.0,21.147424748257702,0.0
3692,3692.0,21.553689230496385,0.0
3693,3693.0,21.200173135214722,0.0
3694,3694.0,21.546101869379424,0.0
3695,3695.0,21.24314015303983,0.0
3696,3696.0,21.700268774457314,0.0
3697,3697.0,21.668589160282036,0.0
3698,3698.0,21.074212735645727,0.0
3699,3699.0,21.228028712100873,0.0
3700,3700.0,21.69850052164652,0.0
3701,3701.0,21.815358266091348,0.0
3702,3702.0,21.925848954137606,0.0
3703,3703.0,21.0311937634758,0.0
3704,3704.0,21.42825919728427,0.0
3705,3705.0,21.76660464288617,0.0
3706,3706.0,21.567658584038853,0.0
3707,3707.0,21.06063735211799,0.0
3708,3708.0,21.55976206193864,0.0
3709,3709.0,21.8089360172179,0.0
3710,3710.0,21.041059213664386,0.0
3711,3711.0,21.17576558918654,0.0
3712,3712.0,21.629220580738426,0.0
3713,3713.0,21.992856180235115,0.0
3714,3714.0,21.39862406307812,0.0
3715,3715.0,21.201998023088375,0.0
3716,3716.0,21.41957449419617,0.0
3717,3717.0,21.88760855909266,0.0
3718,3718.0,21.976300308900335,0.0
3719,3719.0,21.46040792824573,0.0
3720,3720.0,21.73141400832909,0.0
3721,3721.0,21.024164403412986,0.0
3722,3722.0,21.184259369596223,0.0
3723,3723.0,21.357244405916543,0.0
3724,3724.0,21.10096517828007,0.0
3725,3725.0,21.392624195282302,0.0
3726,3726.0,21.777610070173495,35.0
3727,3727.0,23.193668682678897,35.0
3728,3728.0,24.505702395618556,35.0
3729,3729.0,26.382818872649203,35.0
3730,3730.0,27.142778037186545,35.0
3731,3731.0,27.968637384638626,35.0
3732,3732.0,29.483999626053013,35.0
3733,3733.0,30.046018814308542,35.0
3734,3734.0,30.156014928433475,35.0
3735,3735.0,31.71040557933687,35.0
3736,3736.0,31.557431007391273,35.0
3737,3737.0,32.10310101870957,35.0
3738,3738.0,32.58083993137275,35.0
3739,3739.0,33.51522863280544,35.0
3740,3740.0,33.89472558372198,35.0
3741,3741.0,34.02300913455422,35.0
3742,3742.0,34.56614959823101,35.0
3743,3743.0,35.288346910214024,35.0
3744,3744.0,35.44439837966675,35.0
3745,3745.0,35.90397463855646,35.0
3746,3746.0,35.6563481607615,35.0
3747,3747.0,36.08063736295367,35.0
3748,3748.0,36.414539830896395,35.0
3749,3749.0,36.94013157980992,35.0
3750,3750.0,36.912241868730035,35.0
3751,3751.0,37.7865607864554,35.0
3752,3752.0,37.857706382183416,35.0
3753,3753.0,38.474206332439756,35.0
3754,3754.0,38.70308671365015,35.0
3755,3755.0,38.16512717950193,35.0
3756,3756.0,38.36919413579471,35.0
3757,3757.0,39.30788035552915,35.0
3758,3758.0,39.3231194188789,35.0
3759,3759.0,39.62068503357899,35.0
3760,3760.0,39.65642179624248,35.0
3761,3761.0,39.85203681906667,35.0
3762,3762.0,39.63464283412056,35.0
3763,3763.0,40.40145408907947,35.0
3764,3764.0,40.59147029336887,35.0
3765,3765.0,40.638739675544294,35.0
3766,3766.0,40.64732948344694,35.0
3767,3767.0,41.1219319575854,35.0
3768,3768.0,40.46251612855456,35.0
3769,3769.0,41.00265563162937,35.0
3770,3770.0,41.252825210081596,35.0
3771,3771.0,41.058954576842304,35.0
3772,3772.0,41.32294736928496,35.0
3773,3773.0,42.10750993916267,35.0
3774,3774.0,41.53152881609675,35.0
3775,3775.0,41.9650068508133,35.0
3776,3776.0,41.99069555058101,35.0
3777,3777.0,41.95210100300861,35.0
3778,3778.0,42.144854285981445,35.0
3779,3779.0,42.319349980621794,35.0
3780,3780.0,42.48958508903558,35.0
3781,3781.0,43.075964725734764,35.0
3782,3782.0,42.89634768459265,35.0
3783,3783.0,42.44562101526687,35.0
3784,3784.0,43.169105858536156,35.0
3785,3785.0,43.62463119429136,35.0
3786,3786.0,43.39784347405152,35.0
3787,3787.0,43.62966604925467,35.0
3788,3788.0,42.96632887037191,35.0
3789,3789.0,43.330716885652016,35.0
3790,3790.0,43.90640278465063,35.0
3791,3791.0,43.86712437896635,35.0
3792,3792.0,43.899381291625666,35.0
3793,3793.0,44.120998718818996,35.0
3794,3794.0,43.72312693026401,35.0
3795,3795.0,43.80647810762641,35.0
3796,3796.0,44.49146459403193,35.0
3797,3797.0,44.67184366940938,35.0
3798,3798.0,44.005054300711954,35.0
3799,3799.0,44.44461025332921,35.0
3800,3800.0,44.454390732493025,35.0
3801,3801.0,44.31724039347172,35.0
3802,3802.0,44.968627473406066,35.0
3803,3803.0,44.39645473568331,35.0
3804,3804.0,44.52620814460685,35.0
3805,3805.0,45.07842294886777,35.0
3806,3806.0,45.33343276488986,35.0
3807,3807.0,44.66475326748511,35.0
3808,3808.0,45.38056082758623,35.0
3809,3809.0,45.26481782913448,35.0
3810,3810.0,45.70119385056072,35.0
3811,3811.0,45.40649777798587,35.0
3812,3812.0,45.04389877235558,35.0
3813,3813.0,45.576440144025575,35.0
3814,3814.0,45.0576106812304,35.0
3815,3815.0,45.47068988214139,35.0
3816,3816.0,45.90109445613967,35.0
3817,3817.0,45.718771414526934,35.0
3818,3818.0,45.933662873879136,35.0
3819,3819.0,46.0960479953104,35.0
3820,3820.0,46.19104371976618,35.0
3821,3821.0,46.332209721795216,35.0
3822,3822.0,46.30155142732287,35.0
3823,3823.0,45.86704905299222,35.0
3824,3824.0,46.538350648532344,35.0
3825,3825.0,46.29584804990893,35.0
3826,3826.0,46.33998732179273,35.0
3827,3827.0,45.78808851589841,35.0
3828,3828.0,46.4176636748597,35.0
3829,3829.0,46.08822310390188,35.0
3830,3830.0,46.40982986554642,35.0
3831,3831.0,45.98166797574335,35.0
3832,3832.0,46.09361490439191,35.0
3833,3833.0,46.59900169662101,35.0
3834,3834.0,46.81737708229112,35.0
3835,3835.0,46.37900088880923,35.0
3836,3836.0,47.16510522471756,35.0
3837,3837.0,46.76331956512182,35.0
3838,3838.0,46.955749890824706,35.0
3839,3839.0,46.90472578418209,35.0
3840,3840.0,46.76404682242007,35.0
3841,3841.0,47.35474155619454,35.0
3842,3842.0,47.04780468239374,35.0
3843,3843.0,47.39020407278789,35.0
3844,3844.0,47.055185026041926,35.0
3845,3845.0,46.82102737908006,35.0
3846,3846.0,46.9590831804098,35.0
3847,3847.0,46.800634844740785,35.0
3848,3848.0,47.51577682584279,35.0
3849,3849.0,47.6918484380689,35.0
3850,3850.0,47.35022667409161,35.0
3851,3851.0,47.576868378657274,35.0
3852,3852.0,47.50778729727105,35.0
3853,3853.0,47.73503549231758,35.0
3854,3854.0,47.155930257233955,35.0
3855,3855.0,46.985814929791296,35.0
3856,3856.0,46.971806486252184,35.0
3857,3857.0,47.90630409300597,35.0
3858,3858.0,47.66190870443818,35.0
3859,3859.0,47.63309129301639,35.0
3860,3860.0,48.009219048481064,35.0
3861,3861.0,47.13509676739268,35.0
3862,3862.0,47.95619782250738,35.0
3863,3863.0,47.70112621283885,35.0
3864,3864.0,47.71828716793599,35.0
3865,3865.0,47.51523835185752,35.0
3866,3866.0,47.918168043720634,35.0
3867,3867.0,48.06242446729025,35.0
3868,3868.0,47.94771344266111,35.0
3869,3869.0,47.33470535555283,35.0
3870,3870.0,47.72130176455342,35.0
3871,3871.0,48.16639186672178,35.0
3872,3872.0,47.53120643992954,35.0
3873,3873.0,48.36498773954132,35.0
3874,3874.0,47.420573248529585,35.0
3875,3875.0,48.02835532480074,35.0
3876,3876.0,48.10821159690066,35.0
3877,3877.0,48.20532604240109,35.0
3878,3878.0,47.72139468005384,35.0
3879,3879.0,47.84697157780387,35.0
3880,3880.0,48.31909983475983,35.0
3881,3881.0,47.91575521899241,35.0
3882,3882.0,48.412493231264165,35.0
3883,3883.0,47.62540656966197,35.0
3884,3884.0,48.52914563621213,35.0
3885,3885.0,47.76458812226979,35.0
3886,3886.0,48.56046692371697,35.0
3887,3887.0,48.39763615670193,35.0
3888,3888.0,47.85221371344221,35.0
3889,3889.0,47.76130933532125,35.0
3890,3890.0,48.0599790465373,35.0
3891,3891.0,47.725144014022405,35.0
3892,3892.0,48.53655773939256,35.0
3893,3893.0,47.86237662176573,35.0
3894,3894.0,48.30351297577213,35.0
3895,3895.0,48.12409140969435,35.0
3896,3896.0,48.27597239493287,35.0
3897,3897.0,48.06709936508037,35.0
3898,3898.0,48.683002016383604,35.0
3899,3899.0,47.84384523918097,35.0
3900,3900.0,48.26233457910594,35.0
3901,3901.0,47.86421583111996,35.0
3902,3902.0,48.49820656994918,35.0
3903,3903.0,48.68070781080574,35.0
3904,3904.0,48.26701481480734,35.0
3905,3905.0,48.15034824652137,35.0
3906,3906.0,48.52087901351417,35.0
3907,3907.0,48.56863744335173,35.0
3908,3908.0,48.091885256538305,35.0
3909,3909.0,48.223749573514894,35.0
3910,3910.0,48.4630190153642,35.0
3911,3911.0,48.85157597690376,35.0
3912,3912.0,48.162766581553846,35.0
3913,3913.0,48.30452189898705,35.0
3914,3914.0,48.737735610524624,35.0
3915,3915.0,48.55556042195238,35.0
3916,3916.0,48.179630277569004,35.0
3917,3917.0,48.10713068801035,35.0
3918,3918.0,48.642273499713134,35.0
3919,3919.0,48.47279336917426,35.0
3920,3920.0,48.21233922690268,35.0
3921,3921.0,48.083130277754435,35.0
3922,3922.0,48.516928616412166,35.0
3923,3923.0,48.92068434100758,35.0
3924,3924.0,48.812454156757056,35.0
3925,3925.0,48.379896494517766,35.0
3926,3926.0,48.05978523349459,35.0
3927,3927.0,48.63873486345756,35.0
3928,3928.0,48.05394579208449,35.0
3929,3929.0,48.44945721986606,35.0
3930,3930.0,48.40931237438566,35.0
3931,3931.0,48.119511761096774,35.0
3932,3932.0,48.80238175858693,35.0
3933,3933.0,48.00875327076806,35.0
3934,3934.0,48.70822697547934,35.0
3935,3935.0,48.80302469713528,35.0
3936,3936.0,48.607609576972735,35.0
3937,3937.0,48.88813502598129,35.0
3938,3938.0,48.53808827587023,35.0
3939,3939.0,48.243546082144356,35.0
3940,3940.0,48.38399978824417,35.0
3941,3941.0,48.58468227786894,35.0
3942,3942.0,48.54110899277127,35.0
3943,3943.0,48.38538547174151,35.0
3944,3944.0,48.684566220068184,35.0
3945,3945.0,48.330361384827604,35.0
3946,3946.0,48.01566484055927,0.0
3947,3947.0,47.33659521345054,0.0
3948,3948.0,46.43072612528505,0.0
3949,3949.0,46.2239159851208,0.0
3950,3950.0,45.1067054479615,0.0
3951,3951.0,44.24263031620056,0.0
3952,3952.0,43.30782724524299,0.0
3953,3953.0,43.483955319893774,0.0
3954,3954.0,42.24861699880265,0.0
3955,3955.0,41.82035599043054,0.0
3956,3956.0,41.42070199380884,0.0
3957,3957.0,41.10093104277949,0.0
3958,3958.0,40.94478457800625,0.0
3959,3959.0,40.26699100898348,0.0
3960,3960.0,40.1413437453858,0.0
3961,3961.0,39.252211676431905,0.0
3962,3962.0,39.66211031903994,0.0
3963,3963.0,39.081664473087,0.0
3964,3964.0,38.72932650204281,0.0
3965,3965.0,38.051951508448504,0.0
3966,3966.0,37.841057589639234,0.0
3967,3967.0,37.62239190270047,0.0
3968,3968.0,37.881591146955365,0.0
3969,3969.0,37.19961823063005,0.0
3970,3970.0,36.93414288172873,0.0
3971,3971.0,36.55050745949879,0.0
3972,3972.0,36.602591488369704,0.0
3973,3973.0,35.8679314592569,0.0
3974,3974.0,35.824266597133786,0.0
3975,3975.0,35.77171496559989,0.0
3976,3976.0,35.367680212580005,0.0
3977,3977.0,35.725808001561006,0.0
3978,3978.0,35.64681484510544,0.0
3979,3979.0,35.09405949514901,0.0
3980,3980.0,34.94887962763472,0.0
3981,3981.0,34.50220020113282,0.0
3982,3982.0,35.048482491484194,0.0
3983,3983.0,34.56261058943621,0.0
3984,3984.0,34.64155806908064,0.0
3985,3985.0,34.226157652730045,0.0
3986,3986.0,33.772628007736486,0.0
3987,3987.0,33.407309394101276,0.0
3988,3988.0,33.491141559573244,0.0
3989,3989.0,33.84536077138372,0.0
3990,3990.0,33.64791528500924,0.0
3991,3991.0,33.299818146342005,0.0
3992,3992.0,32.62990862816234,0.0
3993,3993.0,32.43487603572703,0.0
3994,3994.0,32.5839126146067,0.0
3995,3995.0,32.10504929009423,0.0
3996,3996.0,32.011634358894895,0.0
3997,3997.0,31.87568198006989,0.0
3998,3998.0,32.12589441739677,0.0
3999,3999.0,31.583914349386053,0.0
4000,4000.0,31.741209895599823,0.0
4001,4001.0,31.644019074342346,0.0
4002,4002.0,31.20538412141682,0.0
4003,4003.0,31.32952292306712,0.0
4004,4004.0,31.946399174489837,0.0
4005,4005.0,31.11754316839893,0.0
4006,4006.0,30.84810057579738,0.0
4007,4007.0,31.530652414843942,0.0
4008,4008.0,31.22183096272303,0.0
4009,4009.0,31.345611640712313,0.0
4010,4010.0,31.080488032188825,0.0
4011,4011.0,30.948676144152397,0.0
4012,4012.0,30.960376940899327,0.0
4013,4013.0,30.102636096280925,0.0
4014,4014.0,30.6923668669287,0.0
4015,4015.0,30.574460227635385,0.0
4016,4016.0,30.3048524529413,0.0
4017,4017.0,29.891918413304694,0.0
4018,4018.0,30.140777229539953,0.0
4019,4019.0,30.30586589900732,0.0
4020,4020.0,30.214738722713292,0.0
4021,4021.0,29.5342590488368,0.0
4022,4022.0,29.596853003919637,0.0
4023,4023.0,29.916076104045704,0.0
4024,4024.0,29.88519439121703,0.0
4025,4025.0,29.125903459270678,0.0
4026,4026.0,28.88652885492282,0.0
4027,4027.0,29.18583532467633,0.0
4028,4028.0,29.273729626749493,0.0
4029,4029.0,29.38409819983516,0.0
4030,4030.0,29.262994043099084,0.0
4031,4031.0,28.6353108838075,0.0
4032,4032.0,28.7999672338028,0.0
4033,4033.0,28.35185635092144,0.0
4034,4034.0,28.217739870291165,0.0
4035,4035.0,28.800064569405425,0.0
4036,4036.0,28.161606217803026,0.0
4037,4037.0,28.238557940004405,0.0
4038,4038.0,27.98643238949667,0.0
4039,4039.0,28.346304045601524,0.0
4040,4040.0,28.22540549417903,0.0
4041,4041.0,28.09619063226397,0.0
4042,4042.0,28.507492868668926,0.0
4043,4043.0,27.890019610145114,0.0
4044,4044.0,28.277811365046304,0.0
4045,4045.0,27.98290313873522,0.0
4046,4046.0,28.146409735453833,0.0
4047,4047.0,28.028661250181507,0.0
4048,4048.0,28.14310056392809,0.0
4049,4049.0,27.476601547890233,0.0
4050,4050.0,27.759635495624156,0.0
4051,4051.0,27.078433061933822,0.0
4052,4052.0,27.754779040519374,0.0
4053,4053.0,27.450058036706075,0.0
4054,4054.0,27.470584751305516,0.0
4055,4055.0,27.33666117906584,0.0
4056,4056.0,27.673696156018924,0.0
4057,4057.0,26.752166800800303,0.0
4058,4058.0,27.381009499951958,0.0
4059,4059.0,27.255857352876955,0.0
4060,4060.0,26.674705004634422,0.0
4061,4061.0,26.793986478035652,0.0
4062,4062.0,27.03001107460483,0.0
4063,4063.0,26.842534732795247,0.0
4064,4064.0,26.690491323498964,0.0
4065,4065.0,27.137744487106026,0.0
4066,4066.0,26.59515399804447,0.0
4067,4067.0,26.884599660588844,0.0
4068,4068.0,26.30975633135571,0.0
4069,4069.0,26.87848972216096,0.0
4070,4070.0,26.91288736611542,0.0
4071,4071.0,26.087206088476826,0.0
4072,4072.0,26.206966386642737,0.0
4073,4073.0,26.189925326665307,0.0
4074,4074.0,26.368204665109406,0.0
4075,4075.0,26.532788314534223,0.0
4076,4076.0,26.288185286772517,0.0
4077,4077.0,25.759795254403326,0.0
4078,4078.0,26.186046012770934,0.0
4079,4079.0,26.58203239074591,0.0
4080,4080.0,26.369939216351536,0.0
4081,4081.0,26.059900466270587,0.0
4082,4082.0,25.728973014937626,0.0
4083,4083.0,25.88699607738506,0.0
4084,4084.0,25.76012264461096,0.0
4085,4085.0,26.180652784123577,0.0
4086,4086.0,25.44631066909898,0.0
4087,4087.0,25.52778047153867,0.0
4088,4088.0,25.40989969929102,0.0
4089,4089.0,26.119950894326063,0.0
4090,4090.0,25.21121169741218,0.0
4091,4091.0,25.793086135046796,0.0
4092,4092.0,25.88335894278679,0.0
4093,4093.0,25.82228923127446,0.0
4094,4094.0,25.82045347267445,0.0
4095,4095.0,25.28667931936231,0.0
4096,4096.0,25.596666748445656,0.0
4097,4097.0,25.564317203308406,0.0
4098,4098.0,25.283188080404862,0.0
4099,4099.0,25.7436628876512,0.0
4100,4100.0,25.540284377994887,0.0
4101,4101.0,25.252000324473794,0.0
4102,4102.0,25.34869764287439,0.0
4103,4103.0,24.845636976227755,0.0
4104,4104.0,25.168991830104773,0.0
4105,4105.0,25.32085037271787,0.0
4106,4106.0,24.88941706263374,0.0
4107,4107.0,24.49845806144779,0.0
4108,4108.0,24.51566947489796,0.0
4109,4109.0,25.294038919652383,0.0
4110,4110.0,24.378036027448417,0.0
4111,4111.0,25.15656507103428,0.0
4112,4112.0,25.05717794296596,0.0
4113,4113.0,24.530379392434913,0.0
4114,4114.0,24.74528416457094,0.0
4115,4115.0,24.953789871834182,0.0
4116,4116.0,25.110130155093298,0.0
4117,4117.0,24.480556849846387,0.0
4118,4118.0,24.584613257699043,0.0
4119,4119.0,24.38067582151192,0.0
4120,4120.0,24.88988532468729,0.0
4121,4121.0,24.70016218832571,0.0
4122,4122.0,24.201301562028178,0.0
4123,4123.0,23.97629289906058,0.0
4124,4124.0,24.25254041948342,0.0
4125,4125.0,24.26215947196765,0.0
4126,4126.0,23.86695704555713,0.0
4127,4127.0,24.47640452882746,0.0
4128,4128.0,24.059807794993144,0.0
4129,4129.0,23.907935356219035,0.0
4130,4130.0,23.7094142502127,0.0
4131,4131.0,24.658902099785397,0.0
4132,4132.0,24.594911678288682,0.0
4133,4133.0,24.069195428393368,0.0
4134,4134.0,24.134913523072957,0.0
4135,4135.0,23.969555026243697,0.0
4136,4136.0,24.40943129446831,0.0
4137,4137.0,23.718915080056394,0.0
4138,4138.0,24.292364317519365,0.0
4139,4139.0,24.20025633106081,0.0
4140,4140.0,24.35287665891456,0.0
4141,4141.0,24.376031704162166,0.0
4142,4142.0,23.534855800884007,0.0
4143,4143.0,24.313678340185568,0.0
4144,4144.0,23.316252310186517,0.0
4145,4145.0,23.37491904564183,0.0
4146,4146.0,23.366658428330467,0.0
4147,4147.0,23.53585856203734,0.0
4148,4148.0,24.153816271702393,0.0
4149,4149.0,23.710094327910717,0.0
4150,4150.0,23.969834219076713,0.0
4151,4151.0,23.256604336204745,0.0
4152,4152.0,23.632570060136544,0.0
4153,4153.0,23.71566230794882,0.0
4154,4154.0,23.287073364382536,0.0
4155,4155.0,23.6233994857276,0.0
4156,4156.0,23.17426467124357,0.0
4157,4157.0,23.093664317750935,0.0
4158,4158.0,23.51602524979213,0.0
4159,4159.0,23.34688392046417,0.0
4160,4160.0,23.43190374488068,0.0
4161,4161.0,23.09227324403002,0.0
4162,4162.0,23.189513386043227,0.0
4163,4163.0,22.88845145578988,0.0
4164,4164.0,22.859316351050182,0.0
4165,4165.0,23.66316234193017,0.0
4166,4166.0,23.485724093479355,0.0
4167,4167.0,23.479050567766528,0.0
4168,4168.0,22.88689460555854,0.0
4169,4169.0,23.38920158648931,0.0
4170,4170.0,23.586946973205237,0.0
4171,4171.0,22.82983491065307,0.0
4172,4172.0,23.106511914426314,0.0
4173,4173.0,23.132503561404274,0.0
4174,4174.0,23.424599172012133,0.0
4175,4175.0,22.89340458426986,0.0
4176,4176.0,22.570024441907904,0.0
4177,4177.0,22.7347919447608,0.0
4178,4178.0,23.356834350329873,0.0
4179,4179.0,23.079381661463273,0.0
4180,4180.0,22.824682326959202,0.0
4181,4181.0,22.68158165133846,0.0
4182,4182.0,22.873711980118504,0.0
4183,4183.0,23.048197714503736,0.0
4184,4184.0,22.94480872636347,0.0
4185,4185.0,22.97740649435746,0.0
4186,4186.0,23.197983573333932,0.0
4187,4187.0,22.446892853846528,0.0
4188,4188.0,23.069065533242675,0.0
4189,4189.0,22.455399416789984,0.0
4190,4190.0,22.379795858955394,0.0
4191,4191.0,22.486437087273522,0.0
4192,4192.0,22.691267727884203,0.0
4193,4193.0,22.82266726301221,0.0
4194,4194.0,22.86003034514033,0.0
4195,4195.0,22.26089226699518,0.0
4196,4196.0,23.077211131314154,0.0
4197,4197.0,22.829953605802867,0.0
4198,4198.0,22.558725797943147,0.0
4199,4199.0,22.627486068773926,0.0
4200,4200.0,22.98358605236157,0.0
4201,4201.0,22.47472450969296,0.0
4202,4202.0,22.095335528898637,0.0
4203,4203.0,22.61684722485623,0.0
4204,4204.0,22.06583916295749,0.0
4205,4205.0,22.936478412390198,0.0
4206,4206.0,22.756016710686772,0.0
4207,4207.0,22.2137319344692,0.0
4208,4208.0,22.363651207194557,0.0
4209,4209.0,22.518748001571517,0.0
4210,4210.0,22.663696494701707,0.0
4211,4211.0,22.11413434347531,0.0
4212,4212.0,22.7690191061244,0.0
4213,4213.0,22.425998662841877,0.0
4214,4214.0,22.01487437893616,0.0
4215,4215.0,22.691931604854005,0.0
4216,4216.0,22.853901223870004,0.0
4217,4217.0,22.561446956859704,0.0
4218,4218.0,22.287580352649755,0.0
4219,4219.0,21.844811853043076,0.0
4220,4220.0,22.210719110094164,0.0
4221,4221.0,22.328824714006654,0.0
4222,4222.0,22.69965719715631,0.0
4223,4223.0,22.690918002935604,0.0
4224,4224.0,22.226212446405206,0.0
4225,4225.0,22.008693273862807,0.0
4226,4226.0,22.33182000623684,0.0
4227,4227.0,22.413490500840137,0.0
4228,4228.0,22.507697131088545,0.0
4229,4229.0,21.746793685413845,0.0
4230,4230.0,22.298799995365037,0.0
4231,4231.0,21.96881627784113,0.0
4232,4232.0,22.191143190815755,0.0
4233,4233.0,22.33027308551234,0.0
4234,4234.0,21.723220158916074,0.0
4235,4235.0,22.421991611804003,0.0
4236,4236.0,21.71953586547513,0.0
4237,4237.0,22.532280541729094,0.0
4238,4238.0,21.848345276444597,0.0
4239,4239.0,21.82380927463695,0.0
4240,4240.0,22.366218936962852,0.0
4241,4241.0,22.1632176640503,0.0
4242,4242.0,22.076062079761286,0.0
4243,4243.0,21.66760598222724,0.0
4244,4244.0,22.15440063280599,0.0
4245,4245.0,22.256761798707952,0.0
4246,4246.0,22.071133980865813,0.0
4247,4247.0,22.016410915556804,0.0
4248,4248.0,21.725028419796097,0.0
4249,4249.0,22.452595713204126,0.0
4250,4250.0,22.19911289477557,0.0
4251,4251.0,22.265402595331135,0.0
4252,4252.0,21.466689494271566,0.0
4253,4253.0,21.896796869865348,0.0
4254,4254.0,21.54937509019652,0.0
4255,4255.0,22.094862049589416,0.0
4256,4256.0,21.70766547557024,0.0
4257,4257.0,22.2252850832347,0.0
4258,4258.0,21.811389066347914,0.0
4259,4259.0,21.81236783950755,0.0
4260,4260.0,22.000842900038904,0.0
4261,4261.0,21.52512683298236,0.0
4262,4262.0,21.479958878186938,0.0
4263,4263.0,21.527762083662225,0.0
4264,4264.0,21.460095285369317,0.0
4265,4265.0,22.197371492736526,0.0
4266,4266.0,21.738541374168136,0.0
4267,4267.0,21.998463240632955,0.0
4268,4268.0,21.47526029755109,0.0
4269,4269.0,21.99470386791886,0.0
4270,4270.0,22.139030663251962,0.0
4271,4271.0,21.332108023482864,0.0
4272,4272.0,22.20262043671464,0.0
4273,4273.0,21.97215894965527,0.0
4274,4274.0,21.627706939216385,0.0
4275,4275.0,21.488045452380177,0.0
4276,4276.0,21.306756532343233,0.0
4277,4277.0,21.808810585027977,0.0
4278,4278.0,21.42067307283023,0.0
4279,4279.0,21.30051877613436,0.0
4280,4280.0,21.760515147085844,0.0
4281,4281.0,21.72552779819731,0.0
4282,4282.0,21.61582066752966,0.0
4283,4283.0,21.95542909108095,0.0
4284,4284.0,21.747824817833806,0.0
4285,4285.0,22.040660779599314,0.0
4286,4286.0,21.736435197695375,0.0
4287,4287.0,21.791149406463997,0.0
4288,4288.0,21.868423316164655,0.0
4289,4289.0,21.663729000675666,0.0
4290,4290.0,22.035166874330795,0.0
4291,4291.0,21.98660917172785,0.0
4292,4292.0,21.428618748046674,0.0
4293,4293.0,21.87328792601274,0.0
4294,4294.0,21.505744175530932,0.0
4295,4295.0,21.583697413196575,0.0
4296,4296.0,21.453370384671025,0.0
4297,4297.0,21.94545358413532,0.0
4298,4298.0,21.799604780911007,0.0
4299,4299.0,21.42598505148914,0.0
4300,4300.0,21.117113430045166,0.0
4301,4301.0,22.08782541454071,0.0
4302,4302.0,21.56971787587802,0.0
4303,4303.0,21.707278541161312,0.0
4304,4304.0,21.124152508358602,0.0
4305,4305.0,21.882669417565346,0.0
4306,4306.0,22.014955535113618,0.0
4307,4307.0,21.319108777912636,0.0
4308,4308.0,21.967945727708365,0.0
4309,4309.0,21.963885495718984,0.0
4310,4310.0,21.970824170605564,0.0
4311,4311.0,21.376157386644962,0.0
4312,4312.0,21.452998709819568,0.0
4313,4313.0,21.933815591058263,0.0
4314,4314.0,21.403129741653686,0.0
4315,4315.0,21.863365674634537,0.0
4316,4316.0,21.43566876753407,0.0
4317,4317.0,21.280187404250608,0.0
4318,4318.0,21.065599895911422,0.0
4319,4319.0,21.927193982725683,0.0
4320,4320.0,21.818778396142882,0.0
4321,4321.0,21.755358295837258,0.0
4322,4322.0,21.480069159251883,0.0
4323,4323.0,21.503037671890812,0.0
4324,4324.0,21.629573596973284,0.0
4325,4325.0,21.199169766311226,0.0
4326,4326.0,21.716653797734214,0.0
4327,4327.0,21.05225900293512,0.0
4328,4328.0,21.997399548360907,0.0
4329,4329.0,21.448904677260085,0.0
4330,4330.0,21.568129566699238,0.0
4331,4331.0,21.224806279887638,0.0
4332,4332.0,21.602889265981464,0.0
4333,4333.0,21.385075997628803,0.0
4334,4334.0,22.00494903417981,0.0
4335,4335.0,21.646581389627745,0.0
4336,4336.0,21.7264604291852,0.0
4337,4337.0,21.23920269442969,0.0
4338,4338.0,21.43726452217268,0.0
4339,4339.0,21.526793105881865,0.0
4340,4340.0,21.37372245788742,0.0
4341,4341.0,21.544207326485388,0.0
4342,4342.0,21.102448158430228,0.0
4343,4343.0,21.783892245945392,0.0
4344,4344.0,21.96951606606571,0.0
4345,4345.0,21.10135975638448,0.0
4346,4346.0,21.009822712463066,0.0
4347,4347.0,21.188683622412544,40.0
4348,4348.0,23.91085098458332,40.0
4349,4349.0,25.323649392494623,40.0
4350,4350.0,27.277856649442196,40.0
4351,4351.0,27.924795903292896,40.0
4352,4352.0,29.006152433314885,40.0
4353,4353.0,29.965177834945504,40.0
4354,4354.0,30.64767801684583,40.0
4355,4355.0,32.12524239349666,40.0
4356,4356.0,32.20427322610752,40.0
4357,4357.0,32.848560880064134,40.0
4358,4358.0,34.06188200594502,40.0
4359,4359.0,34.44184580116327,40.0
4360,4360.0,35.16132618139174,40.0
4361,4361.0,35.447135086597804,40.0
4362,4362.0,36.1004927368254,40.0
4363,4363.0,36.68491549907151,40.0
4364,4364.0,36.95607759537073,40.0
4365,4365.0,36.99758440440892,40.0
4366,4366.0,37.58722847862243,40.0
4367,4367.0,38.03981271441231,40.0
4368,4368.0,38.244889033051,40.0
4369,4369.0,38.70498210725211,40.0
4370,4370.0,39.28508965261255,40.0
4371,4371.0,39.088750270124066,40.0
4372,4372.0,39.95781179420613,40.0
4373,4373.0,40.02508945934074,40.0
4374,4374.0,40.53906237464569,40.0
4375,4375.0,40.22536211752263,40.0
4376,4376.0,40.73285584399836,40.0
4377,4377.0,41.09041859528351,40.0
4378,4378.0,41.334077759859134,40.0
4379,4379.0,41.71359688035088,40.0
4380,4380.0,42.00831051725292,40.0
4381,4381.0,41.30812273555599,40.0
4382,4382.0,42.311555312587075,40.0
4383,4383.0,42.63277150835872,40.0
4384,4384.0,42.26367118311691,40.0
4385,4385.0,42.5757045828309,40.0
4386,4386.0,43.06571202124724,40.0
4387,4387.0,43.145751537613904,40.0
4388,4388.0,43.032951386280445,40.0
4389,4389.0,43.18470003448874,40.0
4390,4390.0,43.22392830620806,40.0
4391,4391.0,43.70219218936562,40.0
4392,4392.0,43.79814459892763,40.0
4393,4393.0,44.212420751424744,40.0
4394,4394.0,44.33916802070021,40.0
4395,4395.0,43.9971753700711,40.0
4396,4396.0,44.71060382802119,40.0
4397,4397.0,44.43596147330738,40.0
4398,4398.0,44.613973720318036,40.0
4399,4399.0,44.94475629213167,40.0
4400,4400.0,44.89712054160901,40.0
4401,4401.0,45.55302516005128,40.0
4402,4402.0,45.19333715819255,40.0
4403,4403.0,44.87347790036282,40.0
4404,4404.0,45.755013058655614,40.0
4405,4405.0,45.66497681724948,40.0
4406,4406.0,45.943066516697584,40.0
4407,4407.0,45.60581674537086,40.0
4408,4408.0,46.2544570343967,40.0
4409,4409.0,46.40441943510956,40.0
4410,4410.0,46.3775473207802,40.0
4411,4411.0,45.72204236587516,40.0
4412,4412.0,46.551003032184106,40.0
4413,4413.0,46.297520131034126,40.0
4414,4414.0,46.12151033207935,40.0
4415,4415.0,46.56219934670017,40.0
4416,4416.0,47.113683388875074,40.0
4417,4417.0,47.11503745312398,40.0
4418,4418.0,46.6906416545626,40.0
4419,4419.0,47.39592877062434,40.0
4420,4420.0,47.14058622051424,40.0
4421,4421.0,46.8680583510851,40.0
4422,4422.0,47.466530624333906,40.0
4423,4423.0,47.09193798774806,40.0
4424,4424.0,47.56656085068118,40.0
4425,4425.0,47.548067827655785,40.0
4426,4426.0,47.15991764879588,40.0
4427,4427.0,47.285351974826824,40.0
4428,4428.0,47.580260810306896,40.0
4429,4429.0,48.060644284287456,40.0
4430,4430.0,47.814951907468604,40.0
4431,4431.0,47.74780712632085,40.0
4432,4432.0,48.24218190655071,40.0
4433,4433.0,48.36027828111239,40.0
4434,4434.0,48.34143225915759,40.0
4435,4435.0,47.81074299904085,40.0
4436,4436.0,48.095853735442965,40.0
4437,4437.0,48.290779521345634,40.0
4438,4438.0,48.297943054336,40.0
4439,4439.0,48.837825555979606,40.0
4440,4440.0,48.09583663106606,40.0
4441,4441.0,49.03909187381024,40.0
4442,4442.0,48.72266545980825,40.0
4443,4443.0,48.50706094087029,40.0
4444,4444.0,49.133328055742886,40.0
4445,4445.0,48.73885820978966,40.0
4446,4446.0,48.84008141720779,40.0
4447,4447.0,49.45673534477098,40.0
4448,4448.0,49.252286999646834,40.0
4449,4449.0,49.508362347200354,40.0
4450,4450.0,49.226865605129504,40.0
4451,4451.0,49.33587160611618,40.0
4452,4452.0,48.823258196337854,40.0
4453,4453.0,48.89261819888887,40.0
4454,4454.0,49.72875065185019,40.0
4455,4455.0,49.290830562640274,40.0
4456,4456.0,49.22216024865149,40.0
4457,4457.0,49.7316193278328,40.0
4458,4458.0,49.071037157910055,40.0
4459,4459.0,49.44720273491107,40.0
4460,4460.0,49.55135812916338,40.0
4461,4461.0,50.124765005974616,40.0
4462,4462.0,50.17311255253188,40.0
4463,4463.0,49.625226057985,40.0
4464,4464.0,49.70259956860761,40.0
4465,4465.0,49.95545188469196,40.0
4466,4466.0,50.09031855653153,40.0
4467,4467.0,49.7108814871561,40.0
4468,4468.0,50.000833745941385,40.0
4469,4469.0,49.590834281159275,40.0
4470,4470.0,50.01808422091706,40.0
4471,4471.0,49.655002934344814,40.0
4472,4472.0,50.5458545091079,40.0
4473,4473.0,50.314639273000594,40.0
4474,4474.0,50.30057690909185,40.0
4475,4475.0,50.18296499979919,40.0
4476,4476.0,50.391428572143816,40.0
4477,4477.0,50.63322064973727,40.0
4478,4478.0,50.21983121926193,40.0
4479,4479.0,50.63902054475343,40.0
4480,4480.0,50.5160525003304,40.0
4481,4481.0,50.50465062554891,40.0
4482,4482.0,50.907273524175665,40.0
4483,4483.0,50.854871485089554,40.0
4484,4484.0,50.92196859498263,40.0
4485,4485.0,50.19730184178699,40.0
4486,4486.0,50.242835289319736,40.0
4487,4487.0,50.49793256055415,40.0
4488,4488.0,50.17376461162321,40.0
4489,4489.0,50.62478965099475,40.0
4490,4490.0,51.16606853162363,40.0
4491,4491.0,50.53798945016338,40.0
4492,4492.0,50.792227252781835,40.0
4493,4493.0,50.66756503034234,40.0
4494,4494.0,51.249928406933186,40.0
4495,4495.0,50.986646898322526,40.0
4496,4496.0,50.57178702697415,40.0
4497,4497.0,51.11800937931772,40.0
4498,4498.0,50.46641750806639,40.0
4499,4499.0,51.28919908156906,40.0
4500,4500.0,50.95944086174595,40.0
4501,4501.0,50.52847978631805,40.0
4502,4502.0,50.89514674522924,40.0
4503,4503.0,51.0608670109147,40.0
4504,4504.0,50.6732607444833,40.0
4505,4505.0,50.88392025350075,40.0
4506,4506.0,50.936526175176624,40.0
4507,4507.0,51.020406522089814,40.0
4508,4508.0,50.65935883987069,40.0
4509,4509.0,51.54321147215609,40.0
4510,4510.0,51.451715007379526,40.0
4511,4511.0,50.9218863407806,40.0
4512,4512.0,51.41005897688376,40.0
4513,4513.0,51.52192245589821,40.0
4514,4514.0,51.222601915989536,40.0
4515,4515.0,51.45119389293148,40.0
4516,4516.0,51.22283506344259,40.0
4517,4517.0,51.4457552036585,40.0
4518,4518.0,50.94895149817499,40.0
4519,4519.0,50.898564909285795,40.0
4520,4520.0,51.30269850348773,40.0
4521,4521.0,51.65637064966397,40.0
4522,4522.0,51.757799541313965,40.0
4523,4523.0,51.17246576807385,40.0
4524,4524.0,51.47770864982286,40.0
4525,4525.0,51.456677837749815,40.0
4526,4526.0,51.36731694886448,40.0
4527,4527.0,51.508137748875704,40.0
4528,4528.0,51.17564739418841,40.0
4529,4529.0,51.74094393549818,40.0
4530,4530.0,51.321358376539145,40.0
4531,4531.0,51.03846675307909,40.0
4532,4532.0,51.55642853646003,40.0
4533,4533.0,50.997734638673414,40.0
4534,4534.0,51.259689680820195,40.0
4535,4535.0,51.70128273948771,40.0
4536,4536.0,51.85988472256869,40.0
4537,4537.0,51.75636146455291,40.0
4538,4538.0,51.03037339973153,40.0
4539,4539.0,51.79550948019214,40.0
4540,4540.0,51.72735215763336,40.0
4541,4541.0,51.89619076784631,40.0
4542,4542.0,51.19865935416569,40.0
4543,4543.0,51.29125333928895,40.0
4544,4544.0,51.14673295375234,40.0
4545,4545.0,51.222120199208234,40.0
4546,4546.0,51.899146489033846,40.0
4547,4547.0,51.46814996276135,40.0
4548,4548.0,50.96767521488256,40.0
4549,4549.0,51.203484904106226,40.0
4550,4550.0,51.34534683890994,40.0
4551,4551.0,51.748257908768664,40.0
4552,4552.0,51.89957581859494,40.0
4553,4553.0,51.48352769173385,40.0
4554,4554.0,51.026950015631115,40.0
4555,4555.0,51.547706858214404,40.0
4556,4556.0,51.69402225355848,40.0
4557,4557.0,51.484930460802026,40.0
4558,4558.0,51.85851460056402,40.0
4559,4559.0,51.25342319433439,40.0
4560,4560.0,50.96355438079604,40.0
4561,4561.0,51.70816158675501,40.0
4562,4562.0,50.98740121174422,40.0
4563,4563.0,51.861821625167714,40.0
4564,4564.0,51.143943603266806,40.0
4565,4565.0,51.78373770376305,40.0
4566,4566.0,51.68323623070953,40.0
4567,4567.0,51.466247711890546,0.0
4568,4568.0,50.507099830575804,0.0
4569,4569.0,49.51114353412121,0.0
4570,4570.0,48.520926666860376,0.0
4571,4571.0,47.3231797408185,0.0
4572,4572.0,46.39329211267518,0.0
4573,4573.0,46.05203848631088,0.0
4574,4574.0,45.15249606419761,0.0
4575,4575.0,44.43648125971805,0.0
4576,4576.0,44.42867540474003,0.0
4577,4577.0,43.182506082597406,0.0
4578,4578.0,42.9298753457352,0.0
4579,4579.0,42.888192892659234,0.0
4580,4580.0,42.10774965087229,0.0
4581,4581.0,41.742168025559614,0.0
4582,4582.0,40.93781449070798,0.0
4583,4583.0,40.83562032576603,0.0
4584,4584.0,41.06162723617273,0.0
4585,4585.0,39.837557478030185,0.0
4586,4586.0,40.18743379481975,0.0
4587,4587.0,39.8827180723828,0.0
4588,4588.0,39.000026367697465,0.0
4589,4589.0,39.12845236236544,0.0
4590,4590.0,38.756309565110506,0.0
4591,4591.0,38.071727431353104,0.0
4592,4592.0,37.990108709393,0.0
4593,4593.0,37.98441539843242,0.0
4594,4594.0,37.43332368921217,0.0
4595,4595.0,37.10033396579125,0.0
4596,4596.0,37.60428191435192,0.0
4597,4597.0,36.481519089815556,0.0
4598,4598.0,37.1023842592527,0.0
4599,4599.0,36.489831978690745,0.0
4600,4600.0,36.408597248505714,0.0
4601,4601.0,36.19167905765984,0.0
4602,4602.0,36.045522459396985,0.0
4603,4603.0,35.90053924586913,0.0
4604,4604.0,35.9288663360957,0.0
4605,4605.0,35.62957287452821,0.0
4606,4606.0,34.83911220193841,0.0
4607,4607.0,34.90810016951313,0.0
4608,4608.0,34.68410834728827,0.0
4609,4609.0,34.1270187003396,0.0
4610,4610.0,34.009170649744526,0.0
4611,4611.0,34.03022549188894,0.0
4612,4612.0,34.39622707401227,0.0
4613,4613.0,34.111502987813644,0.0
4614,4614.0,33.423317829414906,0.0
4615,4615.0,33.325348979297374,0.0
4616,4616.0,33.69135208912878,0.0
4617,4617.0,33.62017672295379,0.0
4618,4618.0,33.25886025417743,0.0
4619,4619.0,32.861816117031786,0.0
4620,4620.0,32.48452545322088,0.0
4621,4621.0,32.9040626271081,0.0
4622,4622.0,32.30785283065171,0.0
4623,4623.0,32.96656332450973,0.0
4624,4624.0,32.797572667366815,0.0
4625,4625.0,32.55298716750188,0.0
4626,4626.0,32.34228752974196,0.0
4627,4627.0,31.969623158690684,0.0
4628,4628.0,32.093622372985074,0.0
4629,4629.0,31.847214224469404,0.0
4630,4630.0,32.11312910285907,0.0
4631,4631.0,32.02351149393149,0.0
4632,4632.0,31.853417574823194,0.0
4633,4633.0,31.26559146498574,0.0
4634,4634.0,31.51688787143409,0.0
4635,4635.0,31.19376865345249,0.0
4636,4636.0,31.151954091524164,0.0
4637,4637.0,30.832873356132165,0.0
4638,4638.0,31.25771326502106,0.0
4639,4639.0,30.7575688157804,0.0
4640,4640.0,30.656107379410614,0.0
4641,4641.0,30.523083699269957,0.0
4642,4642.0,30.644373035340536,0.0
4643,4643.0,29.855785046651462,0.0
4644,4644.0,30.578653133692693,0.0
4645,4645.0,30.62431908624334,0.0
4646,4646.0,29.863144647541823,0.0
4647,4647.0,30.143757359264402,0.0
4648,4648.0,30.064176381229956,0.0
4649,4649.0,29.801407328683403,0.0
4650,4650.0,29.92871636393201,0.0
4651,4651.0,29.784019636756565,0.0
4652,4652.0,29.121788569771002,0.0
4653,4653.0,29.46781333583219,0.0
4654,4654.0,29.03239755206586,0.0
4655,4655.0,28.82216218569392,0.0
4656,4656.0,29.604951805616192,0.0
4657,4657.0,28.92925105742454,0.0
4658,4658.0,28.65973018592201,0.0
4659,4659.0,29.121134086760605,0.0
4660,4660.0,28.957567292062357,0.0
4661,4661.0,29.17257208506467,0.0
4662,4662.0,28.29271509798465,0.0
4663,4663.0,28.96104726405031,0.0
4664,4664.0,28.8215773355541,0.0
4665,4665.0,28.43647759507047,0.0
4666,4666.0,28.49510367132574,0.0
4667,4667.0,28.543707602425513,0.0
4668,4668.0,28.751756183673468,0.0
4669,4669.0,27.79289320949535,0.0
4670,4670.0,27.829164198647838,0.0
4671,4671.0,28.199633236214723,0.0
4672,4672.0,28.19072894858369,0.0
4673,4673.0,27.88560941126522,0.0
4674,4674.0,27.818620917205966,0.0
4675,4675.0,27.841015789523787,0.0
4676,4676.0,28.262071891670576,0.0
4677,4677.0,27.491796527359025,0.0
4678,4678.0,27.67448910006058,0.0
4679,4679.0,27.483621428228595,0.0
4680,4680.0,27.319783631779416,0.0
4681,4681.0,27.229306257216788,0.0
4682,4682.0,27.674861287638112,0.0
4683,4683.0,27.83188246881019,0.0
4684,4684.0,27.05922135242771,0.0
4685,4685.0,27.002285805128487,0.0
4686,4686.0,27.142409063424292,0.0
4687,4687.0,27.60602972823928,0.0
4688,4688.0,27.32199556277234,0.0
4689,4689.0,27.33774678981881,0.0
4690,4690.0,26.648392380057988,0.0
4691,4691.0,26.9144731323434,0.0
4692,4692.0,26.662518443911317,0.0
4693,4693.0,26.34701104754284,0.0
4694,4694.0,27.20492530478407,0.0
4695,4695.0,27.147134505408218,0.0
4696,4696.0,26.402005301590037,0.0
4697,4697.0,26.301858464548435,0.0
4698,4698.0,26.721546298217458,0.0
4699,4699.0,26.42758588086097,0.0
4700,4700.0,26.488203216134952,0.0
4701,4701.0,26.529885807017145,0.0
4702,4702.0,26.756117189456063,0.0
4703,4703.0,26.613123128393436,0.0
4704,4704.0,26.416662354720547,0.0
4705,4705.0,26.70316941990697,0.0
4706,4706.0,25.827659734748334,0.0
4707,4707.0,26.342999666455103,0.0
4708,4708.0,25.76081377287936,0.0
4709,4709.0,25.54543249078049,0.0
4710,4710.0,26.16562137633549,0.0
4711,4711.0,25.770620219145783,0.0
4712,4712.0,25.762101306000737,0.0
4713,4713.0,26.04389073888977,0.0
4714,4714.0,25.655625244184435,0.0
4715,4715.0,26.017579943019225,0.0
4716,4716.0,25.957427177197026,0.0
4717,4717.0,25.647676596352596,0.0
4718,4718.0,25.78477373725229,0.0
4719,4719.0,25.135008359430163,0.0
4720,4720.0,25.16737084600055,0.0
4721,4721.0,25.13817134786518,0.0
4722,4722.0,25.516030193147287,0.0
4723,4723.0,25.832859857168042,0.0
4724,4724.0,25.286231349750533,0.0
4725,4725.0,25.669683158078527,0.0
4726,4726.0,25.329403433958948,0.0
4727,4727.0,25.0229981708492,0.0
4728,4728.0,24.860952022787473,0.0
4729,4729.0,25.620507522607443,0.0
4730,4730.0,25.45522580487899,0.0
4731,4731.0,25.125500289331548,0.0
4732,4732.0,25.042758885130574,0.0
4733,4733.0,25.09814264403346,0.0
4734,4734.0,25.220627176769312,0.0
4735,4735.0,25.15113532183898,0.0
4736,4736.0,25.029580982320823,0.0
4737,4737.0,24.60888458361916,0.0
4738,4738.0,25.1330058865909,0.0
4739,4739.0,24.647481435128995,0.0
4740,4740.0,25.218820671788244,0.0
4741,4741.0,25.247017911401286,0.0
4742,4742.0,24.58148162612122,0.0
4743,4743.0,25.17268344084138,0.0
4744,4744.0,25.087483502981147,0.0
4745,4745.0,24.273789921022523,0.0
4746,4746.0,24.249285019411502,0.0
4747,4747.0,24.580312798034225,0.0
4748,4748.0,24.514215176656332,0.0
4749,4749.0,24.65234438897103,0.0
4750,4750.0,24.16932753921313,0.0
4751,4751.0,24.278402477711087,0.0
4752,4752.0,24.028543080187802,0.0
4753,4753.0,24.409802903013325,0.0
4754,4754.0,24.68403746135438,0.0
4755,4755.0,24.700265675671705,0.0
4756,4756.0,24.449344183291178,0.0
4757,4757.0,24.321695181346012,0.0
4758,4758.0,24.41577326371504,0.0
4759,4759.0,24.046935837621316,0.0
4760,4760.0,24.362137107138807,0.0
4761,4761.0,24.449992000600222,0.0
4762,4762.0,24.334507015877982,0.0
4763,4763.0,23.81711688330958,0.0
4764,4764.0,24.326015286658453,0.0
4765,4765.0,23.662126087306138,0.0
4766,4766.0,24.16877887876424,0.0
4767,4767.0,24.15266352357621,0.0
4768,4768.0,24.17251711487459,0.0
4769,4769.0,23.692621950700698,0.0
4770,4770.0,23.85249360260618,0.0
4771,4771.0,23.88134047101757,0.0
4772,4772.0,23.438390348861354,0.0
4773,4773.0,23.4254486328192,0.0
4774,4774.0,23.71392419136461,0.0
4775,4775.0,24.09236301207072,0.0
4776,4776.0,23.896845723349905,0.0
4777,4777.0,23.659571592261194,0.0
4778,4778.0,23.90238605156424,0.0
4779,4779.0,24.083062551596715,0.0
4780,4780.0,23.756553858777124,0.0
4781,4781.0,23.800761871882948,0.0
4782,4782.0,23.133805159885327,0.0
4783,4783.0,23.981972950563453,0.0
4784,4784.0,23.56912248405076,0.0
4785,4785.0,23.71623275596973,0.0
4786,4786.0,23.78934332617397,0.0
4787,4787.0,23.81695436452339,0.0
4788,4788.0,23.43963800719332,0.0
4789,4789.0,23.604434250907538,0.0
4790,4790.0,22.925101286858805,0.0
4791,4791.0,23.783194750406555,0.0
4792,4792.0,23.609821523123873,0.0
4793,4793.0,22.790093581346273,0.0
4794,4794.0,23.733004475563,0.0
4795,4795.0,23.043185820186714,0.0
4796,4796.0,22.9920139832469,0.0
4797,4797.0,23.132883911238967,0.0
4798,4798.0,22.915760411564083,0.0
4799,4799.0,23.031810568392693,0.0
4800,4800.0,22.723399506263686,0.0
4801,4801.0,23.264854723707415,0.0
4802,4802.0,23.03453303740096,0.0
4803,4803.0,22.875313898499016,0.0
4804,4804.0,23.34912431592478,0.0
4805,4805.0,22.93621456990073,0.0
4806,4806.0,22.686965756093002,0.0
4807,4807.0,22.943100077767244,0.0
4808,4808.0,23.06214264992868,0.0
4809,4809.0,23.36407603953814,0.0
4810,4810.0,22.755984955665255,0.0
4811,4811.0,23.281798671644957,0.0
4812,4812.0,23.197590252924904,0.0
4813,4813.0,22.85748213563459,0.0
4814,4814.0,22.55268575650869,0.0
4815,4815.0,22.5493764087512,0.0
4816,4816.0,23.070221510256435,0.0
4817,4817.0,23.276880018552042,0.0
4818,4818.0,23.060285382768107,0.0
4819,4819.0,22.655590282568355,0.0
4820,4820.0,22.88441941967199,0.0
4821,4821.0,23.085519263127996,0.0
4822,4822.0,22.57559601779988,0.0
4823,4823.0,22.313003679397625,0.0
4824,4824.0,22.946058462390216,0.0
4825,4825.0,22.844716253453438,0.0
4826,4826.0,22.89256120392837,0.0
4827,4827.0,22.35169564656968,0.0
4828,4828.0,22.847871459916156,0.0
4829,4829.0,22.45417674007344,0.0
4830,4830.0,22.524638191144128,0.0
4831,4831.0,22.557392959801717,0.0
4832,4832.0,22.982936994858484,0.0
4833,4833.0,22.223089883916327,0.0
4834,4834.0,22.497205105384193,0.0
4835,4835.0,22.563163406850126,0.0
4836,4836.0,22.53138680205912,0.0
4837,4837.0,22.65970900854314,0.0
4838,4838.0,22.900059776730217,0.0
4839,4839.0,22.238254143521115,0.0
4840,4840.0,22.63724584840354,0.0
4841,4841.0,22.305213365763635,0.0
4842,4842.0,22.49732413983643,0.0
4843,4843.0,22.31747827567203,0.0
4844,4844.0,22.52764362068523,0.0
4845,4845.0,22.816316096740692,0.0
4846,4846.0,22.32263371684501,0.0
4847,4847.0,22.60513728366645,0.0
4848,4848.0,21.898855903262383,0.0
4849,4849.0,22.082195320727077,0.0
4850,4850.0,21.95464087461004,0.0
4851,4851.0,22.2041287766012,0.0
4852,4852.0,22.505320548202388,0.0
4853,4853.0,22.514367464307615,0.0
4854,4854.0,22.342425169073973,0.0
4855,4855.0,22.57822760858539,0.0
4856,4856.0,22.260262894474867,0.0
4857,4857.0,21.798545705659574,0.0
4858,4858.0,22.23413584061854,0.0
4859,4859.0,22.066775871402307,0.0
4860,4860.0,22.358994848377783,0.0
4861,4861.0,21.857774450759003,0.0
4862,4862.0,22.149272710383016,0.0
4863,4863.0,22.30278874571985,0.0
4864,4864.0,22.44075034726289,0.0
4865,4865.0,22.019687479496973,0.0
4866,4866.0,22.389764608750834,0.0
4867,4867.0,22.10329864613693,0.0
4868,4868.0,21.98865348250078,0.0
4869,4869.0,21.790137906492248,0.0
4870,4870.0,22.251124329634838,0.0
4871,4871.0,21.929623498599454,0.0
4872,4872.0,22.230548783104496,0.0
4873,4873.0,21.91610664253773,0.0
4874,4874.0,22.379286434311283,0.0
4875,4875.0,21.670478254793125,0.0
4876,4876.0,21.970082539099344,0.0
4877,4877.0,21.463375965046687,0.0
4878,4878.0,21.442922633123267,0.0
4879,4879.0,21.689889727471652,0.0
4880,4880.0,21.94311352861459,0.0
4881,4881.0,21.595054272579056,0.0
4882,4882.0,22.051223446474054,0.0
4883,4883.0,21.94613751863063,0.0
4884,4884.0,21.63605582805459,0.0
4885,4885.0,22.130067670856807,0.0
4886,4886.0,22.204989962922955,0.0
4887,4887.0,21.62776915626076,0.0
4888,4888.0,21.43669436770482,0.0
4889,4889.0,21.514220408793598,0.0
4890,4890.0,22.28245549567507,0.0
4891,4891.0,21.767075020158824,0.0
4892,4892.0,21.469991145278865,0.0
4893,4893.0,21.99302166254043,0.0
4894,4894.0,22.0718700268671,0.0
4895,4895.0,21.815666203932505,0.0
4896,4896.0,21.52455686982994,0.0
4897,4897.0,21.525656906277604,0.0
4898,4898.0,21.630219841945685,0.0
4899,4899.0,21.587659081437526,0.0
4900,4900.0,22.0452315940221,0.0
4901,4901.0,21.797298619067096,0.0
4902,4902.0,22.166817514948615,0.0
4903,4903.0,21.99669085363028,0.0
4904,4904.0,21.99920088372348,0.0
4905,4905.0,21.887237391685296,0.0
4906,4906.0,21.27327601009244,0.0
4907,4907.0,21.89946712004337,0.0
4908,4908.0,21.249317673289294,0.0
4909,4909.0,21.2080736376641,0.0
4910,4910.0,21.295521485659947,0.0
4911,4911.0,21.394084454072154,0.0
4912,4912.0,21.87233413065561,0.0
4913,4913.0,21.92687366752176,0.0
4914,4914.0,21.234181185853203,0.0
4915,4915.0,21.419686454374055,0.0
4916,4916.0,21.25440704498268,0.0
4917,4917.0,22.035319212797017,0.0
4918,4918.0,21.716298903280546,0.0
4919,4919.0,21.625582243898553,0.0
4920,4920.0,22.081848746015332,0.0
4921,4921.0,21.1422345877821,0.0
4922,4922.0,21.91017001866918,0.0
4923,4923.0,22.070373309249508,0.0
4924,4924.0,21.2493238083801,0.0
4925,4925.0,21.24790349294129,0.0
4926,4926.0,21.947479206671954,0.0
4927,4927.0,21.890695789680645,0.0
4928,4928.0,21.63557950794849,0.0
4929,4929.0,21.126704257861963,0.0
4930,4930.0,21.972600132204864,0.0
4931,4931.0,21.630184443376947,0.0
4932,4932.0,21.96546459228253,0.0
4933,4933.0,21.187462436617686,0.0
4934,4934.0,21.23804983628422,0.0
4935,4935.0,21.309705224870328,0.0
4936,4936.0,21.315294608907486,0.0
4937,4937.0,21.759812765903447,0.0
4938,4938.0,21.141371308664237,0.0
4939,4939.0,22.03914004270839,0.0
4940,4940.0,21.994122318654597,0.0
4941,4941.0,21.107028677433746,0.0
4942,4942.0,21.481145917040916,0.0
4943,4943.0,21.97333725504199,0.0
4944,4944.0,22.003930731610595,0.0
4945,4945.0,21.267650510459625,0.0
4946,4946.0,21.914670271217215,0.0
4947,4947.0,21.531380943014746,0.0
4948,4948.0,21.802525957125695,0.0
4949,4949.0,21.4995989603598,0.0
4950,4950.0,21.272095213905317,0.0
4951,4951.0,21.51498926378688,0.0
4952,4952.0,21.932673603496113,0.0
4953,4953.0,21.746065372293018,0.0
4954,4954.0,21.83208931616442,0.0
4955,4955.0,21.86881960635725,0.0
4956,4956.0,21.49532473837979,0.0
4957,4957.0,21.392925986080325,0.0
4958,4958.0,21.625155487585683,0.0
4959,4959.0,21.649132783879722,0.0
4960,4960.0,21.754559404240492,0.0
4961,4961.0,21.140909050299737,0.0
4962,4962.0,21.909128313160394,0.0
4963,4963.0,21.72463618158016,0.0
4964,4964.0,21.920465658375285,0.0
4965,4965.0,21.57603493081158,0.0
4966,4966.0,21.67253859086468,0.0
4967,4967.0,21.468895553197637,0.0
4968,4968.0,21.478678636371466,45.0
4969,4969.0,24.49500022168705,45.0
4970,4970.0,25.64030035769924,45.0
4971,4971.0,28.087285364449627,45.0
4972,4972.0,29.416545570719883,45.0
4973,4973.0,29.908482498542657,45.0
4974,4974.0,31.742277906367136,45.0
4975,4975.0,31.90384581830711,45.0
4976,4976.0,33.340309809005255,45.0
4977,4977.0,34.17597475439662,45.0
4978,4978.0,34.85052379757412,45.0
4979,4979.0,35.40959532133631,45.0
4980,4980.0,36.188829505982014,45.0
4981,4981.0,36.47074313698882,45.0
4982,4982.0,37.16256536877277,45.0
4983,4983.0,37.12169089315334,45.0
4984,4984.0,37.672594717901376,45.0
4985,4985.0,38.951783665329586,45.0
4986,4986.0,39.074618264435244,45.0
4987,4987.0,39.836471585060934,45.0
4988,4988.0,39.59260226024007,45.0
4989,4989.0,39.8111745304862,45.0
4990,4990.0,40.60548864041957,45.0
4991,4991.0,40.7530899709398,45.0
4992,4992.0,41.43961585681352,45.0
4993,4993.0,41.15693196529128,45.0
4994,4994.0,42.27600450611985,45.0
4995,4995.0,42.33105216881875,45.0
4996,4996.0,42.21437441871633,45.0
4997,4997.0,42.880685010427456,45.0
4998,4998.0,43.347312541445504,45.0
4999,4999.0,42.77352488353429,45.0
5000,5000.0,43.224797805460426,45.0
5001,5001.0,43.34017540043202,45.0
5002,5002.0,43.919876512089445,45.0
5003,5003.0,44.22063567197436,45.0
5004,5004.0,44.43495968654941,45.0
5005,5005.0,44.218322529318286,45.0
5006,5006.0,45.123502898018295,45.0
5007,5007.0,44.447051615795814,45.0
5008,5008.0,45.602648101646245,45.0
5009,5009.0,44.869887970913766,45.0
5010,5010.0,45.75479709138234,45.0
5011,5011.0,45.42727978171325,45.0
5012,5012.0,46.05412991653365,45.0
5013,5013.0,46.43798063486611,45.0
5014,5014.0,46.61396117811542,45.0
5015,5015.0,46.70638899875914,45.0
5016,5016.0,46.100757842542,45.0
5017,5017.0,46.90037094982089,45.0
5018,5018.0,46.82644110164959,45.0
5019,5019.0,46.60322705816428,45.0
5020,5020.0,47.43138238304435,45.0
5021,5021.0,47.01112621352599,45.0
5022,5022.0,47.31740043465049,45.0
5023,5023.0,47.35823720833393,45.0
5024,5024.0,47.24566267610468,45.0
5025,5025.0,47.33286089472651,45.0
5026,5026.0,48.038674995342745,45.0
5027,5027.0,48.422461195269875,45.0
5028,5028.0,48.46954956984474,45.0
5029,5029.0,48.382613138052314,45.0
5030,5030.0,48.170547019424255,45.0
5031,5031.0,48.32060115014033,45.0
5032,5032.0,48.92490973176628,45.0
5033,5033.0,48.785582910892394,45.0
5034,5034.0,49.22934010515271,45.0
5035,5035.0,49.449818727721286,45.0
5036,5036.0,48.57876729761723,45.0
5037,5037.0,49.49947653627638,45.0
5038,5038.0,49.759688378001016,45.0
5039,5039.0,49.17335635290218,45.0
5040,5040.0,49.345178608551834,45.0
5041,5041.0,49.45900111918816,45.0
5042,5042.0,49.74689890975974,45.0
5043,5043.0,49.454715580277664,45.0
5044,5044.0,49.98791386085228,45.0
5045,5045.0,50.14765367506781,45.0
5046,5046.0,49.91743688514697,45.0
5047,5047.0,49.81832101627073,45.0
5048,5048.0,49.68227415232337,45.0
5049,5049.0,50.472654032821794,45.0
5050,5050.0,50.2636408587492,45.0
5051,5051.0,50.06314760303199,45.0
5052,5052.0,50.743341488884276,45.0
5053,5053.0,50.74382456285851,45.0
5054,5054.0,50.985860951997786,45.0
5055,5055.0,50.36769776598953,45.0
5056,5056.0,50.56976684715873,45.0
5057,5057.0,50.61585543039955,45.0
5058,5058.0,51.04041588498209,45.0
5059,5059.0,50.55486458004816,45.0
5060,5060.0,50.64964666813441,45.0
5061,5061.0,51.30791188518264,45.0
5062,5062.0,51.036190627070035,45.0
5063,5063.0,51.78197708268743,45.0
5064,5064.0,51.590253257628675,45.0
5065,5065.0,51.79857169028915,45.0
5066,5066.0,51.95656011832164,45.0
5067,5067.0,51.63501921548002,45.0
5068,5068.0,51.91789926862428,45.0
5069,5069.0,51.31938146104555,45.0
5070,5070.0,51.352196819871274,45.0
5071,5071.0,51.689034716826946,45.0
5072,5072.0,52.03525771781023,45.0
5073,5073.0,51.866707925883254,45.0
5074,5074.0,51.82966416665526,45.0
5075,5075.0,52.37032155499026,45.0
5076,5076.0,52.163846532407455,45.0
5077,5077.0,52.42270825270719,45.0
5078,5078.0,52.5275041591015,45.0
5079,5079.0,52.6003393023146,45.0
5080,5080.0,52.66411698573205,45.0
5081,5081.0,52.571242061542335,45.0
5082,5082.0,52.03483935453188,45.0
5083,5083.0,52.672196095390326,45.0
5084,5084.0,52.070796513341,45.0
5085,5085.0,52.19364728365194,45.0
5086,5086.0,52.75358852308733,45.0
5087,5087.0,52.33495292135943,45.0
5088,5088.0,52.67888824973363,45.0
5089,5089.0,52.78269481285359,45.0
5090,5090.0,52.51392334611676,45.0
5091,5091.0,52.77947664308043,45.0
5092,5092.0,52.57862555436326,45.0
5093,5093.0,52.66516437244714,45.0
5094,5094.0,53.21327624095382,45.0
5095,5095.0,52.6108140800997,45.0
5096,5096.0,52.58957727300454,45.0
5097,5097.0,52.89486490411672,45.0
5098,5098.0,53.242006737448236,45.0
5099,5099.0,52.69444619598558,45.0
5100,5100.0,52.79242848771402,45.0
5101,5101.0,52.972360376558605,45.0
5102,5102.0,52.82024347322537,45.0
5103,5103.0,52.81150870699754,45.0
5104,5104.0,53.12565502155832,45.0
5105,5105.0,53.4696151203393,45.0
5106,5106.0,53.67283159865881,45.0
5107,5107.0,53.02724274282323,45.0
5108,5108.0,53.15472476809327,45.0
5109,5109.0,53.455877881765375,45.0
5110,5110.0,53.4878586607601,45.0
5111,5111.0,53.134979409715825,45.0
5112,5112.0,53.643505876936835,45.0
5113,5113.0,53.87767628435507,45.0
5114,5114.0,53.77158665491894,45.0
5115,5115.0,53.584091177760286,45.0
5116,5116.0,53.18384064551076,45.0
5117,5117.0,53.72015660261164,45.0
5118,5118.0,53.88457229366467,45.0
5119,5119.0,53.68765912788098,45.0
5120,5120.0,53.91097491095545,45.0
5121,5121.0,54.09658283988611,45.0
5122,5122.0,54.020903622371236,45.0
5123,5123.0,53.27623295922411,45.0
5124,5124.0,53.46052955177143,45.0
5125,5125.0,54.220601598508345,45.0
5126,5126.0,53.82704138452019,45.0
5127,5127.0,54.06931456557414,45.0
5128,5128.0,53.732857233485,45.0
5129,5129.0,53.71622960333648,45.0
5130,5130.0,53.395448345762944,45.0
5131,5131.0,53.60123666157789,45.0
5132,5132.0,54.23274877905746,45.0
5133,5133.0,54.40601960628643,45.0
5134,5134.0,53.49975020494904,45.0
5135,5135.0,53.634959441135955,45.0
5136,5136.0,54.429708053528365,45.0
5137,5137.0,53.774026005350734,45.0
5138,5138.0,54.11054003183151,45.0
5139,5139.0,54.37207650535524,45.0
5140,5140.0,54.073370740092294,45.0
5141,5141.0,54.43107452457214,45.0
5142,5142.0,54.214165020832624,45.0
5143,5143.0,54.561195224050685,45.0
5144,5144.0,54.08605762818173,45.0
5145,5145.0,53.645068010579735,45.0
5146,5146.0,53.72735911344108,45.0
5147,5147.0,53.86300547665287,45.0
5148,5148.0,54.56155677069551,45.0
5149,5149.0,54.087010674658636,45.0
5150,5150.0,53.908298708443645,45.0
5151,5151.0,53.97666770233555,45.0
5152,5152.0,54.403785836363596,45.0
5153,5153.0,53.82035183383583,45.0
5154,5154.0,54.17892571246811,45.0
5155,5155.0,54.273927688266376,45.0
5156,5156.0,54.374286006651545,45.0
5157,5157.0,54.64114686542754,45.0
5158,5158.0,54.31622121951604,45.0
5159,5159.0,54.38822141570748,45.0
5160,5160.0,54.2706133515721,45.0
5161,5161.0,53.77301983145739,45.0
5162,5162.0,54.669266156592045,45.0
5163,5163.0,54.21986057843729,45.0
5164,5164.0,53.98943067358338,45.0
5165,5165.0,54.06582823516932,45.0
5166,5166.0,54.0867484182279,45.0
5167,5167.0,53.86237172023811,45.0
5168,5168.0,54.37341380186071,45.0
5169,5169.0,54.3849096772361,45.0
5170,5170.0,54.17172412673239,45.0
5171,5171.0,53.95176047740469,45.0
5172,5172.0,53.904703807991744,45.0
5173,5173.0,53.968306082683426,45.0
5174,5174.0,54.52483726502747,45.0
5175,5175.0,54.097476862629286,45.0
5176,5176.0,54.153470069608645,45.0
5177,5177.0,54.113940170899184,45.0
5178,5178.0,54.58342757197435,45.0
5179,5179.0,54.26762257591,45.0
5180,5180.0,54.03434532902013,45.0
5181,5181.0,54.05944859045091,45.0
5182,5182.0,54.34092387154999,45.0
5183,5183.0,54.4444224157154,45.0
5184,5184.0,53.86690937502791,45.0
5185,5185.0,54.615428445188975,45.0
5186,5186.0,54.295904467814175,45.0
5187,5187.0,54.42148159039788,45.0
5188,5188.0,53.85600697048317,0.0
5189,5189.0,52.88250061328334,0.0
5190,5190.0,51.33263449715605,0.0
5191,5191.0,50.28283362176184,0.0
5192,5192.0,49.83623996814942,0.0
5193,5193.0,48.6652572490509,0.0
5194,5194.0,48.095911425205756,0.0
5195,5195.0,47.339927334512865,0.0
5196,5196.0,46.59127440634417,0.0
5197,5197.0,45.6601208976117,0.0
5198,5198.0,45.76860310971175,0.0
5199,5199.0,45.0086279853449,0.0
5200,5200.0,44.606602072066856,0.0
5201,5201.0,44.25158983490368,0.0
5202,5202.0,43.016227736162485,0.0
5203,5203.0,42.56125681857325,0.0
5204,5204.0,42.68794293336194,0.0
5205,5205.0,42.091304064351405,0.0
5206,5206.0,41.21315431418946,0.0
5207,5207.0,41.81499636562554,0.0
5208,5208.0,40.774927123887444,0.0
5209,5209.0,40.78930315067795,0.0
5210,5210.0,40.503300713640236,0.0
5211,5211.0,39.955327304486715,0.0
5212,5212.0,39.43261947719076,0.0
5213,5213.0,39.59008225499551,0.0
5214,5214.0,39.62909008147698,0.0
5215,5215.0,38.64476767890742,0.0
5216,5216.0,38.207156798732555,0.0
5217,5217.0,37.912336208247595,0.0
5218,5218.0,38.20539302338133,0.0
5219,5219.0,37.838466019740395,0.0
5220,5220.0,37.34801812367521,0.0
5221,5221.0,37.74836742221853,0.0
5222,5222.0,37.31141315432848,0.0
5223,5223.0,37.34535363559714,0.0
5224,5224.0,37.025619021458695,0.0
5225,5225.0,36.24802447121381,0.0
5226,5226.0,36.62793211451122,0.0
5227,5227.0,36.16132064464556,0.0
5228,5228.0,36.07511690354259,0.0
5229,5229.0,35.53038484868787,0.0
5230,5230.0,35.191993496152584,0.0
5231,5231.0,35.38161325039389,0.0
5232,5232.0,35.3532414692695,0.0
5233,5233.0,34.68297712441851,0.0
5234,5234.0,34.42688384577225,0.0
5235,5235.0,35.059381001376124,0.0
5236,5236.0,34.318014898441135,0.0
5237,5237.0,34.20131842372662,0.0
5238,5238.0,34.47813411569887,0.0
5239,5239.0,33.95105285693806,0.0
5240,5240.0,34.242752403321035,0.0
5241,5241.0,33.661404299836406,0.0
5242,5242.0,33.27713479014259,0.0
5243,5243.0,33.81552090348473,0.0
5244,5244.0,33.234745118469306,0.0
5245,5245.0,32.98586302802807,0.0
5246,5246.0,32.642884085393575,0.0
5247,5247.0,33.20725820315955,0.0
5248,5248.0,32.59358712989117,0.0
5249,5249.0,32.29995071822834,0.0
5250,5250.0,32.752837424574494,0.0
5251,5251.0,32.713034372782644,0.0
5252,5252.0,32.352576258798386,0.0
5253,5253.0,32.58734615547404,0.0
5254,5254.0,31.988511986749725,0.0
5255,5255.0,32.18364552264723,0.0
5256,5256.0,31.35486262418465,0.0
5257,5257.0,31.554058786999157,0.0
5258,5258.0,31.592744895484042,0.0
5259,5259.0,31.31968476541633,0.0
5260,5260.0,31.197772685856034,0.0
5261,5261.0,30.97591442990672,0.0
5262,5262.0,31.55266424737637,0.0
5263,5263.0,30.590659094924646,0.0
5264,5264.0,31.18549655092586,0.0
5265,5265.0,31.345035340302722,0.0
5266,5266.0,30.298382457018636,0.0
5267,5267.0,30.330980724715037,0.0
5268,5268.0,30.91065966214996,0.0
5269,5269.0,30.492279746923256,0.0
5270,5270.0,30.823787112227386,0.0
5271,5271.0,30.63341852217221,0.0
5272,5272.0,29.882031836967034,0.0
5273,5273.0,30.32345011435956,0.0
5274,5274.0,30.348539594469514,0.0
5275,5275.0,29.535822937577922,0.0
5276,5276.0,29.656040036009735,0.0
5277,5277.0,29.5810819472643,0.0
5278,5278.0,29.668702218575547,0.0
5279,5279.0,29.370883491438402,0.0
5280,5280.0,29.3736172261885,0.0
5281,5281.0,29.91888015960913,0.0
5282,5282.0,29.648892412481953,0.0
5283,5283.0,29.24421079920795,0.0
5284,5284.0,28.738800876520738,0.0
5285,5285.0,29.085973854725715,0.0
5286,5286.0,28.741599184533598,0.0
5287,5287.0,28.61385962800222,0.0
5288,5288.0,29.10352545504128,0.0
5289,5289.0,28.60982010101356,0.0
5290,5290.0,28.314094104642074,0.0
5291,5291.0,28.181630653371265,0.0
5292,5292.0,29.076335837890685,0.0
5293,5293.0,28.09193777062756,0.0
5294,5294.0,28.951996525620874,0.0
5295,5295.0,28.543199330331607,0.0
5296,5296.0,28.200873011466687,0.0
5297,5297.0,28.27660910911046,0.0
5298,5298.0,27.824537860768867,0.0
5299,5299.0,27.975881468951258,0.0
5300,5300.0,28.43558754598189,0.0
5301,5301.0,27.933248189645287,0.0
5302,5302.0,27.727043832812537,0.0
5303,5303.0,27.936092333525636,0.0
5304,5304.0,27.82495205161004,0.0
5305,5305.0,27.72754507132203,0.0
5306,5306.0,27.56951144207712,0.0
5307,5307.0,27.710775968647855,0.0
5308,5308.0,27.809792042561835,0.0
5309,5309.0,27.235916876284318,0.0
5310,5310.0,27.049682599282537,0.0
5311,5311.0,27.091521201682063,0.0
5312,5312.0,27.53386517947861,0.0
5313,5313.0,27.665181325531073,0.0
5314,5314.0,27.102814076093093,0.0
5315,5315.0,26.933529265323127,0.0
5316,5316.0,27.10916811022758,0.0
5317,5317.0,26.958666836417073,0.0
5318,5318.0,26.531011097982944,0.0
5319,5319.0,27.193747452727877,0.0
5320,5320.0,26.99370160437419,0.0
5321,5321.0,26.613953705948752,0.0
5322,5322.0,26.3692660901206,0.0
5323,5323.0,27.12005526437239,0.0
5324,5324.0,27.141133959884872,0.0
5325,5325.0,26.925180504701064,0.0
5326,5326.0,26.88732267864748,0.0
5327,5327.0,26.677459720233056,0.0
5328,5328.0,26.14118229670228,0.0
5329,5329.0,26.833130071866414,0.0
5330,5330.0,26.731752237464775,0.0
5331,5331.0,26.03023223462095,0.0
5332,5332.0,26.493743988244972,0.0
5333,5333.0,26.02707802936819,0.0
5334,5334.0,26.51448002077583,0.0
5335,5335.0,26.53536424975683,0.0
5336,5336.0,26.197339413812625,0.0
5337,5337.0,25.579849643219305,0.0
5338,5338.0,25.99050098278739,0.0
5339,5339.0,26.350150170672688,0.0
5340,5340.0,25.49664891366813,0.0
5341,5341.0,26.022096044880776,0.0
5342,5342.0,25.594088991678422,0.0
5343,5343.0,25.40595776557641,0.0
5344,5344.0,25.220561652660244,0.0
5345,5345.0,25.76905164837796,0.0
5346,5346.0,25.277931489673854,0.0
5347,5347.0,25.897976077458896,0.0
5348,5348.0,25.553464214587553,0.0
5349,5349.0,25.195124051844733,0.0
5350,5350.0,25.133615597557935,0.0
5351,5351.0,25.535062720843,0.0
5352,5352.0,25.82436732803648,0.0
5353,5353.0,24.87075958165975,0.0
5354,5354.0,24.91696896648632,0.0
5355,5355.0,25.61943802131695,0.0
5356,5356.0,25.193114256530926,0.0
5357,5357.0,24.833627676056928,0.0
5358,5358.0,25.049708963659366,0.0
5359,5359.0,25.30193885740329,0.0
5360,5360.0,25.32116724602212,0.0
5361,5361.0,25.289091372109574,0.0
5362,5362.0,24.820913594316007,0.0
5363,5363.0,25.351790780883302,0.0
5364,5364.0,24.998924366734673,0.0
5365,5365.0,25.189585930255475,0.0
5366,5366.0,24.35567878080637,0.0
5367,5367.0,24.884790266686824,0.0
5368,5368.0,25.07019192784371,0.0
5369,5369.0,25.19093930519451,0.0
5370,5370.0,24.54182943424326,0.0
5371,5371.0,24.34100713550963,0.0
5372,5372.0,24.889490558375133,0.0
5373,5373.0,24.690233496017115,0.0
5374,5374.0,24.75136669243531,0.0
5375,5375.0,24.196884806259753,0.0
5376,5376.0,24.677808902420253,0.0
5377,5377.0,24.83159819400093,0.0
5378,5378.0,24.551982736145273,0.0
5379,5379.0,24.41363726686276,0.0
5380,5380.0,23.981702757378564,0.0
5381,5381.0,24.11134154980138,0.0
5382,5382.0,23.933186240960854,0.0
5383,5383.0,24.154431090229355,0.0
5384,5384.0,24.15720586673202,0.0
5385,5385.0,24.626237414494796,0.0
5386,5386.0,23.81492008763845,0.0
5387,5387.0,23.687690461216107,0.0
5388,5388.0,24.421186253256266,0.0
5389,5389.0,23.86373455723563,0.0
5390,5390.0,24.268145489980366,0.0
5391,5391.0,23.530942101616276,0.0
5392,5392.0,24.150682007086466,0.0
5393,5393.0,23.845531060226467,0.0
5394,5394.0,23.499678596208515,0.0
5395,5395.0,23.465866626901622,0.0
5396,5396.0,23.9453043629824,0.0
5397,5397.0,23.562571120093963,0.0
5398,5398.0,23.765222549705193,0.0
5399,5399.0,23.400889106651174,0.0
5400,5400.0,23.69136619614422,0.0
5401,5401.0,23.876286171831573,0.0
5402,5402.0,23.80037678319717,0.0
5403,5403.0,24.03775457438417,0.0
5404,5404.0,23.47042189643099,0.0
5405,5405.0,23.308473431561072,0.0
5406,5406.0,23.513984112374697,0.0
5407,5407.0,23.60814430130931,0.0
5408,5408.0,23.166453512622834,0.0
5409,5409.0,23.761800958100036,0.0
5410,5410.0,23.079731403234376,0.0
5411,5411.0,23.08111981384764,0.0
5412,5412.0,23.90194460867348,0.0
5413,5413.0,23.171521285357628,0.0
5414,5414.0,23.834219584789313,0.0
5415,5415.0,23.258065839151715,0.0
5416,5416.0,22.926045452824887,0.0
5417,5417.0,23.40099915603112,0.0
5418,5418.0,23.053735756917618,0.0
5419,5419.0,22.84022943094393,0.0
5420,5420.0,23.624358563298436,0.0
5421,5421.0,23.728532856338735,0.0
5422,5422.0,23.508094759443015,0.0
5423,5423.0,23.390637882177643,0.0
5424,5424.0,22.763443844329565,0.0
5425,5425.0,23.476511192788994,0.0
5426,5426.0,23.256652503340895,0.0
5427,5427.0,22.996292940914437,0.0
5428,5428.0,23.22866584130273,0.0
5429,5429.0,23.55117016339783,0.0
5430,5430.0,22.789527829053426,0.0
5431,5431.0,23.513051291084746,0.0
5432,5432.0,23.455565133713215,0.0
5433,5433.0,22.610620875449438,0.0
5434,5434.0,22.78101203980275,0.0
5435,5435.0,23.118523906789694,0.0
5436,5436.0,23.273160562214773,0.0
5437,5437.0,22.989589480441804,0.0
5438,5438.0,22.835871529987088,0.0
5439,5439.0,23.072333195447424,0.0
5440,5440.0,23.0791203866083,0.0
5441,5441.0,22.34917025691506,0.0
5442,5442.0,22.61709506892721,0.0
5443,5443.0,22.559299037786385,0.0
5444,5444.0,22.852895650346127,0.0
5445,5445.0,22.812943145510197,0.0
5446,5446.0,22.81321806773044,0.0
5447,5447.0,22.342828196415855,0.0
5448,5448.0,22.55539727458343,0.0
5449,5449.0,22.777150912576573,0.0
5450,5450.0,22.741919716022554,0.0
5451,5451.0,22.593335789753606,0.0
5452,5452.0,23.05504380780332,0.0
5453,5453.0,22.770922968247973,0.0
5454,5454.0,22.925913728578045,0.0
5455,5455.0,22.20615690685495,0.0
5456,5456.0,22.71569009010694,0.0
5457,5457.0,22.548758139867424,0.0
5458,5458.0,22.943347562806284,0.0
5459,5459.0,22.488561648023026,0.0
5460,5460.0,22.59582291260875,0.0
5461,5461.0,22.470542374923536,0.0
5462,5462.0,22.610254165764953,0.0
5463,5463.0,22.213955901451186,0.0
5464,5464.0,22.001504766283077,0.0
5465,5465.0,22.859334495226435,0.0
5466,5466.0,22.66849219944027,0.0
5467,5467.0,22.53723803282954,0.0
5468,5468.0,22.187434495354164,0.0
5469,5469.0,21.841943170447806,0.0
5470,5470.0,22.61115985194218,0.0
5471,5471.0,22.148608197463993,0.0
5472,5472.0,22.28270549041924,0.0
5473,5473.0,22.476673288786262,0.0
5474,5474.0,21.833595899215204,0.0
5475,5475.0,21.93793975136656,0.0
5476,5476.0,22.23536696340211,0.0
5477,5477.0,22.213866406011615,0.0
5478,5478.0,22.30940245343236,0.0
5479,5479.0,22.461259079074377,0.0
5480,5480.0,21.784477060451906,0.0
5481,5481.0,21.974841466735665,0.0
5482,5482.0,22.22671418563685,0.0
5483,5483.0,21.69317769139969,0.0
5484,5484.0,22.59396322366071,0.0
5485,5485.0,21.72121673574446,0.0
5486,5486.0,22.545472376817933,0.0
5487,5487.0,21.886522240802048,0.0
5488,5488.0,22.446019145289696,0.0
5489,5489.0,21.87794434176034,0.0
5490,5490.0,22.325212864965128,0.0
5491,5491.0,22.50871230548271,0.0
5492,5492.0,21.763976075027205,0.0
5493,5493.0,22.350038993856472,0.0
5494,5494.0,22.461206929838223,0.0
5495,5495.0,22.000756799990167,0.0
5496,5496.0,22.430784815184023,0.0
5497,5497.0,21.797869047868232,0.0
5498,5498.0,22.2143138870562,0.0
5499,5499.0,22.29180592708036,0.0
5500,5500.0,21.527723945481657,0.0
5501,5501.0,21.998874784028885,0.0
5502,5502.0,22.054109137128158,0.0
5503,5503.0,21.484106959575673,0.0
5504,5504.0,21.950937801488433,0.0
5505,5505.0,22.276618030020057,0.0
5506,5506.0,21.399675478356368,0.0
5507,5507.0,21.713019243062313,0.0
5508,5508.0,22.112082033688942,0.0
5509,5509.0,22.016443215473736,0.0
5510,5510.0,21.87479190845721,0.0
5511,5511.0,22.176033580858203,0.0
5512,5512.0,21.44419833313779,0.0
5513,5513.0,21.735328933760226,0.0
5514,5514.0,22.084399231587916,0.0
5515,5515.0,21.71377664238318,0.0
5516,5516.0,22.19388641810572,0.0
5517,5517.0,21.905933504270685,0.0
5518,5518.0,22.118693999611448,0.0
5519,5519.0,21.914423063008734,0.0
5520,5520.0,21.508919332034175,0.0
5521,5521.0,21.264330687445096,0.0
5522,5522.0,21.855308782141925,0.0
5523,5523.0,21.262466410445004,0.0
5524,5524.0,21.823313012925368,0.0
5525,5525.0,21.530921775767755,0.0
5526,5526.0,21.431172803255798,0.0
5527,5527.0,21.953567990077463,0.0
5528,5528.0,21.410590064341672,0.0
5529,5529.0,21.24194496781641,0.0
5530,5530.0,21.893175752440595,0.0
5531,5531.0,21.52160396395007,0.0
5532,5532.0,21.436752113551115,0.0
5533,5533.0,21.203151049411087,0.0
5534,5534.0,21.65899013274836,0.0
5535,5535.0,21.617794897933685,0.0
5536,5536.0,21.743592287617812,0.0
5537,5537.0,21.508294227757144,0.0
5538,5538.0,21.82245406162021,0.0
5539,5539.0,21.173072376203756,0.0
5540,5540.0,21.26057593095406,0.0
5541,5541.0,21.55929122783893,0.0
5542,5542.0,21.662723261013177,0.0
5543,5543.0,21.191078601804772,0.0
5544,5544.0,22.019172981953137,0.0
5545,5545.0,21.899843438039692,0.0
5546,5546.0,21.84006592253214,0.0
5547,5547.0,21.74139815375619,0.0
5548,5548.0,21.34237598456584,0.0
5549,5549.0,21.298953347655967,0.0
5550,5550.0,21.85567069178551,0.0
5551,5551.0,21.89092510817874,0.0
5552,5552.0,21.860383991093585,0.0
5553,5553.0,21.83180462478378,0.0
5554,5554.0,21.23362455683568,0.0
5555,5555.0,21.87316402684337,0.0
5556,5556.0,21.902254008710802,0.0
5557,5557.0,21.621301202023137,0.0
5558,5558.0,21.82949543826784,0.0
5559,5559.0,21.23089900126005,0.0
5560,5560.0,21.240920684809936,0.0
5561,5561.0,21.618620839158098,0.0
5562,5562.0,21.463122110352828,0.0
5563,5563.0,21.809135490181568,0.0
5564,5564.0,21.120828370307347,0.0
5565,5565.0,21.35473654334973,0.0
5566,5566.0,21.90705103838587,0.0
5567,5567.0,21.466907430258892,0.0
5568,5568.0,21.221768751883637,0.0
5569,5569.0,21.29398620537284,0.0
5570,5570.0,21.13710651884434,0.0
5571,5571.0,21.40158174588016,0.0
5572,5572.0,21.555444074661683,0.0
5573,5573.0,21.179405163570575,0.0
5574,5574.0,21.699180010171197,0.0
5575,5575.0,21.984461097714277,0.0
5576,5576.0,21.125118654070263,0.0
5577,5577.0,21.91523637775913,0.0
5578,5578.0,21.383185953931886,0.0
5579,5579.0,21.259218803058804,0.0
5580,5580.0,21.40182298773152,0.0
5581,5581.0,21.06852784648968,0.0
5582,5582.0,21.312358266486903,0.0
5583,5583.0,21.608355084994848,0.0
5584,5584.0,21.695024798671867,0.0
5585,5585.0,21.851413117400416,0.0
5586,5586.0,21.873407458913164,0.0
5587,5587.0,21.539202775846693,0.0
5588,5588.0,21.56721887461437,0.0
5589,5589.0,21.686728747679535,50.0
5590,5590.0,24.89029816326563,50.0
5591,5591.0,27.045033849410043,50.0
5592,5592.0,28.402229991474787,50.0
5593,5593.0,29.898597357919297,50.0
5594,5594.0,31.6136330992018,50.0
5595,5595.0,32.07691030530102,50.0
5596,5596.0,33.20884160164436,50.0
5597,5597.0,34.42021442822483,50.0
5598,5598.0,34.7898121513993,50.0
5599,5599.0,35.85073253257375,50.0
5600,5600.0,36.991940322875756,50.0
5601,5601.0,37.238727779707745,50.0
5602,5602.0,38.51851864981558,50.0
5603,5603.0,38.676945276224686,50.0
5604,5604.0,38.89834236103824,50.0
5605,5605.0,39.76768758924415,50.0
5606,5606.0,40.336352215174855,50.0
5607,5607.0,41.07433046206198,50.0
5608,5608.0,40.778566039956765,50.0
5609,5609.0,41.12884646321037,50.0
5610,5610.0,42.32070901608731,50.0
5611,5611.0,42.081361644531185,50.0
5612,5612.0,43.02442511650177,50.0
5613,5613.0,42.929061540276194,50.0
5614,5614.0,42.81891981782545,50.0
5615,5615.0,43.49109020282839,50.0
5616,5616.0,43.49196527655555,50.0
5617,5617.0,44.27373607687943,50.0
5618,5618.0,44.468369090901305,50.0
5619,5619.0,44.40544520958911,50.0
5620,5620.0,45.47867078676337,50.0
5621,5621.0,45.711282334758295,50.0
5622,5622.0,45.16099749652819,50.0
5623,5623.0,45.644546190860865,50.0
5624,5624.0,45.92546917447977,50.0
5625,5625.0,46.470521578551335,50.0
5626,5626.0,46.4333565346536,50.0
5627,5627.0,46.60599112480693,50.0
5628,5628.0,46.95306162147731,50.0
5629,5629.0,47.23262051137533,50.0
5630,5630.0,47.05711301940438,50.0
5631,5631.0,47.1484229593187,50.0
5632,5632.0,47.42986914564716,50.0
5633,5633.0,47.59313559850587,50.0
5634,5634.0,47.9333209258463,50.0
5635,5635.0,48.65508273474664,50.0
5636,5636.0,48.91322691077379,50.0
5637,5637.0,48.1778777907279,50.0
5638,5638.0,48.995250054238625,50.0
5639,5639.0,48.58545680239275,50.0
5640,5640.0,49.056671968751424,50.0
5641,5641.0,49.07876295762635,50.0
5642,5642.0,49.00407286769196,50.0
5643,5643.0,49.147146672878954,50.0
5644,5644.0,49.835875819659385,50.0
5645,5645.0,49.48600811041305,50.0
5646,5646.0,49.972587716048984,50.0
5647,5647.0,50.45992941573439,50.0
5648,5648.0,50.56621816967453,50.0
5649,5649.0,50.074429716975736,50.0
5650,5650.0,50.628216131075106,50.0
5651,5651.0,50.939231826596846,50.0
5652,5652.0,51.23013416698367,50.0
5653,5653.0,50.72968568687303,50.0
5654,5654.0,51.51929163269094,50.0
5655,5655.0,51.5944497793199,50.0
5656,5656.0,51.140403731055834,50.0
5657,5657.0,51.50533017010001,50.0
5658,5658.0,51.406447007667985,50.0
5659,5659.0,52.05314234959269,50.0
5660,5660.0,51.529759226572025,50.0
5661,5661.0,52.09661657958311,50.0
5662,5662.0,52.313511381974955,50.0
5663,5663.0,51.91136972356441,50.0
5664,5664.0,52.20959220486662,50.0
5665,5665.0,52.63420768413238,50.0
5666,5666.0,52.11905579856821,50.0
5667,5667.0,52.51301962572661,50.0
5668,5668.0,52.93473336037784,50.0
5669,5669.0,52.500435896155544,50.0
5670,5670.0,52.2440259002287,50.0
5671,5671.0,53.18836574972136,50.0
5672,5672.0,53.110302120642736,50.0
5673,5673.0,53.1849595115968,50.0
5674,5674.0,52.92612519695274,50.0
5675,5675.0,53.13782352120445,50.0
5676,5676.0,53.34570751254254,50.0
5677,5677.0,53.42065745296305,50.0
5678,5678.0,53.26142758560884,50.0
5679,5679.0,53.53588005849997,50.0
5680,5680.0,53.58016988482731,50.0
5681,5681.0,53.23425941648001,50.0
5682,5682.0,53.850339400833334,50.0
5683,5683.0,53.38248344065797,50.0
5684,5684.0,54.179696558250576,50.0
5685,5685.0,54.015113557810565,50.0
5686,5686.0,53.62278279062989,50.0
5687,5687.0,54.18222446381366,50.0
5688,5688.0,54.01686142073143,50.0
5689,5689.0,54.5358125401768,50.0
5690,5690.0,54.18678225433289,50.0
5691,5691.0,53.821654443917986,50.0
5692,5692.0,54.087422048258176,50.0
5693,5693.0,54.209607705121265,50.0
5694,5694.0,54.78106566491076,50.0
5695,5695.0,54.360990473784526,50.0
5696,5696.0,54.40521610215733,50.0
5697,5697.0,54.42907677444931,50.0
5698,5698.0,54.69670299353519,50.0
5699,5699.0,54.486282081449716,50.0
5700,5700.0,54.95089810943034,50.0
5701,5701.0,55.14694789136576,50.0
5702,5702.0,54.36394167244656,50.0
5703,5703.0,54.931173439891175,50.0
5704,5704.0,54.5976354522167,50.0
5705,5705.0,55.0503031975352,50.0
5706,5706.0,54.84655207935579,50.0
5707,5707.0,54.996546209850464,50.0
5708,5708.0,55.181445658693775,50.0
5709,5709.0,55.501468299261056,50.0
5710,5710.0,55.434571965048626,50.0
5711,5711.0,54.79082494020447,50.0
5712,5712.0,55.07339345277146,50.0
5713,5713.0,55.80652786621728,50.0
5714,5714.0,55.58286840604154,50.0
5715,5715.0,55.15821165380188,50.0
5716,5716.0,55.12342433015355,50.0
5717,5717.0,55.453532883209,50.0
5718,5718.0,55.884995390064034,50.0
5719,5719.0,55.48875859258278,50.0
5720,5720.0,55.49990490690416,50.0
5721,5721.0,55.905762911005866,50.0
5722,5722.0,55.98044018254025,50.0
5723,5723.0,55.575025364270005,50.0
5724,5724.0,55.86794924771423,50.0
5725,5725.0,55.82936325778872,50.0
5726,5726.0,55.766415258386814,50.0
5727,5727.0,55.823712765294694,50.0
5728,5728.0,56.14044067841106,50.0
5729,5729.0,55.89466479977134,50.0
5730,5730.0,55.63333059012055,50.0
5731,5731.0,56.33880956548766,50.0
5732,5732.0,55.54509702410103,50.0
5733,5733.0,55.70889093714814,50.0
5734,5734.0,55.70533677137439,50.0
5735,5735.0,55.693864943234686,50.0
5736,5736.0,56.18856445279416,50.0
5737,5737.0,55.89742438603183,50.0
5738,5738.0,55.69180188556346,50.0
5739,5739.0,56.00860977344987,50.0
5740,5740.0,56.56844726271405,50.0
5741,5741.0,56.534612035055304,50.0
5742,5742.0,55.95123351837796,50.0
5743,5743.0,56.670181508707834,50.0
5744,5744.0,56.81159866249195,50.0
5745,5745.0,56.685904381314415,50.0
5746,5746.0,56.721931482863404,50.0
5747,5747.0,56.29939786079767,50.0
5748,5748.0,56.556158306570254,50.0
5749,5749.0,56.408143845452535,50.0
5750,5750.0,56.9307549968093,50.0
5751,5751.0,56.075354835602596,50.0
5752,5752.0,56.689692510747385,50.0
5753,5753.0,56.96885132449195,50.0
5754,5754.0,56.395683019684526,50.0
5755,5755.0,56.577701807635556,50.0
5756,5756.0,56.550254255833075,50.0
5757,5757.0,56.254926349201504,50.0
5758,5758.0,56.69943972240937,50.0
5759,5759.0,57.086065674683475,50.0
5760,5760.0,56.94253204504955,50.0
5761,5761.0,57.048640522769276,50.0
5762,5762.0,56.808242709440954,50.0
5763,5763.0,56.695242907663186,50.0
5764,5764.0,56.61517414099438,50.0
5765,5765.0,56.780018703776136,50.0
5766,5766.0,56.933041679283164,50.0
5767,5767.0,56.34234864191087,50.0
5768,5768.0,56.6234987955937,50.0
5769,5769.0,56.42860361570502,50.0
5770,5770.0,56.912804397917654,50.0
5771,5771.0,56.45959085456171,50.0
5772,5772.0,57.1853256048162,50.0
5773,5773.0,57.21462339247767,50.0
5774,5774.0,56.74284224698012,50.0
5775,5775.0,56.56899913135292,50.0
5776,5776.0,56.61308685349812,50.0
5777,5777.0,57.08440607934876,50.0
5778,5778.0,56.651379039718,50.0
5779,5779.0,56.66127748773629,50.0
5780,5780.0,56.34079126412208,50.0
5781,5781.0,56.86521380203742,50.0
5782,5782.0,56.46935842149081,50.0
5783,5783.0,56.970250184471084,50.0
5784,5784.0,56.570021010108704,50.0
5785,5785.0,56.92992838608138,50.0
5786,5786.0,57.06555815259159,50.0
5787,5787.0,56.505398104722595,50.0
5788,5788.0,56.99188010643155,50.0
5789,5789.0,56.36816990609234,50.0
5790,5790.0,56.41453472621693,50.0
5791,5791.0,56.69094340283786,50.0
5792,5792.0,56.5698273615768,50.0
5793,5793.0,56.398673141108816,50.0
5794,5794.0,56.81433724055652,50.0
5795,5795.0,56.51802817107861,50.0
5796,5796.0,57.16567008947667,50.0
5797,5797.0,56.869617232640756,50.0
5798,5798.0,57.04106720142737,50.0
5799,5799.0,57.034025997652265,50.0
5800,5800.0,56.31968405386543,50.0
5801,5801.0,56.473926217841885,50.0
5802,5802.0,57.280191229754,50.0
5803,5803.0,56.703354430644694,50.0
5804,5804.0,56.35386756201472,50.0
5805,5805.0,56.97114151277167,50.0
5806,5806.0,57.27302435169317,50.0
5807,5807.0,56.66382824260109,50.0
5808,5808.0,57.01068954397833,50.0
5809,5809.0,56.781189987657925,0.0
5810,5810.0,55.547461391321455,0.0
5811,5811.0,54.03837135379789,0.0
5812,5812.0,52.305809581456046,0.0
5813,5813.0,51.51172021472081,0.0
5814,5814.0,50.50264749648898,0.0
5815,5815.0,49.54896458696159,0.0
5816,5816.0,49.225943995992694,0.0
5817,5817.0,48.48913796133261,0.0
5818,5818.0,47.22643149949012,0.0
5819,5819.0,46.53564295519942,0.0
5820,5820.0,46.52110183483764,0.0
5821,5821.0,46.248674957745735,0.0
5822,5822.0,45.219583666714115,0.0
5823,5823.0,45.145118704618625,0.0
5824,5824.0,43.8526127920607,0.0
5825,5825.0,44.146264352188,0.0
5826,5826.0,43.799419498582935,0.0
5827,5827.0,42.90835856712186,0.0
5828,5828.0,42.956289847851274,0.0
5829,5829.0,41.81724119838833,0.0
5830,5830.0,41.82963279494414,0.0
5831,5831.0,41.75768219345,0.0
5832,5832.0,40.71207825071435,0.0
5833,5833.0,40.534955470385704,0.0
5834,5834.0,41.01715948601479,0.0
5835,5835.0,39.98403164205362,0.0
5836,5836.0,40.46346670869566,0.0
5837,5837.0,39.21857147253044,0.0
5838,5838.0,39.481124992266544,0.0
5839,5839.0,38.826095980393305,0.0
5840,5840.0,38.874633349639154,0.0
5841,5841.0,39.08802006094421,0.0
5842,5842.0,38.67839653505509,0.0
5843,5843.0,38.06679377799644,0.0
5844,5844.0,38.02030830536917,0.0
5845,5845.0,37.54593338169279,0.0
5846,5846.0,37.49285000309269,0.0
5847,5847.0,37.19308212872846,0.0
5848,5848.0,36.946911333987735,0.0
5849,5849.0,37.233020552479054,0.0
5850,5850.0,36.192785585721154,0.0
5851,5851.0,36.14454275842962,0.0
5852,5852.0,36.45626895126898,0.0
5853,5853.0,35.87325197612106,0.0
5854,5854.0,36.0515729294641,0.0
5855,5855.0,36.01995376388534,0.0
5856,5856.0,35.229420301207874,0.0
5857,5857.0,35.100317937297156,0.0
5858,5858.0,34.818060383388776,0.0
5859,5859.0,34.7861172392568,0.0
5860,5860.0,34.65864997086857,0.0
5861,5861.0,35.08910493634561,0.0
5862,5862.0,34.61585573436352,0.0
5863,5863.0,33.90589673406898,0.0
5864,5864.0,33.8706645361855,0.0
5865,5865.0,34.03679407371593,0.0
5866,5866.0,33.47151098327302,0.0
5867,5867.0,34.06624115308798,0.0
5868,5868.0,33.14926765898719,0.0
5869,5869.0,33.5885148580685,0.0
5870,5870.0,33.353836973437694,0.0
5871,5871.0,33.24586009998432,0.0
5872,5872.0,33.189933536804425,0.0
5873,5873.0,32.59600478414517,0.0
5874,5874.0,32.950766626111104,0.0
5875,5875.0,32.81080110576083,0.0
5876,5876.0,32.74485568589813,0.0
5877,5877.0,32.32607544364953,0.0
5878,5878.0,32.281022347803514,0.0
5879,5879.0,32.32776814498177,0.0
5880,5880.0,32.21363206034773,0.0
5881,5881.0,31.62574221275901,0.0
5882,5882.0,31.68745224455874,0.0
5883,5883.0,32.14860410146279,0.0
5884,5884.0,31.43029386008292,0.0
5885,5885.0,31.5316209279613,0.0
5886,5886.0,31.743597398181976,0.0
5887,5887.0,30.979110024829016,0.0
5888,5888.0,31.09385639142546,0.0
5889,5889.0,30.70670233023168,0.0
5890,5890.0,30.93575141785317,0.0
5891,5891.0,31.06659187445701,0.0
5892,5892.0,30.797150788907075,0.0
5893,5893.0,31.016111241236825,0.0
5894,5894.0,30.84216723093175,0.0
5895,5895.0,30.866985994542894,0.0
5896,5896.0,30.598277786201272,0.0
5897,5897.0,30.051729146813102,0.0
5898,5898.0,30.226297807833276,0.0
5899,5899.0,29.682449477941855,0.0
5900,5900.0,29.75993606968408,0.0
5901,5901.0,29.622272612847297,0.0
5902,5902.0,29.616063993721344,0.0
5903,5903.0,29.564141516018918,0.0
5904,5904.0,29.356142613344314,0.0
5905,5905.0,29.767941916768642,0.0
5906,5906.0,29.63616996871328,0.0
5907,5907.0,29.42716743110336,0.0
5908,5908.0,29.824807276464856,0.0
5909,5909.0,29.15751637124703,0.0
5910,5910.0,29.355193239066203,0.0
5911,5911.0,29.618779269088826,0.0
5912,5912.0,28.943093333899764,0.0
5913,5913.0,29.01232246409904,0.0
5914,5914.0,29.406658445081867,0.0
5915,5915.0,28.831515543525672,0.0
5916,5916.0,29.1519325238083,0.0
5917,5917.0,29.116637281479225,0.0
5918,5918.0,29.081529056550963,0.0
5919,5919.0,29.074197525168895,0.0
5920,5920.0,28.756520563014295,0.0
5921,5921.0,27.995427530751076,0.0
5922,5922.0,28.227331279184657,0.0
5923,5923.0,28.668407229024194,0.0
5924,5924.0,27.847024277768103,0.0
5925,5925.0,27.70877063700977,0.0
5926,5926.0,28.338004529431956,0.0
5927,5927.0,28.089878248149432,0.0
5928,5928.0,28.447116160832664,0.0
5929,5929.0,27.561428834994242,0.0
5930,5930.0,27.38485241790765,0.0
5931,5931.0,27.71182907905116,0.0
5932,5932.0,27.735932517733016,0.0
5933,5933.0,27.613652710552053,0.0
5934,5934.0,27.461865541039373,0.0
5935,5935.0,27.648366218716255,0.0
5936,5936.0,27.685918544463984,0.0
5937,5937.0,27.82641498732875,0.0
5938,5938.0,27.208985169117398,0.0
5939,5939.0,27.56099368495286,0.0
5940,5940.0,27.013072568653683,0.0
5941,5941.0,26.73813298198511,0.0
5942,5942.0,26.70382085982686,0.0
5943,5943.0,27.097189613282357,0.0
5944,5944.0,26.59113854026787,0.0
5945,5945.0,27.297051256616033,0.0
5946,5946.0,26.65392800050735,0.0
5947,5947.0,27.055030834942244,0.0
5948,5948.0,26.492790581449626,0.0
5949,5949.0,26.777796076471862,0.0
5950,5950.0,26.675609070846516,0.0
5951,5951.0,26.801095136861754,0.0
5952,5952.0,26.18607596966509,0.0
5953,5953.0,26.45209775137167,0.0
5954,5954.0,26.257917189655068,0.0
5955,5955.0,26.779441975388202,0.0
5956,5956.0,26.062687393297416,0.0
5957,5957.0,26.438790707759146,0.0
5958,5958.0,26.31304508056399,0.0
5959,5959.0,26.60482322600809,0.0
5960,5960.0,25.751697743720076,0.0
5961,5961.0,26.02503198268628,0.0
5962,5962.0,25.640728710709112,0.0
5963,5963.0,26.340128902004505,0.0
5964,5964.0,26.1877475064387,0.0
5965,5965.0,26.30736706382624,0.0
5966,5966.0,26.386110787835708,0.0
5967,5967.0,25.842614141290277,0.0
5968,5968.0,25.342983647813465,0.0
5969,5969.0,25.596601283148587,0.0
5970,5970.0,26.073974480896958,0.0
5971,5971.0,25.503080392188842,0.0
5972,5972.0,25.954281000662856,0.0
5973,5973.0,25.708602339421574,0.0
5974,5974.0,25.73574866758082,0.0
5975,5975.0,25.38255766831733,0.0
5976,5976.0,25.914066222335,0.0
5977,5977.0,25.272844587561263,0.0
5978,5978.0,25.737640298153227,0.0
5979,5979.0,25.559835647981426,0.0
5980,5980.0,25.574972770410678,0.0
5981,5981.0,24.920986203297854,0.0
5982,5982.0,24.770573705753556,0.0
5983,5983.0,24.772544796191074,0.0
5984,5984.0,24.683848476277134,0.0
5985,5985.0,25.01298832618396,0.0
5986,5986.0,25.348782727567986,0.0
5987,5987.0,25.46485875446501,0.0
5988,5988.0,25.37835507438622,0.0
5989,5989.0,25.08203191555816,0.0
5990,5990.0,24.737151810937295,0.0
5991,5991.0,24.773803113500463,0.0
5992,5992.0,25.015485475502718,0.0
5993,5993.0,24.845061339043994,0.0
5994,5994.0,24.547181518855112,0.0
5995,5995.0,25.124068294911694,0.0
5996,5996.0,25.02885254560089,0.0
5997,5997.0,24.531286648385812,0.0
5998,5998.0,24.175860862649508,0.0
5999,5999.0,24.231192281519373,0.0
6000,6000.0,24.378955674215963,0.0
6001,6001.0,24.74997697244042,0.0
6002,6002.0,24.774632989067438,0.0
6003,6003.0,24.26882224946721,0.0
6004,6004.0,24.835015403151765,0.0
6005,6005.0,24.63993667629883,0.0
6006,6006.0,24.05172622142812,0.0
6007,6007.0,24.546699869893622,0.0
6008,6008.0,23.951872403967688,0.0
6009,6009.0,23.852560488749955,0.0
6010,6010.0,23.917712283451056,0.0
6011,6011.0,23.962832378950242,0.0
6012,6012.0,24.01779494282528,0.0
6013,6013.0,24.412189020560042,0.0
6014,6014.0,24.125349367780963,0.0
6015,6015.0,24.28461253662245,0.0
6016,6016.0,23.909423837831532,0.0
6017,6017.0,24.392629143056368,0.0
6018,6018.0,23.99095360140957,0.0
6019,6019.0,23.61972240764787,0.0
6020,6020.0,24.11189091763498,0.0
6021,6021.0,24.126938291143905,0.0
6022,6022.0,23.64828520724163,0.0
6023,6023.0,23.960416953783373,0.0
6024,6024.0,23.68795359093727,0.0
6025,6025.0,23.95368373885668,0.0
6026,6026.0,23.569946237934865,0.0
6027,6027.0,24.05779589507436,0.0
6028,6028.0,23.79206612788451,0.0
6029,6029.0,24.170084887854205,0.0
6030,6030.0,24.124138214276552,0.0
6031,6031.0,23.910911510379364,0.0
6032,6032.0,23.631342363122712,0.0
6033,6033.0,23.132000482851666,0.0
6034,6034.0,23.63891530110295,0.0
6035,6035.0,23.905907628149116,0.0
6036,6036.0,23.499066187663058,0.0
6037,6037.0,23.26946524443283,0.0
6038,6038.0,22.99756812295083,0.0
6039,6039.0,23.358445227078,0.0
6040,6040.0,23.423760141442223,0.0
6041,6041.0,22.94529384902864,0.0
6042,6042.0,22.872544451721,0.0
6043,6043.0,23.66248492042312,0.0
6044,6044.0,23.097221563871905,0.0
6045,6045.0,23.58046054993092,0.0
6046,6046.0,22.858151284225244,0.0
6047,6047.0,22.884293101683973,0.0
6048,6048.0,22.75545231918645,0.0
6049,6049.0,23.48943160922657,0.0
6050,6050.0,23.538820110198564,0.0
6051,6051.0,22.921458258821193,0.0
6052,6052.0,23.370789379378554,0.0
6053,6053.0,22.62715984585215,0.0
6054,6054.0,23.446963127284626,0.0
6055,6055.0,22.93112531521725,0.0
6056,6056.0,22.988015338443123,0.0
6057,6057.0,23.32402739427189,0.0
6058,6058.0,23.09757518561806,0.0
6059,6059.0,22.735112564489707,0.0
6060,6060.0,23.040120853142348,0.0
6061,6061.0,22.94509953449398,0.0
6062,6062.0,22.566309552325496,0.0
6063,6063.0,22.513547591543997,0.0
6064,6064.0,22.902092692672877,0.0
6065,6065.0,22.85961546632015,0.0
6066,6066.0,22.415567462666914,0.0
6067,6067.0,23.06317387123969,0.0
6068,6068.0,22.996783164707292,0.0
6069,6069.0,22.47798055591666,0.0
6070,6070.0,23.05686806956017,0.0
6071,6071.0,22.992081658258165,0.0
6072,6072.0,22.628128950314675,0.0
6073,6073.0,23.14464569433337,0.0
6074,6074.0,22.491317787776072,0.0
6075,6075.0,22.421544250618144,0.0
6076,6076.0,22.38776414980121,0.0
6077,6077.0,22.427116905389706,0.0
6078,6078.0,22.204704251152425,0.0
6079,6079.0,22.29125858131003,0.0
6080,6080.0,22.504827863925193,0.0
6081,6081.0,22.889945622312705,0.0
6082,6082.0,22.41884385962626,0.0
6083,6083.0,22.229114367180348,0.0
6084,6084.0,22.53579989359498,0.0
6085,6085.0,22.813694715809124,0.0
6086,6086.0,22.38408744867482,0.0
6087,6087.0,22.79872190985498,0.0
6088,6088.0,21.943845001695227,0.0
6089,6089.0,22.466651523032557,0.0
6090,6090.0,22.25849356942036,0.0
6091,6091.0,22.30236907721959,0.0
6092,6092.0,22.692633650621563,0.0
6093,6093.0,22.73876553622127,0.0
6094,6094.0,22.343451896265393,0.0
6095,6095.0,22.72908509348274,0.0
6096,6096.0,22.662056226848083,0.0
6097,6097.0,22.564725513112247,0.0
6098,6098.0,22.550179938329933,0.0
6099,6099.0,22.188053558518583,0.0
6100,6100.0,22.716389893805385,0.0
6101,6101.0,21.91944906832808,0.0
6102,6102.0,22.48928679350231,0.0
6103,6103.0,22.154088448422996,0.0
6104,6104.0,22.423995322527833,0.0
6105,6105.0,22.574155484849836,0.0
6106,6106.0,22.39081576529071,0.0
6107,6107.0,22.163797843857928,0.0
6108,6108.0,22.05994823967073,0.0
6109,6109.0,21.726216086897793,0.0
6110,6110.0,22.250170758510546,0.0
6111,6111.0,21.90477465625309,0.0
6112,6112.0,22.236286285381926,0.0
6113,6113.0,22.13527465715357,0.0
6114,6114.0,22.092077482047106,0.0
6115,6115.0,21.552184289110986,0.0
6116,6116.0,21.736682122978554,0.0
6117,6117.0,21.965289805133292,0.0
6118,6118.0,22.189580591655485,0.0
6119,6119.0,21.656085333460148,0.0
6120,6120.0,22.422749662109673,0.0
6121,6121.0,21.5434772818088,0.0
6122,6122.0,22.354629765394375,0.0
6123,6123.0,22.285762829372796,0.0
6124,6124.0,22.030983157043586,0.0
6125,6125.0,21.688202246326956,0.0
6126,6126.0,21.879870960244066,0.0
6127,6127.0,21.728738445885085,0.0
6128,6128.0,22.308777972764947,0.0
6129,6129.0,21.616208745921654,0.0
6130,6130.0,21.97569773599951,0.0
6131,6131.0,22.149203402119976,0.0
6132,6132.0,21.94563599419722,0.0
6133,6133.0,21.6592205602344,0.0
6134,6134.0,21.847756879191305,0.0
6135,6135.0,21.797645755047544,0.0
6136,6136.0,21.90990102157339,0.0
6137,6137.0,22.245217839947358,0.0
6138,6138.0,22.185771962117705,0.0
6139,6139.0,22.06739314511471,0.0
6140,6140.0,21.691676318943,0.0
6141,6141.0,22.192712600644107,0.0
6142,6142.0,21.531402786844474,0.0
6143,6143.0,22.01081727678659,0.0
6144,6144.0,22.018783531898347,0.0
6145,6145.0,21.99265115336702,0.0
6146,6146.0,21.433770479862932,0.0
6147,6147.0,21.571221292449565,0.0
6148,6148.0,22.16212642987745,0.0
6149,6149.0,22.18080268409795,0.0
6150,6150.0,21.84885844524355,0.0
6151,6151.0,22.124455858755226,0.0
6152,6152.0,21.268363481065236,0.0
6153,6153.0,21.24729419870718,0.0
6154,6154.0,21.431235018079082,0.0
6155,6155.0,21.942934469111208,0.0
6156,6156.0,21.733798081039456,0.0
6157,6157.0,21.85903755742721,0.0
6158,6158.0,21.588544665867914,0.0
6159,6159.0,21.356719046641654,0.0
6160,6160.0,21.890581296487383,0.0
6161,6161.0,21.552193399029324,0.0
6162,6162.0,21.906416899405574,0.0
6163,6163.0,21.480864328137656,0.0
6164,6164.0,22.024205232676533,0.0
6165,6165.0,21.83436729274864,0.0
6166,6166.0,21.17410415595076,0.0
6167,6167.0,21.435862755754627,0.0
6168,6168.0,21.12293618426929,0.0
6169,6169.0,21.369915511684027,0.0
6170,6170.0,21.56133511167351,0.0
6171,6171.0,21.159909137985082,0.0
6172,6172.0,21.91848968938727,0.0
6173,6173.0,22.039979831101764,0.0
6174,6174.0,21.33953590958772,0.0
6175,6175.0,21.17021512353563,0.0
6176,6176.0,22.045746323488146,0.0
6177,6177.0,21.723371334993306,0.0
6178,6178.0,21.785601941857358,0.0
6179,6179.0,21.392662263355977,0.0
6180,6180.0,21.919931657320607,0.0
6181,6181.0,21.30348450027984,0.0
6182,6182.0,21.668803103602237,0.0
6183,6183.0,21.20065388293639,0.0
6184,6184.0,21.788820488918503,0.0
6185,6185.0,21.34682419017004,0.0
6186,6186.0,21.289435210008552,0.0
6187,6187.0,21.884354797646232,0.0
6188,6188.0,21.732434389536046,0.0
6189,6189.0,21.258684476234947,0.0
6190,6190.0,21.54333140691512,0.0
6191,6191.0,21.232932450779032,0.0
6192,6192.0,21.28821859369802,0.0
6193,6193.0,21.767634879845787,0.0
6194,6194.0,21.15280322752238,0.0
6195,6195.0,21.899462763661514,0.0
6196,6196.0,21.804093572144865,0.0
6197,6197.0,21.92891075321549,0.0
6198,6198.0,21.087522211232905,0.0
6199,6199.0,21.636389324843588,0.0
6200,6200.0,21.936115705315597,0.0
6201,6201.0,21.839724848903195,0.0
6202,6202.0,21.30147928795089,0.0
6203,6203.0,21.93335840247809,0.0
6204,6204.0,21.59633356721373,0.0
6205,6205.0,21.115524219245557,0.0
6206,6206.0,21.040147296583207,0.0
6207,6207.0,21.964636748064287,0.0
6208,6208.0,21.56269471349781,0.0
6209,6209.0,21.112458222453007,0.0
6210,6210.0,21.366195576078763,55.0
6211,6211.0,24.82841347301486,55.0
6212,6212.0,27.6482600709581,55.0
6213,6213.0,28.82008936523603,55.0
6214,6214.0,31.22396075931306,55.0
6215,6215.0,31.81422112610272,55.0
6216,6216.0,33.35973012200205,55.0
6217,6217.0,34.28660406425046,55.0
6218,6218.0,35.81783330154259,55.0
6219,6219.0,36.768981088877105,55.0
6220,6220.0,37.007868215616526,55.0
6221,6221.0,38.243924495990534,55.0
6222,6222.0,38.63684341263151,55.0
6223,6223.0,39.34463002227109,55.0
6224,6224.0,40.426507640896176,55.0
6225,6225.0,41.09249658745407,55.0
6226,6226.0,41.65831614417551,55.0
6227,6227.0,41.390430888527476,55.0
6228,6228.0,42.40257608175667,55.0
6229,6229.0,42.624582640776545,55.0
6230,6230.0,43.00533456832727,55.0
6231,6231.0,43.20080430528998,55.0
6232,6232.0,43.64644951553275,55.0
6233,6233.0,44.06056821527366,55.0
6234,6234.0,45.041332425433865,55.0
6235,6235.0,44.95127385987978,55.0
6236,6236.0,45.6304913377871,55.0
6237,6237.0,45.78607219541619,55.0
6238,6238.0,46.18078249807107,55.0
6239,6239.0,46.786232038334795,55.0
6240,6240.0,46.69875528011846,55.0
6241,6241.0,47.28393541658912,55.0
6242,6242.0,46.85038339592319,55.0
6243,6243.0,47.407248066954615,55.0
6244,6244.0,47.418811414667466,55.0
6245,6245.0,47.4837612783501,55.0
6246,6246.0,48.34305098725933,55.0
6247,6247.0,48.125994629365415,55.0
6248,6248.0,48.941585106477085,55.0
6249,6249.0,49.36194736139899,55.0
6250,6250.0,48.66196072587808,55.0
6251,6251.0,49.24166920150925,55.0
6252,6252.0,49.37246907951671,55.0
6253,6253.0,49.81784805613296,55.0
6254,6254.0,49.57297384686939,55.0
6255,6255.0,50.16611708771911,55.0
6256,6256.0,50.04818537168455,55.0
6257,6257.0,50.83966864919824,55.0
6258,6258.0,51.1318652083324,55.0
6259,6259.0,50.34518695005635,55.0
6260,6260.0,50.77963660462542,55.0
6261,6261.0,51.30566416668861,55.0
6262,6262.0,51.09903407254432,55.0
6263,6263.0,51.64949096262476,55.0
6264,6264.0,51.23920995803119,55.0
6265,6265.0,51.78486438121708,55.0
6266,6266.0,51.99938627771326,55.0
6267,6267.0,52.06357056334772,55.0
6268,6268.0,51.83245676882676,55.0
6269,6269.0,51.94492746667891,55.0
6270,6270.0,52.25652346653875,55.0
6271,6271.0,52.249491349320515,55.0
6272,6272.0,52.38797071843937,55.0
6273,6273.0,53.015252796071096,55.0
6274,6274.0,52.98985532792291,55.0
6275,6275.0,53.57170238146502,55.0
6276,6276.0,52.81652801761986,55.0
6277,6277.0,53.177091514896304,55.0
6278,6278.0,53.90975546632482,55.0
6279,6279.0,53.47500483348306,55.0
6280,6280.0,53.474718987182534,55.0
6281,6281.0,53.93845412914092,55.0
6282,6282.0,54.11359640489824,55.0
6283,6283.0,54.5530117821798,55.0
6284,6284.0,53.81737794659675,55.0
6285,6285.0,54.34358481084719,55.0
6286,6286.0,54.78968851173141,55.0
6287,6287.0,54.81438155200762,55.0
6288,6288.0,54.59564955202643,55.0
6289,6289.0,54.54210624692099,55.0
6290,6290.0,55.015350487762305,55.0
6291,6291.0,54.43968510611494,55.0
6292,6292.0,55.429974867852444,55.0
6293,6293.0,55.44802371899791,55.0
6294,6294.0,54.655605168843216,55.0
6295,6295.0,54.865145070001944,55.0
6296,6296.0,54.85492328597907,55.0
6297,6297.0,55.05864469499602,55.0
6298,6298.0,55.962458707134765,55.0
6299,6299.0,55.756973152313805,55.0
6300,6300.0,55.64487188784742,55.0
6301,6301.0,55.6952958708312,55.0
6302,6302.0,55.93210364502866,55.0
6303,6303.0,55.50453776980901,55.0
6304,6304.0,55.79003791548105,55.0
6305,6305.0,56.39834377307166,55.0
6306,6306.0,55.732112093575566,55.0
6307,6307.0,55.9658567725998,55.0
6308,6308.0,55.9121558977981,55.0
6309,6309.0,56.58233066200406,55.0
6310,6310.0,56.60655901754763,55.0
6311,6311.0,56.77549882573033,55.0
6312,6312.0,56.76237189241036,55.0
6313,6313.0,56.27234758376408,55.0
6314,6314.0,56.802410500276494,55.0
6315,6315.0,56.56511398046636,55.0
6316,6316.0,56.59276220599271,55.0
6317,6317.0,56.94373101366293,55.0
6318,6318.0,56.50817377099847,55.0
6319,6319.0,56.6260149173269,55.0
6320,6320.0,57.11141437385225,55.0
6321,6321.0,56.888171943511246,55.0
6322,6322.0,57.485467162627984,55.0
6323,6323.0,57.23679044911614,55.0
6324,6324.0,57.41516467624161,55.0
6325,6325.0,57.464730415348576,55.0
6326,6326.0,57.40816904820482,55.0
6327,6327.0,57.01424104926567,55.0
6328,6328.0,56.95434870564485,55.0
6329,6329.0,57.204210269025545,55.0
6330,6330.0,57.53998717051618,55.0
6331,6331.0,57.15101526688565,55.0
6332,6332.0,57.48576785779848,55.0
6333,6333.0,57.48899191862567,55.0
6334,6334.0,57.583272977916565,55.0
6335,6335.0,57.392314775302836,55.0
6336,6336.0,58.23277938655252,55.0
6337,6337.0,57.63847970939725,55.0
6338,6338.0,57.57868452748051,55.0
6339,6339.0,57.650293444844195,55.0
6340,6340.0,57.934647529411045,55.0
6341,6341.0,57.6302750456456,55.0
6342,6342.0,57.999821804009656,55.0
6343,6343.0,57.78396478199186,55.0
6344,6344.0,57.76105975669182,55.0
6345,6345.0,58.14382319266429,55.0
6346,6346.0,58.652593886056735,55.0
6347,6347.0,57.74944525407068,55.0
6348,6348.0,57.890834672840214,55.0
6349,6349.0,58.00403029310767,55.0
6350,6350.0,57.844456469811654,55.0
6351,6351.0,58.660943873521774,55.0
6352,6352.0,58.72502245336151,55.0
6353,6353.0,58.18238556737277,55.0
6354,6354.0,58.63184279125727,55.0
6355,6355.0,58.59520586993394,55.0
6356,6356.0,58.49213397153197,55.0
6357,6357.0,58.601230477812024,55.0
6358,6358.0,58.85926645622795,55.0
6359,6359.0,58.45621558573213,55.0
6360,6360.0,58.97634637124452,55.0
6361,6361.0,58.26110598680938,55.0
6362,6362.0,58.62193430988104,55.0
6363,6363.0,58.81366343815587,55.0
6364,6364.0,58.57800969289824,55.0
6365,6365.0,58.9429864438155,55.0
6366,6366.0,59.21758290688675,55.0
6367,6367.0,58.972022435284316,55.0
6368,6368.0,58.3996563100608,55.0
6369,6369.0,58.671193601180626,55.0
6370,6370.0,58.653576507585086,55.0
6371,6371.0,59.2170566144371,55.0
6372,6372.0,59.03393597054927,55.0
6373,6373.0,59.36786340752901,55.0
6374,6374.0,58.791515988100414,55.0
6375,6375.0,59.410234731799726,55.0
6376,6376.0,58.5360667669694,55.0
6377,6377.0,59.221784353095785,55.0
6378,6378.0,58.60178139791465,55.0
6379,6379.0,58.858969588110504,55.0
6380,6380.0,59.37669139754896,55.0
6381,6381.0,59.26509165983912,55.0
6382,6382.0,58.640874038295614,55.0
6383,6383.0,58.64562200912915,55.0
6384,6384.0,58.78701911538331,55.0
6385,6385.0,58.95439961656139,55.0
6386,6386.0,59.176866632986375,55.0
6387,6387.0,59.29424631305614,55.0
6388,6388.0,59.267745150459824,55.0
6389,6389.0,59.15016766279566,55.0
6390,6390.0,59.38821988785182,55.0
6391,6391.0,58.88334058082612,55.0
6392,6392.0,59.433118290491215,55.0
6393,6393.0,59.07725206385329,55.0
6394,6394.0,59.62493553337093,55.0
6395,6395.0,58.88551524409703,55.0
6396,6396.0,59.60119355217678,55.0
6397,6397.0,59.23734422405826,55.0
6398,6398.0,58.79909698256393,55.0
6399,6399.0,58.75463143544368,55.0
6400,6400.0,59.51096318966908,55.0
6401,6401.0,59.52729400338692,55.0
6402,6402.0,59.041954875987344,55.0
6403,6403.0,59.3388945639672,55.0
6404,6404.0,58.85582408684643,55.0
6405,6405.0,59.31028107642034,55.0
6406,6406.0,59.54683730057851,55.0
6407,6407.0,59.63689895127011,55.0
6408,6408.0,59.07173099979741,55.0
6409,6409.0,59.04584087163623,55.0
6410,6410.0,59.30243713022251,55.0
6411,6411.0,58.9408093756735,55.0
6412,6412.0,59.471368138359225,55.0
6413,6413.0,58.819500414625324,55.0
6414,6414.0,59.38345587682516,55.0
6415,6415.0,58.81687998973213,55.0
6416,6416.0,59.08595203987042,55.0
6417,6417.0,59.55379883283054,55.0
6418,6418.0,59.64379554845007,55.0
6419,6419.0,59.27510034386193,55.0
6420,6420.0,59.07159912312742,55.0
6421,6421.0,59.21979383923368,55.0
6422,6422.0,59.48538629077261,55.0
6423,6423.0,59.58139884576253,55.0
6424,6424.0,59.65154414869773,55.0
6425,6425.0,59.00139001252824,55.0
6426,6426.0,59.65281482617541,55.0
6427,6427.0,59.23914056023282,55.0
6428,6428.0,58.77087991843943,55.0
6429,6429.0,59.51219547656765,55.0
6430,6430.0,59.206636284906295,0.0
6431,6431.0,57.573348670052404,0.0
6432,6432.0,56.46700652399592,0.0
6433,6433.0,54.812188477387494,0.0
6434,6434.0,53.69288613481057,0.0
6435,6435.0,52.305943671185815,0.0
6436,6436.0,51.502448932064894,0.0
6437,6437.0,50.77393759083878,0.0
6438,6438.0,50.174279543033215,0.0
6439,6439.0,48.85047831040584,0.0
6440,6440.0,48.11202982876023,0.0
6441,6441.0,47.732986313321305,0.0
6442,6442.0,47.74184690673549,0.0
6443,6443.0,47.18409877051988,0.0
6444,6444.0,46.5419702308909,0.0
6445,6445.0,45.16244892352867,0.0
6446,6446.0,44.99280625950826,0.0
6447,6447.0,45.15506691064442,0.0
6448,6448.0,44.050181358795484,0.0
6449,6449.0,43.79797868575995,0.0
6450,6450.0,43.12392831271146,0.0
6451,6451.0,42.66160611964246,0.0
6452,6452.0,43.05559558377372,0.0
6453,6453.0,42.4708440344541,0.0
6454,6454.0,41.700707927093745,0.0
6455,6455.0,41.83913965134239,0.0
6456,6456.0,41.57650642043442,0.0
6457,6457.0,40.57847360362467,0.0
6458,6458.0,40.94930509673727,0.0
6459,6459.0,40.88648246406663,0.0
6460,6460.0,40.14643457313548,0.0
6461,6461.0,40.23799104136419,0.0
6462,6462.0,39.562910359742304,0.0
6463,6463.0,38.90704383718284,0.0
6464,6464.0,39.02150483787416,0.0
6465,6465.0,39.095107774277906,0.0
6466,6466.0,38.11993940961837,0.0
6467,6467.0,38.26124099650629,0.0
6468,6468.0,38.18910377820078,0.0
6469,6469.0,37.3783724172687,0.0
6470,6470.0,37.21991475858806,0.0
6471,6471.0,37.888216431191154,0.0
6472,6472.0,37.584243077721354,0.0
6473,6473.0,36.814527022415824,0.0
6474,6474.0,36.88562831237596,0.0
6475,6475.0,36.30725365434863,0.0
6476,6476.0,36.19660977703259,0.0
6477,6477.0,36.46600716295541,0.0
6478,6478.0,36.431665318079766,0.0
6479,6479.0,35.679928281060945,0.0
6480,6480.0,35.22728490894947,0.0
6481,6481.0,35.93470840096123,0.0
6482,6482.0,35.58942139841537,0.0
6483,6483.0,35.3661599214967,0.0
6484,6484.0,35.25671756297649,0.0
6485,6485.0,34.95947420266208,0.0
6486,6486.0,34.95392067820738,0.0
6487,6487.0,34.239581443613886,0.0
6488,6488.0,33.972879656821114,0.0
6489,6489.0,34.66092581811936,0.0
6490,6490.0,34.549220376361184,0.0
6491,6491.0,33.729766169958594,0.0
6492,6492.0,33.520516223005,0.0
6493,6493.0,33.65656925510311,0.0
6494,6494.0,34.04189028962373,0.0
6495,6495.0,33.602816624997644,0.0
6496,6496.0,33.48384408786363,0.0
6497,6497.0,33.14900443369906,0.0
6498,6498.0,33.40436566258979,0.0
6499,6499.0,33.30055346634802,0.0
6500,6500.0,33.142397717353944,0.0
6501,6501.0,32.63003008079097,0.0
6502,6502.0,32.25522454453852,0.0
6503,6503.0,32.175836309458845,0.0
6504,6504.0,32.57144546194135,0.0
6505,6505.0,32.58933260438582,0.0
6506,6506.0,31.93579402666732,0.0
6507,6507.0,32.29208743103774,0.0
6508,6508.0,31.664418707200518,0.0
6509,6509.0,32.016832034667864,0.0
6510,6510.0,31.69024968298869,0.0
6511,6511.0,31.251124875161494,0.0
6512,6512.0,31.71872867399644,0.0
6513,6513.0,31.084156086857735,0.0
6514,6514.0,30.799386708231815,0.0
6515,6515.0,30.964405013032863,0.0
6516,6516.0,31.283591632912426,0.0
6517,6517.0,31.284373273670695,0.0
6518,6518.0,30.983477025697354,0.0
6519,6519.0,31.01902553866166,0.0
6520,6520.0,30.64650018417006,0.0
6521,6521.0,30.198191076324573,0.0
6522,6522.0,30.929369715051973,0.0
6523,6523.0,29.981729384675365,0.0
6524,6524.0,30.467067596827714,0.0
6525,6525.0,29.888945196278677,0.0
6526,6526.0,29.633602656757173,0.0
6527,6527.0,30.101912219946684,0.0
6528,6528.0,30.11033316074558,0.0
6529,6529.0,29.841803303565317,0.0
6530,6530.0,29.448615360866796,0.0
6531,6531.0,29.74555677008664,0.0
6532,6532.0,29.953547046545346,0.0
6533,6533.0,29.573422165989744,0.0
6534,6534.0,29.182440455688813,0.0
6535,6535.0,29.25919990912727,0.0
6536,6536.0,29.159859600496503,0.0
6537,6537.0,29.07600213409503,0.0
6538,6538.0,29.396685917021493,0.0
6539,6539.0,29.232313766347602,0.0
6540,6540.0,29.05711463315861,0.0
6541,6541.0,28.849912327780313,0.0
6542,6542.0,28.670708325384794,0.0
6543,6543.0,28.90750479210041,0.0
6544,6544.0,28.19802619145503,0.0
6545,6545.0,28.794724556116652,0.0
6546,6546.0,28.12638774440306,0.0
6547,6547.0,28.154953348902414,0.0
6548,6548.0,28.490111528352735,0.0
6549,6549.0,28.781122165517132,0.0
6550,6550.0,28.082802776949674,0.0
6551,6551.0,28.05593987989939,0.0
6552,6552.0,27.976022078281282,0.0
6553,6553.0,27.92170813756293,0.0
6554,6554.0,28.281586082504596,0.0
6555,6555.0,27.64850825203252,0.0
6556,6556.0,28.070660139485646,0.0
6557,6557.0,27.35719887684841,0.0
6558,6558.0,27.769199274333115,0.0
6559,6559.0,27.187561365969387,0.0
6560,6560.0,27.772212534127036,0.0
6561,6561.0,27.772764487667832,0.0
6562,6562.0,27.63196801399213,0.0
6563,6563.0,26.937617261995793,0.0
6564,6564.0,26.919012280429886,0.0
6565,6565.0,27.066999287463787,0.0
6566,6566.0,27.544918421333886,0.0
6567,6567.0,27.426573198143327,0.0
6568,6568.0,27.391352247409728,0.0
6569,6569.0,26.860237895740664,0.0
6570,6570.0,26.664956619221957,0.0
6571,6571.0,26.897555851845762,0.0
6572,6572.0,27.37628032387238,0.0
6573,6573.0,26.587448189859465,0.0
6574,6574.0,26.49284200274562,0.0
6575,6575.0,27.11613380269394,0.0
6576,6576.0,26.888752721302357,0.0
6577,6577.0,26.511939159736954,0.0
6578,6578.0,26.526073002238174,0.0
6579,6579.0,26.548252479447832,0.0
6580,6580.0,26.36793435456499,0.0
6581,6581.0,26.389401377331765,0.0
6582,6582.0,26.17885619456009,0.0
6583,6583.0,26.677129556015718,0.0
6584,6584.0,26.469963755476854,0.0
6585,6585.0,25.88331224417592,0.0
6586,6586.0,26.50393368554061,0.0
6587,6587.0,26.111278424713138,0.0
6588,6588.0,26.381318154866232,0.0
6589,6589.0,25.953664402476072,0.0
6590,6590.0,25.847282980709757,0.0
6591,6591.0,26.222456099940857,0.0
6592,6592.0,25.82978441178509,0.0
6593,6593.0,26.23427930077196,0.0
6594,6594.0,25.519823017046612,0.0
6595,6595.0,25.871524365845314,0.0
6596,6596.0,26.174225032374185,0.0
6597,6597.0,25.955342608271383,0.0
6598,6598.0,25.26781001160465,0.0
6599,6599.0,25.154128273993745,0.0
6600,6600.0,25.754350424485004,0.0
6601,6601.0,25.963556022311547,0.0
6602,6602.0,25.93161361618318,0.0
6603,6603.0,25.08572015917415,0.0
6604,6604.0,25.797247210684972,0.0
6605,6605.0,25.76548054304475,0.0
6606,6606.0,25.621971354119523,0.0
6607,6607.0,25.31242547551337,0.0
6608,6608.0,25.603005577236978,0.0
6609,6609.0,25.555387766244053,0.0
6610,6610.0,25.13240934215292,0.0
6611,6611.0,25.25172797828883,0.0
6612,6612.0,25.090230154652232,0.0
6613,6613.0,25.464758813605354,0.0
6614,6614.0,25.01370541390475,0.0
6615,6615.0,25.253520750194767,0.0
6616,6616.0,25.00198850259232,0.0
6617,6617.0,24.524114458205126,0.0
6618,6618.0,24.861982542969557,0.0
6619,6619.0,24.612520624469415,0.0
6620,6620.0,24.930784941417194,0.0
6621,6621.0,24.491790457555723,0.0
6622,6622.0,24.18389435155713,0.0
6623,6623.0,24.52442506791693,0.0
6624,6624.0,24.765245948738198,0.0
6625,6625.0,24.309347448769703,0.0
6626,6626.0,24.364642205123438,0.0
6627,6627.0,24.23269117424852,0.0
6628,6628.0,24.66132599535811,0.0
6629,6629.0,24.685034411107576,0.0
6630,6630.0,24.49926046896005,0.0
6631,6631.0,24.609644100980844,0.0
6632,6632.0,24.496227819641717,0.0
6633,6633.0,24.72738290841234,0.0
6634,6634.0,23.96481619973817,0.0
6635,6635.0,23.93682301031436,0.0
6636,6636.0,23.884912243622267,0.0
6637,6637.0,24.577544426796486,0.0
6638,6638.0,23.70632709749672,0.0
6639,6639.0,23.800199911984603,0.0
6640,6640.0,24.287496038615572,0.0
6641,6641.0,24.07141629213993,0.0
6642,6642.0,23.940702045342597,0.0
6643,6643.0,24.08271078300201,0.0
6644,6644.0,23.70913651868912,0.0
6645,6645.0,23.6127469871882,0.0
6646,6646.0,23.77749647340313,0.0
6647,6647.0,24.27238237085922,0.0
6648,6648.0,23.5044734401937,0.0
6649,6649.0,23.43464683946349,0.0
6650,6650.0,23.373300719361602,0.0
6651,6651.0,23.414411337214172,0.0
6652,6652.0,24.106423541115426,0.0
6653,6653.0,23.690559729832174,0.0
6654,6654.0,23.613055510359345,0.0
6655,6655.0,23.215728444254996,0.0
6656,6656.0,23.789882377842293,0.0
6657,6657.0,23.273999353716878,0.0
6658,6658.0,23.132546118226188,0.0
6659,6659.0,23.592513340113676,0.0
6660,6660.0,23.607336588287602,0.0
6661,6661.0,23.811554306579644,0.0
6662,6662.0,23.75671790209448,0.0
6663,6663.0,23.932000284550924,0.0
6664,6664.0,23.492065760048355,0.0
6665,6665.0,23.710574291714195,0.0
6666,6666.0,23.382648713045832,0.0
6667,6667.0,22.94682043769843,0.0
6668,6668.0,23.400461505568508,0.0
6669,6669.0,23.32865493354895,0.0
6670,6670.0,23.409930984002834,0.0
6671,6671.0,22.81702407541483,0.0
6672,6672.0,22.992706686724198,0.0
6673,6673.0,22.983204260795848,0.0
6674,6674.0,23.200744324554705,0.0
6675,6675.0,23.47645016253204,0.0
6676,6676.0,23.23217414290319,0.0
6677,6677.0,23.283066949413445,0.0
6678,6678.0,23.46842814763937,0.0
6679,6679.0,23.12995844983972,0.0
6680,6680.0,23.3173400556975,0.0
6681,6681.0,23.125217084804,0.0
6682,6682.0,22.99241535464487,0.0
6683,6683.0,23.43734319929882,0.0
6684,6684.0,22.587182594210404,0.0
6685,6685.0,23.266288899865582,0.0
6686,6686.0,23.025602072597707,0.0
6687,6687.0,23.03235874152349,0.0
6688,6688.0,23.165108918075056,0.0
6689,6689.0,22.455129852562443,0.0
6690,6690.0,23.06336484336318,0.0
6691,6691.0,22.99563144213661,0.0
6692,6692.0,22.921737869885618,0.0
6693,6693.0,22.806650090233806,0.0
6694,6694.0,22.871342527781756,0.0
6695,6695.0,23.16839225139326,0.0
6696,6696.0,22.81512177374972,0.0
6697,6697.0,22.583757543189538,0.0
6698,6698.0,22.689892784390956,0.0
6699,6699.0,22.410158681998936,0.0
6700,6700.0,22.93442045798103,0.0
6701,6701.0,22.20401275481646,0.0
6702,6702.0,22.409502673251904,0.0
6703,6703.0,22.668148869985796,0.0
6704,6704.0,22.860849322688114,0.0
6705,6705.0,22.910392754812666,0.0
6706,6706.0,22.317181467595283,0.0
6707,6707.0,22.886207452295174,0.0
6708,6708.0,22.42375150389145,0.0
6709,6709.0,22.275346935745837,0.0
6710,6710.0,22.819017805948743,0.0
6711,6711.0,22.47826074989851,0.0
6712,6712.0,22.85574152702869,0.0
6713,6713.0,22.017686765979168,0.0
6714,6714.0,22.733200480961045,0.0
6715,6715.0,22.280087297614543,0.0
6716,6716.0,22.326184059766046,0.0
6717,6717.0,22.67182837247955,0.0
6718,6718.0,22.127316025908296,0.0
6719,6719.0,22.20528479960647,0.0
6720,6720.0,22.365001778924277,0.0
6721,6721.0,22.407834265140394,0.0
6722,6722.0,22.056455576321564,0.0
6723,6723.0,22.227938858580043,0.0
6724,6724.0,22.14528158854383,0.0
6725,6725.0,21.836144716965993,0.0
6726,6726.0,22.512718319462085,0.0
6727,6727.0,21.778815357992492,0.0
6728,6728.0,21.863329433068603,0.0
6729,6729.0,22.18007213588409,0.0
6730,6730.0,21.67501916339758,0.0
6731,6731.0,22.347385820558962,0.0
6732,6732.0,22.271874942987967,0.0
6733,6733.0,22.243177842018312,0.0
6734,6734.0,21.9689945011736,0.0
6735,6735.0,22.359717080945476,0.0
6736,6736.0,21.76446434107567,0.0
6737,6737.0,21.820468885089568,0.0
6738,6738.0,22.146128167674142,0.0
6739,6739.0,21.980561305870616,0.0
6740,6740.0,21.91372564786563,0.0
6741,6741.0,22.100449798576328,0.0
6742,6742.0,21.512563955698,0.0
6743,6743.0,21.49780729719429,0.0
6744,6744.0,21.9565596500613,0.0
6745,6745.0,22.06801993273089,0.0
6746,6746.0,21.457900867946197,0.0
6747,6747.0,21.67171143483356,0.0
6748,6748.0,21.99871947892541,0.0
6749,6749.0,22.114501339161915,0.0
6750,6750.0,21.530617936605953,0.0
6751,6751.0,22.215868885811005,0.0
6752,6752.0,22.380666654585486,0.0
6753,6753.0,21.42929741740333,0.0
6754,6754.0,21.8766334725986,0.0
6755,6755.0,22.146392375626657,0.0
6756,6756.0,22.014052681902292,0.0
6757,6757.0,21.72423006431224,0.0
6758,6758.0,22.27036520348754,0.0
6759,6759.0,21.67415710135563,0.0
6760,6760.0,22.043124184964537,0.0
6761,6761.0,21.341424129097476,0.0
6762,6762.0,22.28104789934173,0.0
6763,6763.0,21.453350535299254,0.0
6764,6764.0,21.51373846330533,0.0
6765,6765.0,21.692603515789532,0.0
6766,6766.0,21.81445670151785,0.0
6767,6767.0,22.08591753768228,0.0
6768,6768.0,21.758824170272792,0.0
6769,6769.0,21.435306895656613,0.0
6770,6770.0,21.90802932010101,0.0
6771,6771.0,21.456912446304546,0.0
6772,6772.0,21.9089293446723,0.0
6773,6773.0,21.570888489640424,0.0
6774,6774.0,21.73937139230271,0.0
6775,6775.0,21.958136989539224,0.0
6776,6776.0,22.138760242002313,0.0
6777,6777.0,21.810284313920064,0.0
6778,6778.0,21.974420107573977,0.0
6779,6779.0,21.270708997649322,0.0
6780,6780.0,21.9168521765521,0.0
6781,6781.0,22.034183738527435,0.0
6782,6782.0,21.327475957230106,0.0
6783,6783.0,21.772008499467685,0.0
6784,6784.0,22.134696830683485,0.0
6785,6785.0,21.792213860680484,0.0
6786,6786.0,21.18715398091918,0.0
6787,6787.0,21.55444135880744,0.0
6788,6788.0,22.03370180427841,0.0
6789,6789.0,21.536328235617468,0.0
6790,6790.0,21.339007535223036,0.0
6791,6791.0,21.855913556588916,0.0
6792,6792.0,21.83881970781857,0.0
6793,6793.0,21.898761036725002,0.0
6794,6794.0,21.74847645701201,0.0
6795,6795.0,21.911492235680978,0.0
6796,6796.0,21.46742219450065,0.0
6797,6797.0,21.132375565907033,0.0
6798,6798.0,21.193673048774002,0.0
6799,6799.0,21.149522185263997,0.0
6800,6800.0,21.31568055593739,0.0
6801,6801.0,21.32405128963066,0.0
6802,6802.0,21.55211770392693,0.0
6803,6803.0,21.961235542453952,0.0
6804,6804.0,21.915822723502497,0.0
6805,6805.0,21.743328117522584,0.0
6806,6806.0,21.432171244504847,0.0
6807,6807.0,21.88348591615775,0.0
6808,6808.0,21.837068748088317,0.0
6809,6809.0,21.572962914671592,0.0
6810,6810.0,21.058168505542742,0.0
6811,6811.0,21.136772187286613,0.0
6812,6812.0,21.85554677292652,0.0
6813,6813.0,21.722697968478606,0.0
6814,6814.0,21.364180845885585,0.0
6815,6815.0,21.752175051716076,0.0
6816,6816.0,21.769709749897512,0.0
6817,6817.0,21.640890699178186,0.0
6818,6818.0,21.989971203618097,0.0
6819,6819.0,21.84855291333296,0.0
6820,6820.0,21.611116185216023,0.0
6821,6821.0,21.07868480933213,0.0
6822,6822.0,21.391076201837212,0.0
6823,6823.0,21.03435984240884,0.0
6824,6824.0,21.982362659635573,0.0
6825,6825.0,21.619094256643226,0.0
6826,6826.0,21.213380746303137,0.0
6827,6827.0,21.909915096559857,0.0
6828,6828.0,21.754549799789228,0.0
6829,6829.0,21.36971553203777,0.0
6830,6830.0,21.305782028467995,0.0
6831,6831.0,21.42548534517437,60.0
6832,6832.0,25.421948416569826,60.0
6833,6833.0,27.924576032039862,60.0
6834,6834.0,30.25492261669702,60.0
6835,6835.0,31.454290496729097,60.0
6836,6836.0,33.3671341726986,60.0
6837,6837.0,34.83072198806196,60.0
6838,6838.0,36.01180500567975,60.0
6839,6839.0,36.81907434819067,60.0
6840,6840.0,37.653954392287126,60.0
6841,6841.0,38.73945470073344,60.0
6842,6842.0,39.639260411688014,60.0
6843,6843.0,40.55257000467742,60.0
6844,6844.0,40.82859601323784,60.0
6845,6845.0,41.28072188309064,60.0
6846,6846.0,42.027915382621266,60.0
6847,6847.0,42.56359102353005,60.0
6848,6848.0,43.27179666710825,60.0
6849,6849.0,43.348882513897706,60.0
6850,6850.0,44.18624203979125,60.0
6851,6851.0,44.643683629688844,60.0
6852,6852.0,45.206516369872446,60.0
6853,6853.0,45.2406166459709,60.0
6854,6854.0,46.252114180440536,60.0
6855,6855.0,46.609470915523474,60.0
6856,6856.0,46.46483982801411,60.0
6857,6857.0,46.90152292424267,60.0
6858,6858.0,47.769706531985804,60.0
6859,6859.0,47.33526204085044,60.0
6860,6860.0,48.4307318830822,60.0
6861,6861.0,48.05956740335251,60.0
6862,6862.0,48.71322479766144,60.0
6863,6863.0,48.82834372591851,60.0
6864,6864.0,49.27794211951738,60.0
6865,6865.0,49.42534774949585,60.0
6866,6866.0,49.90706953263827,60.0
6867,6867.0,49.99899738902831,60.0
6868,6868.0,49.940748913205525,60.0
6869,6869.0,50.50607753125732,60.0
6870,6870.0,50.81956820960706,60.0
6871,6871.0,50.999628046558946,60.0
6872,6872.0,51.473674975054976,60.0
6873,6873.0,51.0343565549656,60.0
6874,6874.0,51.43609894038425,60.0
6875,6875.0,51.32556401386765,60.0
6876,6876.0,52.26782720468019,60.0
6877,6877.0,52.29444048967051,60.0
6878,6878.0,52.183997918199026,60.0
6879,6879.0,52.225426487265544,60.0
6880,6880.0,52.65281938628588,60.0
6881,6881.0,52.48538384821757,60.0
6882,6882.0,53.17261220016071,60.0
6883,6883.0,52.89971028284835,60.0
6884,6884.0,53.278148422664124,60.0
6885,6885.0,53.367391148428815,60.0
6886,6886.0,53.474015262842045,60.0
6887,6887.0,54.3515077557688,60.0
6888,6888.0,54.44964232136252,60.0
6889,6889.0,54.01296922654719,60.0
6890,6890.0,53.911088792460184,60.0
6891,6891.0,54.20117510990047,60.0
6892,6892.0,54.81576602457612,60.0
6893,6893.0,55.2439474193987,60.0
6894,6894.0,55.242087203698844,60.0
6895,6895.0,55.495031219952985,60.0
6896,6896.0,55.2821712642767,60.0
6897,6897.0,55.22559206678333,60.0
6898,6898.0,55.26259136445881,60.0
6899,6899.0,55.41648807218513,60.0
6900,6900.0,55.37452694261548,60.0
6901,6901.0,55.78317620618463,60.0
6902,6902.0,55.78908224396911,60.0
6903,6903.0,55.61404515865237,60.0
6904,6904.0,56.23715464994188,60.0
6905,6905.0,55.93948464663317,60.0
6906,6906.0,56.25484303586289,60.0
6907,6907.0,56.66084652005683,60.0
6908,6908.0,56.99638435813051,60.0
6909,6909.0,57.09595016036336,60.0
6910,6910.0,56.90989507864864,60.0
6911,6911.0,57.22549397967816,60.0
6912,6912.0,56.85053797371292,60.0
6913,6913.0,56.6852870248472,60.0
6914,6914.0,56.84079681043674,60.0
6915,6915.0,57.65824489933383,60.0
6916,6916.0,57.31533226864621,60.0
6917,6917.0,57.578980596175036,60.0
6918,6918.0,57.45218981159606,60.0
6919,6919.0,57.621010178793725,60.0
6920,6920.0,57.7660439149117,60.0
6921,6921.0,58.220903267860265,60.0
6922,6922.0,57.69230286564391,60.0
6923,6923.0,58.05025148759175,60.0
6924,6924.0,58.33339871230954,60.0
6925,6925.0,57.749409114893275,60.0
6926,6926.0,58.07161452156926,60.0
6927,6927.0,58.23979428431555,60.0
6928,6928.0,58.727285263582495,60.0
6929,6929.0,58.23585763324956,60.0
6930,6930.0,58.11554444545555,60.0
6931,6931.0,58.8603569998035,60.0
6932,6932.0,58.49936078265437,60.0
6933,6933.0,58.808190689623686,60.0
6934,6934.0,59.12269598567418,60.0
6935,6935.0,58.73204681264897,60.0
6936,6936.0,58.819195462168736,60.0
6937,6937.0,58.907300562102215,60.0
6938,6938.0,58.51508119963131,60.0
6939,6939.0,58.952683458006106,60.0
6940,6940.0,59.134586313958984,60.0
6941,6941.0,59.35672313239801,60.0
6942,6942.0,58.87579388463933,60.0
6943,6943.0,59.36793031454955,60.0
6944,6944.0,59.154286150069545,60.0
6945,6945.0,58.99373074091142,60.0
6946,6946.0,59.06066290484575,60.0
6947,6947.0,59.03113938299919,60.0
6948,6948.0,59.56850007496342,60.0
6949,6949.0,59.62497206948486,60.0
6950,6950.0,59.7327096427306,60.0
6951,6951.0,60.152953805483236,60.0
6952,6952.0,60.18715397819185,60.0
6953,6953.0,59.39476063282057,60.0
6954,6954.0,59.750622367469816,60.0
6955,6955.0,60.186714960569766,60.0
6956,6956.0,60.072638228176004,60.0
6957,6957.0,60.252035070208194,60.0
6958,6958.0,59.882620949220296,60.0
6959,6959.0,60.499637266541725,60.0
6960,6960.0,60.037378394073706,60.0
6961,6961.0,60.63555442438386,60.0
6962,6962.0,60.25173194996783,60.0
6963,6963.0,60.115951931360144,60.0
6964,6964.0,59.818808060929186,60.0
6965,6965.0,60.749922071482786,60.0
6966,6966.0,60.524535762431206,60.0
6967,6967.0,60.64249139811389,60.0
6968,6968.0,60.792427365907194,60.0
6969,6969.0,60.79342785314534,60.0
6970,6970.0,60.1495602444192,60.0
6971,6971.0,60.98025991252755,60.0
6972,6972.0,60.27272102227618,60.0
6973,6973.0,60.64627174710921,60.0
6974,6974.0,60.571773570338095,60.0
6975,6975.0,60.52651017697112,60.0
6976,6976.0,61.15188781648372,60.0
6977,6977.0,60.410275647889435,60.0
6978,6978.0,60.79769268549429,60.0
6979,6979.0,60.379102083580236,60.0
6980,6980.0,61.005954443079645,60.0
6981,6981.0,60.402186163886725,60.0
6982,6982.0,60.901962810442726,60.0
6983,6983.0,60.54321511462622,60.0
6984,6984.0,61.073396810592584,60.0
6985,6985.0,61.26954378313207,60.0
6986,6986.0,60.748842187523564,60.0
6987,6987.0,60.59770968856502,60.0
6988,6988.0,60.964704455629104,60.0
6989,6989.0,60.66941586334479,60.0
6990,6990.0,60.8584676979514,60.0
6991,6991.0,61.531175074037556,60.0
6992,6992.0,60.775192543504225,60.0
6993,6993.0,61.32737054554269,60.0
6994,6994.0,61.62477558968044,60.0
6995,6995.0,60.724857580967246,60.0
6996,6996.0,61.69895309852122,60.0
6997,6997.0,60.89182605357723,60.0
6998,6998.0,61.74343615775151,60.0
6999,6999.0,61.28788047570044,60.0
7000,7000.0,61.75050873258963,60.0
7001,7001.0,61.199372316892365,60.0
7002,7002.0,61.07429493785937,60.0
7003,7003.0,61.37808508363174,60.0
7004,7004.0,60.9854704647925,60.0
7005,7005.0,61.07015305360202,60.0
7006,7006.0,60.9232586264339,60.0
7007,7007.0,61.6723822730347,60.0
7008,7008.0,61.46988286219664,60.0
7009,7009.0,61.23488913098836,60.0
7010,7010.0,61.581263486998246,60.0
7011,7011.0,61.74793954869552,60.0
7012,7012.0,61.80163313744095,60.0
7013,7013.0,61.2375650030126,60.0
7014,7014.0,61.5406608818417,60.0
7015,7015.0,61.219506560177855,60.0
7016,7016.0,61.49933427607099,60.0
7017,7017.0,61.58671780241594,60.0
7018,7018.0,61.441078849903114,60.0
7019,7019.0,61.62425105290002,60.0
7020,7020.0,61.35987024902905,60.0
7021,7021.0,61.46688697007281,60.0
7022,7022.0,61.86305425693563,60.0
7023,7023.0,61.750281611306455,60.0
7024,7024.0,61.387056351355206,60.0
7025,7025.0,61.9111838786951,60.0
7026,7026.0,61.14527372805541,60.0
7027,7027.0,61.44943514219948,60.0
7028,7028.0,62.01104819147971,60.0
7029,7029.0,61.158865897044116,60.0
7030,7030.0,61.842954074190835,60.0
7031,7031.0,61.87672795956566,60.0
7032,7032.0,61.84049988187166,60.0
7033,7033.0,61.58033279856596,60.0
7034,7034.0,61.55349068328247,60.0
7035,7035.0,61.218980413560026,60.0
7036,7036.0,61.24507914447524,60.0
7037,7037.0,61.27720881151734,60.0
7038,7038.0,61.254464838737846,60.0
7039,7039.0,61.519747704054005,60.0
7040,7040.0,61.39472931230271,60.0
7041,7041.0,61.21063747318328,60.0
7042,7042.0,61.79048445496016,60.0
7043,7043.0,61.3208765302829,60.0
7044,7044.0,61.62179595883617,60.0
7045,7045.0,61.895617035971114,60.0
7046,7046.0,61.83770965568383,60.0
7047,7047.0,61.35870849623618,60.0
7048,7048.0,61.21267549702071,60.0
7049,7049.0,61.82152701335624,60.0
7050,7050.0,61.16178599793408,60.0
7051,7051.0,61.12496325638333,0.0
7052,7052.0,59.25659607059821,0.0
7053,7053.0,57.97657688288797,0.0
7054,7054.0,56.677475848968896,0.0
7055,7055.0,54.93464486379922,0.0
7056,7056.0,54.063980944026426,0.0
7057,7057.0,53.01446106183717,0.0
7058,7058.0,52.41291895968116,0.0
7059,7059.0,51.855970102372346,0.0
7060,7060.0,50.782402960078464,0.0
7061,7061.0,49.56396597711628,0.0
7062,7062.0,49.68445716367923,0.0
7063,7063.0,48.899748743247066,0.0
7064,7064.0,48.11873259908614,0.0
7065,7065.0,47.59655860688033,0.0
7066,7066.0,47.17338287507395,0.0
7067,7067.0,46.58815559847021,0.0
7068,7068.0,45.545338613477014,0.0
7069,7069.0,45.22806680606637,0.0
7070,7070.0,44.49818043940269,0.0
7071,7071.0,44.90843083287667,0.0
7072,7072.0,44.06305018896709,0.0
7073,7073.0,43.75693641938613,0.0
7074,7074.0,43.487200984577086,0.0
7075,7075.0,43.08964856666005,0.0
7076,7076.0,42.38206534590566,0.0
7077,7077.0,41.86993553940119,0.0
7078,7078.0,42.265106050389505,0.0
7079,7079.0,41.23644571334342,0.0
7080,7080.0,41.74235978260776,0.0
7081,7081.0,41.2288622770361,0.0
7082,7082.0,41.134173705361505,0.0
7083,7083.0,40.82750984353894,0.0
7084,7084.0,40.28219192572234,0.0
7085,7085.0,39.46987417417132,0.0
7086,7086.0,40.04176604624007,0.0
7087,7087.0,38.94075648882188,0.0
7088,7088.0,39.491669507764946,0.0
7089,7089.0,39.27209689217984,0.0
7090,7090.0,38.71252377189598,0.0
7091,7091.0,38.03088982683935,0.0
7092,7092.0,38.298798447584474,0.0
7093,7093.0,38.024184766776706,0.0
7094,7094.0,37.28110792757638,0.0
7095,7095.0,37.68226873486787,0.0
7096,7096.0,37.2235391607461,0.0
7097,7097.0,37.13399302314417,0.0
7098,7098.0,37.19512743366555,0.0
7099,7099.0,36.47898264894194,0.0
7100,7100.0,36.87713876446954,0.0
7101,7101.0,36.024281069449174,0.0
7102,7102.0,35.87505705362868,0.0
7103,7103.0,36.52398499759427,0.0
7104,7104.0,35.61565202841691,0.0
7105,7105.0,35.46084088767815,0.0
7106,7106.0,35.68665004678705,0.0
7107,7107.0,35.47069033486869,0.0
7108,7108.0,35.1857298593309,0.0
7109,7109.0,34.59260291142347,0.0
7110,7110.0,34.51626427767846,0.0
7111,7111.0,34.257399713901506,0.0
7112,7112.0,34.320606999705525,0.0
7113,7113.0,34.07013238508906,0.0
7114,7114.0,34.23408189918343,0.0
7115,7115.0,34.10234948468898,0.0
7116,7116.0,33.786724784674945,0.0
7117,7117.0,34.02445957646893,0.0
7118,7118.0,33.33420575841385,0.0
7119,7119.0,33.77307819103195,0.0
7120,7120.0,33.19303179948767,0.0
7121,7121.0,33.028709325957756,0.0
7122,7122.0,33.24341250806742,0.0
7123,7123.0,32.91043750415312,0.0
7124,7124.0,32.9367166607461,0.0
7125,7125.0,32.87869597093657,0.0
7126,7126.0,32.39827607690461,0.0
7127,7127.0,32.256723811085436,0.0
7128,7128.0,32.69569611464484,0.0
7129,7129.0,32.41123847493499,0.0
7130,7130.0,32.70604459684556,0.0
7131,7131.0,32.127997156386314,0.0
7132,7132.0,32.35926461409809,0.0
7133,7133.0,32.01402257062538,0.0
7134,7134.0,31.879896816901635,0.0
7135,7135.0,31.600185659851306,0.0
7136,7136.0,31.418545407931656,0.0
7137,7137.0,31.930405534711852,0.0
7138,7138.0,30.899605839925062,0.0
7139,7139.0,31.59160234200563,0.0
7140,7140.0,31.584741322912834,0.0
7141,7141.0,30.984726186743558,0.0
7142,7142.0,30.978638372369872,0.0
7143,7143.0,31.119431463218675,0.0
7144,7144.0,30.524498252085493,0.0
7145,7145.0,30.2256569452809,0.0
7146,7146.0,30.65596961899355,0.0
7147,7147.0,30.133720406935662,0.0
7148,7148.0,30.233040093376616,0.0
7149,7149.0,29.85889645485438,0.0
7150,7150.0,30.336073247387038,0.0
7151,7151.0,30.509844332605923,0.0
7152,7152.0,30.38728733887203,0.0
7153,7153.0,29.828665254352405,0.0
7154,7154.0,29.690267933769128,0.0
7155,7155.0,29.701050800664245,0.0
7156,7156.0,29.861491086836363,0.0
7157,7157.0,29.570308200497518,0.0
7158,7158.0,29.804099639303196,0.0
7159,7159.0,29.2352144932177,0.0
7160,7160.0,29.283880686592035,0.0
7161,7161.0,29.48881474556022,0.0
7162,7162.0,29.46459334898617,0.0
7163,7163.0,29.249592129274085,0.0
7164,7164.0,28.933417553195728,0.0
7165,7165.0,29.35291583171032,0.0
7166,7166.0,28.725893012612037,0.0
7167,7167.0,28.961262559069368,0.0
7168,7168.0,28.562767677608438,0.0
7169,7169.0,29.052387207677537,0.0
7170,7170.0,28.319346279616802,0.0
7171,7171.0,28.71554184476835,0.0
7172,7172.0,28.683346807930246,0.0
7173,7173.0,28.129372437298507,0.0
7174,7174.0,27.98247380265552,0.0
7175,7175.0,28.464446892827127,0.0
7176,7176.0,28.58199776110493,0.0
7177,7177.0,28.318712429369697,0.0
7178,7178.0,28.3728943934452,0.0
7179,7179.0,27.691924000618574,0.0
7180,7180.0,27.904900427084467,0.0
7181,7181.0,27.93427548866937,0.0
7182,7182.0,27.97930020509289,0.0
7183,7183.0,27.74388905321268,0.0
7184,7184.0,27.561049199033654,0.0
7185,7185.0,27.249608115296308,0.0
7186,7186.0,27.482207628718623,0.0
7187,7187.0,27.45068863663406,0.0
7188,7188.0,27.204766122333655,0.0
7189,7189.0,27.03212553245679,0.0
7190,7190.0,27.727739073174426,0.0
7191,7191.0,27.584861524645802,0.0
7192,7192.0,26.94072547085906,0.0
7193,7193.0,27.342368689225257,0.0
7194,7194.0,26.95807336003465,0.0
7195,7195.0,26.538985498993814,0.0
7196,7196.0,26.537243002165944,0.0
7197,7197.0,26.809314395222028,0.0
7198,7198.0,27.04746109579336,0.0
7199,7199.0,26.620031110039108,0.0
7200,7200.0,27.253633144019727,0.0
7201,7201.0,26.247825972006915,0.0
7202,7202.0,26.403416210095866,0.0
7203,7203.0,26.259427438913665,0.0
7204,7204.0,26.83646467365634,0.0
7205,7205.0,26.432872992559304,0.0
7206,7206.0,26.297292903204884,0.0
7207,7207.0,26.10978717711893,0.0
7208,7208.0,26.008713689118878,0.0
7209,7209.0,26.197471970348733,0.0
7210,7210.0,25.814479401014914,0.0
7211,7211.0,25.99379408267376,0.0
7212,7212.0,26.601096129262917,0.0
7213,7213.0,26.102852389899002,0.0
7214,7214.0,26.292522049211964,0.0
7215,7215.0,26.3286286099602,0.0
7216,7216.0,26.183859428422547,0.0
7217,7217.0,25.5942544056869,0.0
7218,7218.0,25.678921607739102,0.0
7219,7219.0,25.755581985905366,0.0
7220,7220.0,26.12175994305312,0.0
7221,7221.0,26.031865294501145,0.0
7222,7222.0,25.695024055234974,0.0
7223,7223.0,25.476720912273542,0.0
7224,7224.0,25.952145359466957,0.0
7225,7225.0,25.077862959287007,0.0
7226,7226.0,25.429727418360326,0.0
7227,7227.0,25.948133106779657,0.0
7228,7228.0,25.45189209811708,0.0
7229,7229.0,25.40113759834236,0.0
7230,7230.0,25.43608751323013,0.0
7231,7231.0,25.43674534638978,0.0
7232,7232.0,25.250264507233464,0.0
7233,7233.0,24.895052164088288,0.0
7234,7234.0,24.82220188209986,0.0
7235,7235.0,25.398512867842793,0.0
7236,7236.0,25.17206923091865,0.0
7237,7237.0,25.35307284220214,0.0
7238,7238.0,25.484634826408865,0.0
7239,7239.0,24.736207526493576,0.0
7240,7240.0,25.387142796834098,0.0
7241,7241.0,25.229742527191153,0.0
7242,7242.0,24.5834539139762,0.0
7243,7243.0,25.00040447802632,0.0
7244,7244.0,24.392927410500587,0.0
7245,7245.0,25.15184989068876,0.0
7246,7246.0,25.20528137699857,0.0
7247,7247.0,25.04523276207022,0.0
7248,7248.0,25.105850952826287,0.0
7249,7249.0,24.373562948855273,0.0
7250,7250.0,24.29330972851557,0.0
7251,7251.0,24.27083098800666,0.0
7252,7252.0,24.137867752960652,0.0
7253,7253.0,24.861491101429294,0.0
7254,7254.0,24.258783780793788,0.0
7255,7255.0,24.40268355552194,0.0
7256,7256.0,24.217268317819382,0.0
7257,7257.0,24.339821372216942,0.0
7258,7258.0,24.726996243700537,0.0
7259,7259.0,23.963941828903522,0.0
7260,7260.0,24.151705287089108,0.0
7261,7261.0,23.994281889775117,0.0
7262,7262.0,24.604736170445562,0.0
7263,7263.0,23.910318547868254,0.0
7264,7264.0,24.483543728951815,0.0
7265,7265.0,24.43904616207818,0.0
7266,7266.0,24.371093202776052,0.0
7267,7267.0,23.829851993122286,0.0
7268,7268.0,24.3257741235185,0.0
7269,7269.0,23.85029906406567,0.0
7270,7270.0,23.78884253038377,0.0
7271,7271.0,24.009725274828256,0.0
7272,7272.0,23.748984329098423,0.0
7273,7273.0,23.577652801920486,0.0
7274,7274.0,23.308088172128933,0.0
7275,7275.0,23.72574754211064,0.0
7276,7276.0,24.14141665823722,0.0
7277,7277.0,23.42658103438361,0.0
7278,7278.0,23.98464083288595,0.0
7279,7279.0,23.718594787099097,0.0
7280,7280.0,24.058641905438716,0.0
7281,7281.0,23.212263063894994,0.0
7282,7282.0,23.50857159807187,0.0
7283,7283.0,23.6824339664503,0.0
7284,7284.0,23.60941720621462,0.0
7285,7285.0,23.648221122708083,0.0
7286,7286.0,23.221121833440275,0.0
7287,7287.0,23.785550492860263,0.0
7288,7288.0,22.936972220711777,0.0
7289,7289.0,23.011950822899603,0.0
7290,7290.0,23.38276133743838,0.0
7291,7291.0,22.957749691158988,0.0
7292,7292.0,23.75083798208697,0.0
7293,7293.0,22.961376243815934,0.0
7294,7294.0,23.688585177850904,0.0
7295,7295.0,23.446036611872017,0.0
7296,7296.0,23.00160498122676,0.0
7297,7297.0,23.621253846482524,0.0
7298,7298.0,22.99426417965073,0.0
7299,7299.0,23.511640033791494,0.0
7300,7300.0,23.17146191325755,0.0
7301,7301.0,22.89966440205288,0.0
7302,7302.0,23.36794581129942,0.0
7303,7303.0,22.88458165311427,0.0
7304,7304.0,22.987656241143288,0.0
7305,7305.0,23.107642944172213,0.0
7306,7306.0,23.240684880499153,0.0
7307,7307.0,23.00987246033429,0.0
7308,7308.0,23.1830620078141,0.0
7309,7309.0,23.105827912842823,0.0
7310,7310.0,22.675766895012856,0.0
7311,7311.0,22.848403187474844,0.0
7312,7312.0,22.392609295643805,0.0
7313,7313.0,23.070089175883226,0.0
7314,7314.0,22.84135280556872,0.0
7315,7315.0,22.304419898680894,0.0
7316,7316.0,22.402911942362294,0.0
7317,7317.0,22.331155902764483,0.0
7318,7318.0,22.53609972950188,0.0
7319,7319.0,22.46762777539323,0.0
7320,7320.0,22.80206150129157,0.0
7321,7321.0,22.59934754153022,0.0
7322,7322.0,22.865810437515414,0.0
7323,7323.0,23.096316922540318,0.0
7324,7324.0,22.35598984989103,0.0
7325,7325.0,22.263186560723135,0.0
7326,7326.0,22.85364426282688,0.0
7327,7327.0,22.216069586163997,0.0
7328,7328.0,22.810666796066503,0.0
7329,7329.0,22.71218161711693,0.0
7330,7330.0,22.343971673695865,0.0
7331,7331.0,22.03908888863668,0.0
7332,7332.0,22.9043489290947,0.0
7333,7333.0,22.700646700547512,0.0
7334,7334.0,22.427791275016013,0.0
7335,7335.0,22.468335130216634,0.0
7336,7336.0,22.661229410287127,0.0
7337,7337.0,21.911555557456946,0.0
7338,7338.0,22.745058814062535,0.0
7339,7339.0,21.99014093157061,0.0
7340,7340.0,21.9459327584943,0.0
7341,7341.0,21.919932046138968,0.0
7342,7342.0,21.819322292703518,0.0
7343,7343.0,22.499262204826483,0.0
7344,7344.0,22.60588745020993,0.0
7345,7345.0,22.07659925815028,0.0
7346,7346.0,22.205758750956647,0.0
7347,7347.0,22.444282420895153,0.0
7348,7348.0,21.893301541389086,0.0
7349,7349.0,22.259547743818867,0.0
7350,7350.0,22.366460475591442,0.0
7351,7351.0,22.040783426930766,0.0
7352,7352.0,22.55387761015837,0.0
7353,7353.0,22.513570291334894,0.0
7354,7354.0,22.469802271214206,0.0
7355,7355.0,21.70427988171796,0.0
7356,7356.0,21.657138371597785,0.0
7357,7357.0,22.255983659269607,0.0
7358,7358.0,21.897817036832638,0.0
7359,7359.0,22.410421248455478,0.0
7360,7360.0,22.474238418805413,0.0
7361,7361.0,22.475764753056353,0.0
7362,7362.0,22.113567787853544,0.0
7363,7363.0,21.647222427961136,0.0
7364,7364.0,21.554019692064333,0.0
7365,7365.0,22.47469524928519,0.0
7366,7366.0,22.291415365075878,0.0
7367,7367.0,21.4812978664197,0.0
7368,7368.0,21.663330831111985,0.0
7369,7369.0,22.009545844505652,0.0
7370,7370.0,21.812286225360875,0.0
7371,7371.0,21.497937266950814,0.0
7372,7372.0,21.744260039548106,0.0
7373,7373.0,22.31377884137256,0.0
7374,7374.0,21.557261549201264,0.0
7375,7375.0,21.668870921723965,0.0
7376,7376.0,21.723792474705753,0.0
7377,7377.0,22.244185990518993,0.0
7378,7378.0,21.838771423801344,0.0
7379,7379.0,21.663055062627016,0.0
7380,7380.0,21.548992364529553,0.0
7381,7381.0,21.58776303967469,0.0
7382,7382.0,22.037993643058233,0.0
7383,7383.0,21.735041762405285,0.0
7384,7384.0,21.60899601766315,0.0
7385,7385.0,22.19927093949763,0.0
7386,7386.0,21.29506964316506,0.0
7387,7387.0,22.103317819320246,0.0
7388,7388.0,21.7168865885585,0.0
7389,7389.0,22.130227958125424,0.0
7390,7390.0,21.352136012475984,0.0
7391,7391.0,21.686814595450684,0.0
7392,7392.0,21.71309788383285,0.0
7393,7393.0,21.768936160544566,0.0
7394,7394.0,21.626389168598067,0.0
7395,7395.0,21.3054648727554,0.0
7396,7396.0,21.696560739379937,0.0
7397,7397.0,21.47058796508877,0.0
7398,7398.0,21.23471756143479,0.0
7399,7399.0,21.337762216516197,0.0
7400,7400.0,21.393894381913732,0.0
7401,7401.0,21.19493000691236,0.0
7402,7402.0,21.356570123684122,0.0
7403,7403.0,21.450022260426877,0.0
7404,7404.0,21.74724470399455,0.0
7405,7405.0,21.23003775304217,0.0
7406,7406.0,21.272000712797816,0.0
7407,7407.0,21.531312894717495,0.0
7408,7408.0,21.766635252354035,0.0
7409,7409.0,21.81120973325435,0.0
7410,7410.0,21.12843451029066,0.0
7411,7411.0,21.830798500981206,0.0
7412,7412.0,21.150675540068033,0.0
7413,7413.0,21.384279151889316,0.0
7414,7414.0,21.351010458789347,0.0
7415,7415.0,21.51898174044323,0.0
7416,7416.0,21.429644027349276,0.0
7417,7417.0,22.06295229057201,0.0
7418,7418.0,21.443492882674533,0.0
7419,7419.0,21.362098055778294,0.0
7420,7420.0,21.982457030675754,0.0
7421,7421.0,21.060699853835857,0.0
7422,7422.0,21.446040307264493,0.0
7423,7423.0,21.469563089866366,0.0
7424,7424.0,21.33895831568885,0.0
7425,7425.0,21.852141644948798,0.0
7426,7426.0,22.007698558662913,0.0
7427,7427.0,21.766697483270974,0.0
7428,7428.0,21.833750671283703,0.0
7429,7429.0,21.214556804495647,0.0
7430,7430.0,21.159323150466136,0.0
7431,7431.0,21.197285042355716,0.0
7432,7432.0,21.765502533876454,0.0
7433,7433.0,21.185886258459703,0.0
7434,7434.0,21.170970656223407,0.0
7435,7435.0,21.65256651646341,0.0
7436,7436.0,21.864640079925152,0.0
7437,7437.0,21.81667947043144,0.0
7438,7438.0,21.14905477756603,0.0
7439,7439.0,21.473155686211705,0.0
7440,7440.0,21.94782573598122,0.0
7441,7441.0,21.621882084344914,0.0
7442,7442.0,21.119307497468803,0.0
7443,7443.0,21.43723149562361,0.0
7444,7444.0,21.54702209631718,0.0
7445,7445.0,21.15957978069065,0.0
7446,7446.0,21.867090601498976,0.0
7447,7447.0,21.351199928160252,0.0
7448,7448.0,21.300539330979518,0.0
7449,7449.0,21.66920241661886,0.0
7450,7450.0,21.368646858649445,0.0
7451,7451.0,21.69920191502381,0.0
7452,7452.0,21.433512330305632,65.0
7453,7453.0,24.9293859259721,65.0
7454,7454.0,28.520162859190663,65.0
7455,7455.0,30.93790082073638,65.0
7456,7456.0,32.65189243148748,65.0
7457,7457.0,33.98142953015412,65.0
7458,7458.0,35.40753531617246,65.0
7459,7459.0,36.7638549374334,65.0
7460,7460.0,38.21935745452136,65.0
7461,7461.0,39.18024889853865,65.0
7462,7462.0,39.60078372656081,65.0
7463,7463.0,40.73126610262344,65.0
7464,7464.0,41.375176088591154,65.0
7465,7465.0,41.968569039361476,65.0
7466,7466.0,42.38510924805252,65.0
7467,7467.0,43.00403385425719,65.0
7468,7468.0,44.27360727668195,65.0
7469,7469.0,44.19102124446019,65.0
7470,7470.0,45.19377488567377,65.0
7471,7471.0,45.913280171768456,65.0
7472,7472.0,46.544237300016974,65.0
7473,7473.0,46.56037748138436,65.0
7474,7474.0,47.00029978445129,65.0
7475,7475.0,47.07119710516878,65.0
7476,7476.0,47.87282254010076,65.0
7477,7477.0,48.283571195158444,65.0
7478,7478.0,48.46186417279573,65.0
7479,7479.0,48.56154268272979,65.0
7480,7480.0,48.89614394566567,65.0
7481,7481.0,49.72965744031819,65.0
7482,7482.0,50.15973288630768,65.0
7483,7483.0,50.53930436489817,65.0
7484,7484.0,50.31779813111647,65.0
7485,7485.0,51.209630719146475,65.0
7486,7486.0,51.552442261764575,65.0
7487,7487.0,50.97934876128785,65.0
7488,7488.0,51.673506118438816,65.0
7489,7489.0,51.55727886684014,65.0
7490,7490.0,52.11588857082623,65.0
7491,7491.0,52.83649560148098,65.0
7492,7492.0,52.3951505493276,65.0
7493,7493.0,53.311924002967444,65.0
7494,7494.0,52.987260221364046,65.0
7495,7495.0,53.28350768390584,65.0
7496,7496.0,53.17572443493906,65.0
7497,7497.0,53.692412850177554,65.0
7498,7498.0,53.73636160656526,65.0
7499,7499.0,54.40797269202495,65.0
7500,7500.0,54.7790209873874,65.0
7501,7501.0,54.2826838921446,65.0
7502,7502.0,55.152449528017975,65.0
7503,7503.0,54.799593022807045,65.0
7504,7504.0,54.7446528054126,65.0
7505,7505.0,55.34886425065297,65.0
7506,7506.0,55.530471928567664,65.0
7507,7507.0,55.51376960719008,65.0
7508,7508.0,55.78281370079061,65.0
7509,7509.0,56.2845321836921,65.0
7510,7510.0,56.256317600696796,65.0
7511,7511.0,55.91313024281964,65.0
7512,7512.0,56.61929124259167,65.0
7513,7513.0,56.50680539955864,65.0
7514,7514.0,56.80753866338824,65.0
7515,7515.0,56.70787121866134,65.0
7516,7516.0,56.71957274514016,65.0
7517,7517.0,56.67957230719656,65.0
7518,7518.0,57.47553198464467,65.0
7519,7519.0,57.672520864071224,65.0
7520,7520.0,57.166128838155416,65.0
7521,7521.0,57.76278985238229,65.0
7522,7522.0,57.55841705440202,65.0
7523,7523.0,57.9950782407416,65.0
7524,7524.0,57.63035537968857,65.0
7525,7525.0,58.08473639291908,65.0
7526,7526.0,57.75067945469191,65.0
7527,7527.0,58.18994796986056,65.0
7528,7528.0,58.76998942558384,65.0
7529,7529.0,58.027436910117736,65.0
7530,7530.0,58.849559762143755,65.0
7531,7531.0,58.6715951562415,65.0
7532,7532.0,59.17486507767836,65.0
7533,7533.0,58.71209547423397,65.0
7534,7534.0,58.971313690663415,65.0
7535,7535.0,59.194639183540424,65.0
7536,7536.0,59.3967409087678,65.0
7537,7537.0,59.02448308336232,65.0
7538,7538.0,59.03249564181285,65.0
7539,7539.0,59.79062143130173,65.0
7540,7540.0,59.602291926007766,65.0
7541,7541.0,59.758357823552494,65.0
7542,7542.0,60.0001507616044,65.0
7543,7543.0,59.876360575145796,65.0
7544,7544.0,60.27297786416333,65.0
7545,7545.0,59.683951767181604,65.0
7546,7546.0,60.00290396372462,65.0
7547,7547.0,60.25307545705494,65.0
7548,7548.0,59.954332669491095,65.0
7549,7549.0,60.439244544118345,65.0
7550,7550.0,60.57654562995006,65.0
7551,7551.0,60.51268019579702,65.0
7552,7552.0,60.693035777146115,65.0
7553,7553.0,60.230874143202755,65.0
7554,7554.0,60.7961126487917,65.0
7555,7555.0,60.8626839899526,65.0
7556,7556.0,61.30843510498283,65.0
7557,7557.0,60.42259011094651,65.0
7558,7558.0,61.388066095242394,65.0
7559,7559.0,61.26056843585848,65.0
7560,7560.0,60.63263324572201,65.0
7561,7561.0,61.086592520149956,65.0
7562,7562.0,60.7360911167134,65.0
7563,7563.0,61.39495607187888,65.0
7564,7564.0,61.21958925725938,65.0
7565,7565.0,61.472024739505216,65.0
7566,7566.0,61.09209712002145,65.0
7567,7567.0,61.16996565814299,65.0
7568,7568.0,61.307241661525715,65.0
7569,7569.0,61.600272963147255,65.0
7570,7570.0,62.18428455943011,65.0
7571,7571.0,61.75466483507874,65.0
7572,7572.0,61.62940288890752,65.0
7573,7573.0,61.92149680881094,65.0
7574,7574.0,62.24127757243509,65.0
7575,7575.0,61.455831563333895,65.0
7576,7576.0,61.869807436376725,65.0
7577,7577.0,62.070658964402384,65.0
7578,7578.0,61.76464235735984,65.0
7579,7579.0,62.273920181356296,65.0
7580,7580.0,62.28686018577023,65.0
7581,7581.0,62.02065757435696,65.0
7582,7582.0,61.87085833879262,65.0
7583,7583.0,62.553163333799894,65.0
7584,7584.0,62.26138540599527,65.0
7585,7585.0,62.81056640679104,65.0
7586,7586.0,62.69444645285771,65.0
7587,7587.0,62.19628059763482,65.0
7588,7588.0,62.852312300256855,65.0
7589,7589.0,62.784834511778044,65.0
7590,7590.0,63.067568539004284,65.0
7591,7591.0,63.064395858581854,65.0
7592,7592.0,62.419375439948645,65.0
7593,7593.0,62.91880773840015,65.0
7594,7594.0,62.369696439014376,65.0
7595,7595.0,63.26579469544487,65.0
7596,7596.0,62.62116505040933,65.0
7597,7597.0,62.87013670814714,65.0
7598,7598.0,62.44497218577891,65.0
7599,7599.0,62.979726155370265,65.0
7600,7600.0,62.924425716679735,65.0
7601,7601.0,63.33470775063602,65.0
7602,7602.0,63.40868136146564,65.0
7603,7603.0,62.79253246486822,65.0
7604,7604.0,62.587545049153974,65.0
7605,7605.0,63.49764170669597,65.0
7606,7606.0,63.35059553520942,65.0
7607,7607.0,62.66075382484878,65.0
7608,7608.0,63.189920914059876,65.0
7609,7609.0,63.498024482054134,65.0
7610,7610.0,63.534101858179376,65.0
7611,7611.0,63.016408022070685,65.0
7612,7612.0,63.612124400034936,65.0
7613,7613.0,63.73317929500857,65.0
7614,7614.0,63.16951695479839,65.0
7615,7615.0,63.722882202110156,65.0
7616,7616.0,63.40678726231584,65.0
7617,7617.0,63.226550212687236,65.0
7618,7618.0,63.46262880705872,65.0
7619,7619.0,63.82572090439957,65.0
7620,7620.0,63.44383145566138,65.0
7621,7621.0,63.48955686506889,65.0
7622,7622.0,63.18465306373239,65.0
7623,7623.0,63.242779705525514,65.0
7624,7624.0,63.13699682259869,65.0
7625,7625.0,63.73033215444702,65.0
7626,7626.0,63.70530744638132,65.0
7627,7627.0,63.76017474233072,65.0
7628,7628.0,63.518696236460094,65.0
7629,7629.0,63.57167394606056,65.0
7630,7630.0,63.221973248858404,65.0
7631,7631.0,63.40980289537432,65.0
7632,7632.0,63.11778687780051,65.0
7633,7633.0,63.81280515339417,65.0
7634,7634.0,63.981796885995735,65.0
7635,7635.0,63.74286042014693,65.0
7636,7636.0,63.7221827193042,65.0
7637,7637.0,63.39255174875073,65.0
7638,7638.0,63.32511804342642,65.0
7639,7639.0,63.262451384941365,65.0
7640,7640.0,63.68603380321812,65.0
7641,7641.0,63.25687281843278,65.0
7642,7642.0,63.819875577754985,65.0
7643,7643.0,63.5314461507754,65.0
7644,7644.0,63.711432327229005,65.0
7645,7645.0,63.267271471154665,65.0
7646,7646.0,63.7912255271565,65.0
7647,7647.0,63.38518179859528,65.0
7648,7648.0,63.74258756381847,65.0
7649,7649.0,63.78545590915735,65.0
7650,7650.0,63.45486890875309,65.0
7651,7651.0,63.576512919578285,65.0
7652,7652.0,63.398252122658214,65.0
7653,7653.0,63.88936436058244,65.0
7654,7654.0,63.999830641734405,65.0
7655,7655.0,64.20467941196469,65.0
7656,7656.0,63.906111139559606,65.0
7657,7657.0,63.62811872235934,65.0
7658,7658.0,63.71304483291126,65.0
7659,7659.0,64.151845417389,65.0
7660,7660.0,63.81041930407406,65.0
7661,7661.0,63.54413750878838,65.0
7662,7662.0,63.72596972065572,65.0
7663,7663.0,64.06856343551775,65.0
7664,7664.0,63.46128694982119,65.0
7665,7665.0,63.80240304235705,65.0
7666,7666.0,63.990723194136976,65.0
7667,7667.0,64.08738868822364,65.0
7668,7668.0,63.836792117994015,65.0
7669,7669.0,64.07067397170607,65.0
7670,7670.0,63.74380746930013,65.0
7671,7671.0,63.60364891562723,65.0
7672,7672.0,63.83542783599524,0.0
7673,7673.0,61.570702321106225,0.0
7674,7674.0,59.784032383305146,0.0
7675,7675.0,58.4268801331774,0.0
7676,7676.0,57.32521567641224,0.0
7677,7677.0,55.87573164761886,0.0
7678,7678.0,54.549644335298275,0.0
7679,7679.0,53.30869338122074,0.0
7680,7680.0,53.253822583065556,0.0
7681,7681.0,52.06308932494844,0.0
7682,7682.0,51.26214284386474,0.0
7683,7683.0,50.900858974728536,0.0
7684,7684.0,49.5284879416614,0.0
7685,7685.0,49.05602304127957,0.0
7686,7686.0,48.31936297328297,0.0
7687,7687.0,47.74592536869499,0.0
7688,7688.0,47.76894271799261,0.0
7689,7689.0,46.478604714130796,0.0
7690,7690.0,46.21991695459308,0.0
7691,7691.0,45.65548521746677,0.0
7692,7692.0,45.36583862251805,0.0
7693,7693.0,45.08211084833778,0.0
7694,7694.0,44.2603931432234,0.0
7695,7695.0,44.19045474588974,0.0
7696,7696.0,43.690029734342275,0.0
7697,7697.0,43.841817879425776,0.0
7698,7698.0,43.311264176900444,0.0
7699,7699.0,42.642600125759365,0.0
7700,7700.0,42.23234949993997,0.0
7701,7701.0,42.13537763092558,0.0
7702,7702.0,42.06418224856234,0.0
7703,7703.0,41.34486511501141,0.0
7704,7704.0,41.30757219256752,0.0
7705,7705.0,41.252742737873646,0.0
7706,7706.0,41.07574919213807,0.0
7707,7707.0,40.026077782126045,0.0
7708,7708.0,39.75724314578089,0.0
7709,7709.0,40.34140868417052,0.0
7710,7710.0,39.77470609373244,0.0
7711,7711.0,39.153121774176874,0.0
7712,7712.0,38.764481329369495,0.0
7713,7713.0,39.391693935253265,0.0
7714,7714.0,39.0382373634546,0.0
7715,7715.0,38.60331703780115,0.0
7716,7716.0,38.622181805519425,0.0
7717,7717.0,37.58852858864967,0.0
7718,7718.0,37.89473245171452,0.0
7719,7719.0,38.070094065682824,0.0
7720,7720.0,37.16892277729983,0.0
7721,7721.0,36.78810147742981,0.0
7722,7722.0,36.81310432640425,0.0
7723,7723.0,36.510854532453365,0.0
7724,7724.0,36.242239013395825,0.0
7725,7725.0,36.43257092702899,0.0
7726,7726.0,36.76083876294753,0.0
7727,7727.0,36.38770904271803,0.0
7728,7728.0,35.65799991517464,0.0
7729,7729.0,36.248929725973916,0.0
7730,7730.0,35.65375827634518,0.0
7731,7731.0,35.44089113469708,0.0
7732,7732.0,35.27069178005434,0.0
7733,7733.0,35.484200903083625,0.0
7734,7734.0,34.56530315465449,0.0
7735,7735.0,35.03389627735889,0.0
7736,7736.0,34.22522906195053,0.0
7737,7737.0,34.81777527169743,0.0
7738,7738.0,34.835625010575065,0.0
7739,7739.0,34.407114938671704,0.0
7740,7740.0,34.28758862410464,0.0
7741,7741.0,34.346515582954005,0.0
7742,7742.0,33.4399903208809,0.0
7743,7743.0,33.565967059020096,0.0
7744,7744.0,33.085402381044986,0.0
7745,7745.0,33.323174577726874,0.0
7746,7746.0,33.098635102360134,0.0
7747,7747.0,33.292044795589085,0.0
7748,7748.0,32.911686018824504,0.0
7749,7749.0,32.760325800184326,0.0
7750,7750.0,32.652987341458434,0.0
7751,7751.0,32.904313483864335,0.0
7752,7752.0,32.937855650327634,0.0
7753,7753.0,32.07656514994439,0.0
7754,7754.0,32.236603039202826,0.0
7755,7755.0,32.15175340838843,0.0
7756,7756.0,32.28219917914626,0.0
7757,7757.0,32.35795046779829,0.0
7758,7758.0,32.07897123538739,0.0
7759,7759.0,31.41121435543958,0.0
7760,7760.0,32.094068839604816,0.0
7761,7761.0,31.23097925855627,0.0
7762,7762.0,31.68325261595612,0.0
7763,7763.0,30.92530017764502,0.0
7764,7764.0,31.61393061929217,0.0
7765,7765.0,31.385635362433796,0.0
7766,7766.0,30.967931216974286,0.0
7767,7767.0,30.853004094012555,0.0
7768,7768.0,31.036297923551036,0.0
7769,7769.0,31.256329201740147,0.0
7770,7770.0,30.75980153994071,0.0
7771,7771.0,30.532756324140475,0.0
7772,7772.0,30.330711144936895,0.0
7773,7773.0,30.69172222441094,0.0
7774,7774.0,30.273674096017416,0.0
7775,7775.0,30.190565151810414,0.0
7776,7776.0,29.812320592881026,0.0
7777,7777.0,30.4153876910681,0.0
7778,7778.0,30.269313953545776,0.0
7779,7779.0,29.979201194129093,0.0
7780,7780.0,29.80401418944984,0.0
7781,7781.0,29.52078617695416,0.0
7782,7782.0,29.99877380310324,0.0
7783,7783.0,29.44473339179403,0.0
7784,7784.0,29.140708451358627,0.0
7785,7785.0,29.83019733289078,0.0
7786,7786.0,29.318167078065386,0.0
7787,7787.0,29.14061189471681,0.0
7788,7788.0,29.157389373337686,0.0
7789,7789.0,28.834296987048102,0.0
7790,7790.0,29.07862728593035,0.0
7791,7791.0,28.443269355468278,0.0
7792,7792.0,28.72395410642347,0.0
7793,7793.0,28.396482963954494,0.0
7794,7794.0,28.277902085245575,0.0
7795,7795.0,28.148462501109073,0.0
7796,7796.0,28.36569705218015,0.0
7797,7797.0,28.8110509932803,0.0
7798,7798.0,28.815266573908094,0.0
7799,7799.0,27.9164011308564,0.0
7800,7800.0,27.956988301326675,0.0
7801,7801.0,27.852889949400087,0.0
7802,7802.0,28.006801310555275,0.0
7803,7803.0,28.08437783916051,0.0
7804,7804.0,28.4378495603859,0.0
7805,7805.0,28.28371568960313,0.0
7806,7806.0,28.36483633957057,0.0
7807,7807.0,27.559760623937628,0.0
7808,7808.0,27.694549796632923,0.0
7809,7809.0,27.892046377147597,0.0
7810,7810.0,27.719860074015475,0.0
7811,7811.0,27.292606314431524,0.0
7812,7812.0,27.225930933671172,0.0
7813,7813.0,27.17111267265884,0.0
7814,7814.0,27.487318160207558,0.0
7815,7815.0,27.65606985877967,0.0
7816,7816.0,27.62185609923004,0.0
7817,7817.0,26.998971769711858,0.0
7818,7818.0,27.464487068112618,0.0
7819,7819.0,27.408387740370607,0.0
7820,7820.0,27.1880168361184,0.0
7821,7821.0,27.09208992153413,0.0
7822,7822.0,26.95950158016788,0.0
7823,7823.0,27.121455633950255,0.0
7824,7824.0,27.011457276831774,0.0
7825,7825.0,26.99785892931267,0.0
7826,7826.0,26.81152942881672,0.0
7827,7827.0,26.250895688639652,0.0
7828,7828.0,26.75385171239913,0.0
7829,7829.0,26.045534017857204,0.0
7830,7830.0,26.38898556019771,0.0
7831,7831.0,26.40359039326868,0.0
7832,7832.0,26.083426085130085,0.0
7833,7833.0,25.85102687985511,0.0
7834,7834.0,26.02255610354234,0.0
7835,7835.0,26.574137145044492,0.0
7836,7836.0,26.4062290659475,0.0
7837,7837.0,26.395137379844464,0.0
7838,7838.0,26.07380075240468,0.0
7839,7839.0,25.726253425668023,0.0
7840,7840.0,26.437970484375967,0.0
7841,7841.0,26.37857253370003,0.0
7842,7842.0,25.672384081134833,0.0
7843,7843.0,25.948382080735644,0.0
7844,7844.0,25.812886853650085,0.0
7845,7845.0,25.806325284604608,0.0
7846,7846.0,25.654592758961023,0.0
7847,7847.0,25.894185193865496,0.0
7848,7848.0,25.863177686653206,0.0
7849,7849.0,25.631776014938456,0.0
7850,7850.0,25.977032498831157,0.0
7851,7851.0,25.897435214446055,0.0
7852,7852.0,25.54607890717226,0.0
7853,7853.0,25.884736440917536,0.0
7854,7854.0,25.679831322875675,0.0
7855,7855.0,25.65246268037298,0.0
7856,7856.0,25.61285693576911,0.0
7857,7857.0,24.96977384319466,0.0
7858,7858.0,25.611915952489447,0.0
7859,7859.0,25.02885505600331,0.0
7860,7860.0,25.51309240733659,0.0
7861,7861.0,25.31852212477827,0.0
7862,7862.0,24.690283169527312,0.0
7863,7863.0,24.865484747179245,0.0
7864,7864.0,24.753893194215717,0.0
7865,7865.0,25.0547595252574,0.0
7866,7866.0,24.95340179446353,0.0
7867,7867.0,24.467904018575734,0.0
7868,7868.0,24.780182818028617,0.0
7869,7869.0,24.6762009390723,0.0
7870,7870.0,24.46094992220735,0.0
7871,7871.0,24.287154354119963,0.0
7872,7872.0,25.04936739195495,0.0
7873,7873.0,24.225673850674337,0.0
7874,7874.0,24.143768309342494,0.0
7875,7875.0,24.122514313020123,0.0
7876,7876.0,24.833879509178832,0.0
7877,7877.0,24.547401760998454,0.0
7878,7878.0,24.627613573057687,0.0
7879,7879.0,24.702226610384677,0.0
7880,7880.0,23.90632869481616,0.0
7881,7881.0,24.00090687484608,0.0
7882,7882.0,23.8878270870507,0.0
7883,7883.0,24.01273692375865,0.0
7884,7884.0,24.227624162230256,0.0
7885,7885.0,24.068728402162645,0.0
7886,7886.0,24.50871060346363,0.0
7887,7887.0,23.673721229973317,0.0
7888,7888.0,24.361498231421425,0.0
7889,7889.0,24.360192377413647,0.0
7890,7890.0,23.60548821184318,0.0
7891,7891.0,23.859331342686808,0.0
7892,7892.0,24.162012497129215,0.0
7893,7893.0,24.337789943976045,0.0
7894,7894.0,23.64201773599618,0.0
7895,7895.0,23.669940755458192,0.0
7896,7896.0,24.253248680682,0.0
7897,7897.0,23.387328650854204,0.0
7898,7898.0,23.517549526331663,0.0
7899,7899.0,23.47306488319385,0.0
7900,7900.0,23.256775512671073,0.0
7901,7901.0,23.81890087538712,0.0
7902,7902.0,24.165472246638796,0.0
7903,7903.0,23.710919644299185,0.0
7904,7904.0,23.75016219570004,0.0
7905,7905.0,23.10936858538807,0.0
7906,7906.0,23.727496157698774,0.0
7907,7907.0,23.547063955407637,0.0
7908,7908.0,23.80805919360926,0.0
7909,7909.0,22.999414987284382,0.0
7910,7910.0,23.70289330558578,0.0
7911,7911.0,23.078081272963676,0.0
7912,7912.0,22.931653542151004,0.0
7913,7913.0,23.29533006306401,0.0
7914,7914.0,23.139116629395435,0.0
7915,7915.0,23.27372341566248,0.0
7916,7916.0,22.824847815571687,0.0
7917,7917.0,23.355727564622207,0.0
7918,7918.0,22.78449883162872,0.0
7919,7919.0,23.497428016168183,0.0
7920,7920.0,23.32831569752517,0.0
7921,7921.0,23.425914047197313,0.0
7922,7922.0,22.91350902409901,0.0
7923,7923.0,22.749969566609657,0.0
7924,7924.0,22.711991629147885,0.0
7925,7925.0,23.060779589559964,0.0
7926,7926.0,23.21346529675501,0.0
7927,7927.0,22.99715950195698,0.0
7928,7928.0,23.077055048639345,0.0
7929,7929.0,22.730369444951965,0.0
7930,7930.0,23.07117065848711,0.0
7931,7931.0,22.795523551140132,0.0
7932,7932.0,22.63145989588151,0.0
7933,7933.0,23.38078386930252,0.0
7934,7934.0,23.053189453538202,0.0
7935,7935.0,22.706314811653215,0.0
7936,7936.0,23.08542278603438,0.0
7937,7937.0,23.054854952362817,0.0
7938,7938.0,22.402431336270908,0.0
7939,7939.0,23.018756085188805,0.0
7940,7940.0,22.566465530384097,0.0
7941,7941.0,22.9150968222707,0.0
7942,7942.0,22.847702174987745,0.0
7943,7943.0,22.50013425010066,0.0
7944,7944.0,22.82312977172441,0.0
7945,7945.0,22.393780504763686,0.0
7946,7946.0,22.53819914166511,0.0
7947,7947.0,22.45014029533076,0.0
7948,7948.0,22.6994286745674,0.0
7949,7949.0,23.087563945375372,0.0
7950,7950.0,22.70678408277262,0.0
7951,7951.0,22.081699951163024,0.0
7952,7952.0,22.14918444574787,0.0
7953,7953.0,22.882409426461262,0.0
7954,7954.0,22.617986525413528,0.0
7955,7955.0,22.037111097331287,0.0
7956,7956.0,22.842497643679966,0.0
7957,7957.0,22.595329078693997,0.0
7958,7958.0,22.824179380181405,0.0
7959,7959.0,22.764819903510077,0.0
7960,7960.0,22.850085254078877,0.0
7961,7961.0,22.403323885763317,0.0
7962,7962.0,21.929999314865594,0.0
7963,7963.0,22.068868275759456,0.0
7964,7964.0,22.57366141208095,0.0
7965,7965.0,22.3945186386833,0.0
7966,7966.0,22.684960642525933,0.0
7967,7967.0,22.721471322739728,0.0
7968,7968.0,21.95801717029565,0.0
7969,7969.0,22.25955473914176,0.0
7970,7970.0,22.18615199772167,0.0
7971,7971.0,21.8962735204423,0.0
7972,7972.0,21.886506521031325,0.0
7973,7973.0,22.505848271554985,0.0
7974,7974.0,21.713567703859976,0.0
7975,7975.0,22.425460089915195,0.0
7976,7976.0,22.237374046008416,0.0
7977,7977.0,21.702266973730687,0.0
7978,7978.0,22.388775106526786,0.0
7979,7979.0,22.087416300563042,0.0
7980,7980.0,22.219708859096954,0.0
7981,7981.0,22.465082020225854,0.0
7982,7982.0,21.65199689983752,0.0
7983,7983.0,21.727441550184828,0.0
7984,7984.0,22.410755351861557,0.0
7985,7985.0,21.996081052299242,0.0
7986,7986.0,22.220789360296834,0.0
7987,7987.0,21.789740446111548,0.0
7988,7988.0,22.26806899322652,0.0
7989,7989.0,22.483154404122224,0.0
7990,7990.0,21.59471254613753,0.0
7991,7991.0,21.796813871153965,0.0
7992,7992.0,22.304062458181498,0.0
7993,7993.0,21.646532334874355,0.0
7994,7994.0,22.402527004883925,0.0
7995,7995.0,21.598561066725395,0.0
7996,7996.0,21.64827745687679,0.0
7997,7997.0,21.962393929195567,0.0
7998,7998.0,22.316438559662494,0.0
7999,7999.0,21.7270243440317,0.0
8000,8000.0,22.072063152986942,0.0
8001,8001.0,21.75303697269611,0.0
8002,8002.0,21.77719801231216,0.0
8003,8003.0,21.41806257585126,0.0
8004,8004.0,21.66001546192702,0.0
8005,8005.0,22.309230652904898,0.0
8006,8006.0,22.219797614879543,0.0
8007,8007.0,21.301293727897335,0.0
8008,8008.0,21.357097012678977,0.0
8009,8009.0,22.06733046954583,0.0
8010,8010.0,21.858600476468236,0.0
8011,8011.0,21.403604878643538,0.0
8012,8012.0,21.38959448557568,0.0
8013,8013.0,22.218882072999964,0.0
8014,8014.0,21.931754765742568,0.0
8015,8015.0,21.51345268119279,0.0
8016,8016.0,21.246471167085094,0.0
8017,8017.0,21.62211522044373,0.0
8018,8018.0,21.719596991657852,0.0
8019,8019.0,21.271127234048585,0.0
8020,8020.0,21.65216914293479,0.0
8021,8021.0,21.66652879386664,0.0
8022,8022.0,21.35007969833744,0.0
8023,8023.0,21.186996811775533,0.0
8024,8024.0,21.7385481877159,0.0
8025,8025.0,21.445364726283582,0.0
8026,8026.0,21.916771655465556,0.0
8027,8027.0,21.731509021725937,0.0
8028,8028.0,22.052211262592675,0.0
8029,8029.0,21.412319566753705,0.0
8030,8030.0,21.24669768646732,0.0
8031,8031.0,21.830251011966258,0.0
8032,8032.0,21.50276415070047,0.0
8033,8033.0,21.79644447205501,0.0
8034,8034.0,21.246601173385805,0.0
8035,8035.0,21.73034514036603,0.0
8036,8036.0,21.17957149317484,0.0
8037,8037.0,21.398028181418493,0.0
8038,8038.0,21.223189961761456,0.0
8039,8039.0,21.964376787727634,0.0
8040,8040.0,21.921754211723925,0.0
8041,8041.0,21.11568087047272,0.0
8042,8042.0,21.85723381377112,0.0
8043,8043.0,21.727877197075248,0.0
8044,8044.0,21.852956728784914,0.0
8045,8045.0,21.86708360532446,0.0
8046,8046.0,21.194513585176107,0.0
8047,8047.0,21.72974773158252,0.0
8048,8048.0,21.108488759104265,0.0
8049,8049.0,21.99950558168742,0.0
8050,8050.0,21.937012395725738,0.0
8051,8051.0,21.450558330288615,0.0
8052,8052.0,21.309024964717413,0.0
8053,8053.0,21.65795065656661,0.0
8054,8054.0,21.143550826346438,0.0
8055,8055.0,21.117102813199377,0.0
8056,8056.0,21.67327865195077,0.0
8057,8057.0,21.706661055331743,0.0
8058,8058.0,21.708670809927252,0.0
8059,8059.0,21.78319405113988,0.0
8060,8060.0,21.731423411920744,0.0
8061,8061.0,21.185379280480426,0.0
8062,8062.0,21.147468115644283,0.0
8063,8063.0,21.202949005213114,0.0
8064,8064.0,21.48887325099516,0.0
8065,8065.0,21.219955210521757,0.0
8066,8066.0,21.839842807707612,0.0
8067,8067.0,21.63289108022488,0.0
8068,8068.0,21.14934863262066,0.0
8069,8069.0,21.58877336033728,0.0
8070,8070.0,21.964938693412844,0.0
8071,8071.0,21.959731863742817,0.0
8072,8072.0,21.133156700223065,0.0
8073,8073.0,21.45984724211848,70.0
8074,8074.0,26.134811875694638,70.0
8075,8075.0,28.809489632020256,70.0
8076,8076.0,31.102283393662102,70.0
8077,8077.0,33.06156057389977,70.0
8078,8078.0,35.27752711017611,70.0
8079,8079.0,35.966239214088624,70.0
8080,8080.0,37.466737390939706,70.0
8081,8081.0,38.84499513888781,70.0
8082,8082.0,40.08613629164191,70.0
8083,8083.0,40.969503485223655,70.0
8084,8084.0,41.73314060529005,70.0
8085,8085.0,42.17669568675632,70.0
8086,8086.0,43.404174606904164,70.0
8087,8087.0,43.979576887381896,70.0
8088,8088.0,44.8609832798304,70.0
8089,8089.0,45.258324931645916,70.0
8090,8090.0,45.341555775584375,70.0
8091,8091.0,46.27683021486092,70.0
8092,8092.0,46.90799097126568,70.0
8093,8093.0,47.24470458073656,70.0
8094,8094.0,47.93045798089743,70.0
8095,8095.0,48.680407532808154,70.0
8096,8096.0,48.52478645009582,70.0
8097,8097.0,49.724731618311594,70.0
8098,8098.0,49.21121389422715,70.0
8099,8099.0,50.510765989397335,70.0
8100,8100.0,50.645871887477725,70.0
8101,8101.0,50.63380096682036,70.0
8102,8102.0,50.886151942030075,70.0
8103,8103.0,51.5001361361943,70.0
8104,8104.0,51.28390989410025,70.0
8105,8105.0,51.69300369448756,70.0
8106,8106.0,52.0364476714345,70.0
8107,8107.0,52.25995059111977,70.0
8108,8108.0,52.83237033112998,70.0
8109,8109.0,53.28997569945504,70.0
8110,8110.0,53.547647669130995,70.0
8111,8111.0,53.736698448194694,70.0
8112,8112.0,54.17400472510034,70.0
8113,8113.0,53.95482021159271,70.0
8114,8114.0,54.27179966253642,70.0
8115,8115.0,54.97006878017661,70.0
8116,8116.0,55.45705629633395,70.0
8117,8117.0,55.1353774081004,70.0
8118,8118.0,55.58837943060444,70.0
8119,8119.0,55.61011651587248,70.0
8120,8120.0,55.55993287950427,70.0
8121,8121.0,55.98418601565567,70.0
8122,8122.0,55.99907720615149,70.0
8123,8123.0,56.221499632899764,70.0
8124,8124.0,56.5755952243465,70.0
8125,8125.0,56.698277409668584,70.0
8126,8126.0,57.46097523302144,70.0
8127,8127.0,56.95579534344253,70.0
8128,8128.0,56.89899806440187,70.0
8129,8129.0,57.47276569225796,70.0
8130,8130.0,57.30581756182335,70.0
8131,8131.0,57.41352968535432,70.0
8132,8132.0,58.19071455772736,70.0
8133,8133.0,58.499794577887144,70.0
8134,8134.0,57.92420999152682,70.0
8135,8135.0,58.34268253151869,70.0
8136,8136.0,58.2514352439391,70.0
8137,8137.0,58.25947563946969,70.0
8138,8138.0,59.25778565176847,70.0
8139,8139.0,58.79564532641296,70.0
8140,8140.0,59.145626360733054,70.0
8141,8141.0,59.199882767399274,70.0
8142,8142.0,59.56509742387996,70.0
8143,8143.0,59.73280684093614,70.0
8144,8144.0,59.6661981025031,70.0
8145,8145.0,59.68155752832135,70.0
8146,8146.0,59.97567240853854,70.0
8147,8147.0,59.79894675143056,70.0
8148,8148.0,60.27975291171414,70.0
8149,8149.0,60.53600562487121,70.0
8150,8150.0,60.33556948734143,70.0
8151,8151.0,60.274427798487515,70.0
8152,8152.0,60.10210113084499,70.0
8153,8153.0,60.38499252895689,70.0
8154,8154.0,61.23631367760308,70.0
8155,8155.0,61.05851061458973,70.0
8156,8156.0,61.0035317433555,70.0
8157,8157.0,61.284713419133574,70.0
8158,8158.0,61.391978633904614,70.0
8159,8159.0,61.51744069925151,70.0
8160,8160.0,61.25076378293773,70.0
8161,8161.0,61.09673495831747,70.0
8162,8162.0,61.41615587337443,70.0
8163,8163.0,61.48225646702646,70.0
8164,8164.0,61.68799776408776,70.0
8165,8165.0,61.61720799882855,70.0
8166,8166.0,62.10383705673848,70.0
8167,8167.0,61.63363123165938,70.0
8168,8168.0,62.47487526453576,70.0
8169,8169.0,62.23214543285103,70.0
8170,8170.0,62.124751312447565,70.0
8171,8171.0,62.4924044501009,70.0
8172,8172.0,62.82217064819323,70.0
8173,8173.0,62.85532819093414,70.0
8174,8174.0,62.31149181630672,70.0
8175,8175.0,62.87245980061426,70.0
8176,8176.0,62.371062017674284,70.0
8177,8177.0,62.5908006278442,70.0
8178,8178.0,63.12869368023525,70.0
8179,8179.0,62.48939306136874,70.0
8180,8180.0,62.92554829551669,70.0
8181,8181.0,62.7924620981806,70.0
8182,8182.0,63.07185814317727,70.0
8183,8183.0,63.052700406829246,70.0
8184,8184.0,63.39631338699834,70.0
8185,8185.0,62.85985741917297,70.0
8186,8186.0,63.36403986248306,70.0
8187,8187.0,63.671713736022596,70.0
8188,8188.0,63.3313875822716,70.0
8189,8189.0,63.651153934252946,70.0
8190,8190.0,63.732238573403485,70.0
8191,8191.0,64.06402989977096,70.0
8192,8192.0,63.460708464417735,70.0
8193,8193.0,64.24555669929943,70.0
8194,8194.0,64.26456909543093,70.0
8195,8195.0,64.07909314762647,70.0
8196,8196.0,63.63518135857895,70.0
8197,8197.0,63.815213118204085,70.0
8198,8198.0,63.928120149102575,70.0
8199,8199.0,63.71000976347428,70.0
8200,8200.0,64.11976169406597,70.0
8201,8201.0,64.26616892110333,70.0
8202,8202.0,64.36589018758384,70.0
8203,8203.0,63.94472654032931,70.0
8204,8204.0,64.44645712147822,70.0
8205,8205.0,64.70273142345602,70.0
8206,8206.0,64.60579508886744,70.0
8207,8207.0,64.7155514330459,70.0
8208,8208.0,64.59253814202393,70.0
8209,8209.0,64.20913381338244,70.0
8210,8210.0,64.0972927659798,70.0
8211,8211.0,64.99139883783022,70.0
8212,8212.0,64.25038485628927,70.0
8213,8213.0,64.96242499363747,70.0
8214,8214.0,64.75571351708128,70.0
8215,8215.0,64.36678488870639,70.0
8216,8216.0,64.99946941808881,70.0
8217,8217.0,64.58251686568435,70.0
8218,8218.0,65.23292668667516,70.0
8219,8219.0,64.99050992546549,70.0
8220,8220.0,64.977272067855,70.0
8221,8221.0,65.01284036078218,70.0
8222,8222.0,64.61892736030505,70.0
8223,8223.0,65.41327125698739,70.0
8224,8224.0,65.51597041930505,70.0
8225,8225.0,65.35429138696068,70.0
8226,8226.0,64.81100008556184,70.0
8227,8227.0,65.44685103795211,70.0
8228,8228.0,65.45656117446617,70.0
8229,8229.0,65.11404505016749,70.0
8230,8230.0,65.03934991004095,70.0
8231,8231.0,65.52143806982264,70.0
8232,8232.0,65.19943702199875,70.0
8233,8233.0,64.9180658671166,70.0
8234,8234.0,65.52779470760179,70.0
8235,8235.0,65.40044756650754,70.0
8236,8236.0,64.8827860400009,70.0
8237,8237.0,65.52319556810454,70.0
8238,8238.0,65.3001911291177,70.0
8239,8239.0,65.3273873220909,70.0
8240,8240.0,65.80334410713701,70.0
8241,8241.0,64.9583882209846,70.0
8242,8242.0,65.47963725239099,70.0
8243,8243.0,64.99795104607041,70.0
8244,8244.0,65.7422929519979,70.0
8245,8245.0,65.60354962082843,70.0
8246,8246.0,65.57803351817854,70.0
8247,8247.0,65.81420540141833,70.0
8248,8248.0,65.44526176987883,70.0
8249,8249.0,66.03669537971616,70.0
8250,8250.0,65.50737725618374,70.0
8251,8251.0,65.82921383816239,70.0
8252,8252.0,65.11431374794505,70.0
8253,8253.0,65.5500646807962,70.0
8254,8254.0,65.80497422930311,70.0
8255,8255.0,65.1562310984834,70.0
8256,8256.0,65.62024529276205,70.0
8257,8257.0,65.62788948892319,70.0
8258,8258.0,65.41745615543077,70.0
8259,8259.0,65.43670512266586,70.0
8260,8260.0,66.08067849194437,70.0
8261,8261.0,65.77191161500615,70.0
8262,8262.0,65.51047920680362,70.0
8263,8263.0,65.58481890023093,70.0
8264,8264.0,66.15347945121792,70.0
8265,8265.0,65.3768027180207,70.0
8266,8266.0,65.95863119385808,70.0
8267,8267.0,65.78209574350932,70.0
8268,8268.0,65.95992811637316,70.0
8269,8269.0,65.80435712739084,70.0
8270,8270.0,66.20713938680595,70.0
8271,8271.0,65.62827357866222,70.0
8272,8272.0,66.19838186880519,70.0
8273,8273.0,66.1890722064946,70.0
8274,8274.0,65.92619507951535,70.0
8275,8275.0,65.62268156840751,70.0
8276,8276.0,66.11463906862205,70.0
8277,8277.0,66.09438496146932,70.0
8278,8278.0,66.20024598586278,70.0
8279,8279.0,65.91304704398789,70.0
8280,8280.0,65.24193214501412,70.0
8281,8281.0,65.95322324773629,70.0
8282,8282.0,65.5276917800533,70.0
8283,8283.0,65.47225230578616,70.0
8284,8284.0,65.26414906992434,70.0
8285,8285.0,65.69819867383522,70.0
8286,8286.0,65.56519590101557,70.0
8287,8287.0,65.91283739100406,70.0
8288,8288.0,65.78840007020345,70.0
8289,8289.0,65.38172015644894,70.0
8290,8290.0,65.77031330003777,70.0
8291,8291.0,65.42168681202773,70.0
8292,8292.0,65.62205845962458,70.0
8293,8293.0,65.39863253462019,0.0
8294,8294.0,63.034150936652466,0.0
8295,8295.0,61.95036116319446,0.0
8296,8296.0,59.5753611285998,0.0
8297,8297.0,58.92045456557251,0.0
8298,8298.0,57.34669868776823,0.0
8299,8299.0,55.935209451011254,0.0
8300,8300.0,55.1411550507254,0.0
8301,8301.0,54.36919938082647,0.0
8302,8302.0,52.95918150343449,0.0
8303,8303.0,52.587646704081585,0.0
8304,8304.0,51.591720995689265,0.0
8305,8305.0,50.67228165731563,0.0
8306,8306.0,50.37162077093295,0.0
8307,8307.0,49.15805672004235,0.0
8308,8308.0,49.39922348390198,0.0
8309,8309.0,48.633465929516895,0.0
8310,8310.0,48.0194011640419,0.0
8311,8311.0,47.62020919553704,0.0
8312,8312.0,46.51410739114103,0.0
8313,8313.0,46.88123203856214,0.0
8314,8314.0,45.97131191031483,0.0
8315,8315.0,45.9826499951099,0.0
8316,8316.0,44.9747100494894,0.0
8317,8317.0,44.77086799480265,0.0
8318,8318.0,44.15012917860041,0.0
8319,8319.0,44.4883727296607,0.0
8320,8320.0,44.124579084364875,0.0
8321,8321.0,43.3632086573957,0.0
8322,8322.0,43.35152116493066,0.0
8323,8323.0,43.12106770749871,0.0
8324,8324.0,42.755462457009166,0.0
8325,8325.0,41.58990291476118,0.0
8326,8326.0,42.10664406767899,0.0
8327,8327.0,41.01225444576887,0.0
8328,8328.0,41.369777643891915,0.0
8329,8329.0,40.52747439245684,0.0
8330,8330.0,40.334013958502624,0.0
8331,8331.0,39.96928931327881,0.0
8332,8332.0,40.15927538540949,0.0
8333,8333.0,40.03491043957156,0.0
8334,8334.0,39.2437854106783,0.0
8335,8335.0,38.93315727383668,0.0
8336,8336.0,38.76585333114834,0.0
8337,8337.0,38.874174511469086,0.0
8338,8338.0,38.402656395085906,0.0
8339,8339.0,38.365310102421645,0.0
8340,8340.0,38.12842424592084,0.0
8341,8341.0,38.397226363542934,0.0
8342,8342.0,37.307376614804305,0.0
8343,8343.0,37.9970193843514,0.0
8344,8344.0,37.71614330058693,0.0
8345,8345.0,37.44489932918413,0.0
8346,8346.0,37.120281925689135,0.0
8347,8347.0,36.36969302161736,0.0
8348,8348.0,36.83160981296169,0.0
8349,8349.0,36.55051083387372,0.0
8350,8350.0,36.299052006836966,0.0
8351,8351.0,35.73740540125326,0.0
8352,8352.0,35.6800719904154,0.0
8353,8353.0,35.87830245618025,0.0
8354,8354.0,35.39829731602994,0.0
8355,8355.0,35.81973230929235,0.0
8356,8356.0,35.79899666375433,0.0
8357,8357.0,35.53856821465862,0.0
8358,8358.0,35.39069146779066,0.0
8359,8359.0,34.38633845255884,0.0
8360,8360.0,34.50476356077015,0.0
8361,8361.0,34.836121883136165,0.0
8362,8362.0,34.5110008613972,0.0
8363,8363.0,34.180519383208456,0.0
8364,8364.0,34.1552910441219,0.0
8365,8365.0,33.880856955356386,0.0
8366,8366.0,34.3171372810425,0.0
8367,8367.0,33.236076580225415,0.0
8368,8368.0,33.21053089595418,0.0
8369,8369.0,33.80117954495463,0.0
8370,8370.0,32.86047627976095,0.0
8371,8371.0,33.589273381929,0.0
8372,8372.0,33.15939148790955,0.0
8373,8373.0,33.06255138400614,0.0
8374,8374.0,32.387507136470745,0.0
8375,8375.0,32.31783142270537,0.0
8376,8376.0,32.66742934307571,0.0
8377,8377.0,32.17235004114962,0.0
8378,8378.0,32.58629360328489,0.0
8379,8379.0,32.198034260109324,0.0
8380,8380.0,31.939919654643717,0.0
8381,8381.0,32.05312804884551,0.0
8382,8382.0,32.3903871077448,0.0
8383,8383.0,32.12584142794689,0.0
8384,8384.0,31.725700613366374,0.0
8385,8385.0,31.78955147264117,0.0
8386,8386.0,31.31895097244918,0.0
8387,8387.0,31.272205180698553,0.0
8388,8388.0,31.797621156036932,0.0
8389,8389.0,30.741298152388747,0.0
8390,8390.0,30.937124324865064,0.0
8391,8391.0,30.543412811582733,0.0
8392,8392.0,30.432586712514095,0.0
8393,8393.0,30.955740509971612,0.0
8394,8394.0,31.198778334165137,0.0
8395,8395.0,30.692304478571714,0.0
8396,8396.0,30.790460501435888,0.0
8397,8397.0,30.39527913740583,0.0
8398,8398.0,30.640094776290542,0.0
8399,8399.0,29.86338507661347,0.0
8400,8400.0,29.952375005661512,0.0
8401,8401.0,30.475172175843248,0.0
8402,8402.0,29.962293964335338,0.0
8403,8403.0,30.173442278688515,0.0
8404,8404.0,30.216054409628693,0.0
8405,8405.0,29.291911063321958,0.0
8406,8406.0,30.108952509641796,0.0
8407,8407.0,29.233954173742426,0.0
8408,8408.0,29.76486324710147,0.0
8409,8409.0,29.0393641725262,0.0
8410,8410.0,29.00476440252021,0.0
8411,8411.0,29.514040573855382,0.0
8412,8412.0,28.93384525464108,0.0
8413,8413.0,29.035242888086312,0.0
8414,8414.0,29.254475259375344,0.0
8415,8415.0,29.020457402578202,0.0
8416,8416.0,29.093422901541437,0.0
8417,8417.0,29.05241918750267,0.0
8418,8418.0,28.56586817771339,0.0
8419,8419.0,29.154551202732986,0.0
8420,8420.0,28.935684467209892,0.0
8421,8421.0,28.842401425569232,0.0
8422,8422.0,28.498406548574458,0.0
8423,8423.0,27.97204897353741,0.0
8424,8424.0,28.627849761219785,0.0
8425,8425.0,27.819116290283027,0.0
8426,8426.0,28.603274260415255,0.0
8427,8427.0,28.42360276075807,0.0
8428,8428.0,27.627629018676,0.0
8429,8429.0,28.27566728536693,0.0
8430,8430.0,27.583009869949837,0.0
8431,8431.0,27.495934595599923,0.0
8432,8432.0,27.819703312546636,0.0
8433,8433.0,28.045879295591494,0.0
8434,8434.0,27.6734390396175,0.0
8435,8435.0,27.205062971448047,0.0
8436,8436.0,27.515093453175655,0.0
8437,8437.0,27.486101302506206,0.0
8438,8438.0,27.54916340314677,0.0
8439,8439.0,26.97617938451013,0.0
8440,8440.0,27.3564242046839,0.0
8441,8441.0,26.877315844438293,0.0
8442,8442.0,27.205978531141945,0.0
8443,8443.0,27.04329787563091,0.0
8444,8444.0,27.280559800563434,0.0
8445,8445.0,27.21071535008964,0.0
8446,8446.0,27.437183479622245,0.0
8447,8447.0,26.484554172635765,0.0
8448,8448.0,26.5450266550491,0.0
8449,8449.0,27.11879365689426,0.0
8450,8450.0,26.352623925732527,0.0
8451,8451.0,27.109698696385585,0.0
8452,8452.0,26.388090382810788,0.0
8453,8453.0,26.71254053697271,0.0
8454,8454.0,26.212858153640216,0.0
8455,8455.0,26.950554253030642,0.0
8456,8456.0,26.865963406868804,0.0
8457,8457.0,25.906713488425577,0.0
8458,8458.0,26.17882549140213,0.0
8459,8459.0,26.091893669179267,0.0
8460,8460.0,26.22200046769215,0.0
8461,8461.0,26.566307029770584,0.0
8462,8462.0,26.357225258252388,0.0
8463,8463.0,26.10413729430105,0.0
8464,8464.0,25.931191509341982,0.0
8465,8465.0,26.355792322924987,0.0
8466,8466.0,25.65076910153829,0.0
8467,8467.0,25.799162600894622,0.0
8468,8468.0,25.544076411557768,0.0
8469,8469.0,25.556684456438237,0.0
8470,8470.0,25.690896925520917,0.0
8471,8471.0,26.024223471065426,0.0
8472,8472.0,25.75146254710867,0.0
8473,8473.0,25.823649141789602,0.0
8474,8474.0,25.56616299817774,0.0
8475,8475.0,25.960854481468335,0.0
8476,8476.0,25.758411872777046,0.0
8477,8477.0,25.002234285357858,0.0
8478,8478.0,25.565116622644375,0.0
8479,8479.0,25.508293928420606,0.0
8480,8480.0,25.259443547402466,0.0
8481,8481.0,25.054893777701757,0.0
8482,8482.0,25.150787453764053,0.0
8483,8483.0,25.481083946996606,0.0
8484,8484.0,24.916324704981687,0.0
8485,8485.0,25.404818185272834,0.0
8486,8486.0,25.314549723889147,0.0
8487,8487.0,25.28575854796561,0.0
8488,8488.0,25.071521437920303,0.0
8489,8489.0,24.484980023204393,0.0
8490,8490.0,24.51136472286004,0.0
8491,8491.0,25.128094822064856,0.0
8492,8492.0,25.017176616938755,0.0
8493,8493.0,24.67062383831885,0.0
8494,8494.0,24.972828012472533,0.0
8495,8495.0,24.427779583021834,0.0
8496,8496.0,24.754881571866438,0.0
8497,8497.0,24.425306859054725,0.0
8498,8498.0,24.796419817998192,0.0
8499,8499.0,24.840169669196648,0.0
8500,8500.0,24.04269338350172,0.0
8501,8501.0,24.763694088133054,0.0
8502,8502.0,24.55962313960994,0.0
8503,8503.0,24.829085449234764,0.0
8504,8504.0,24.5456329602283,0.0
8505,8505.0,24.00964607163733,0.0
8506,8506.0,24.487295427306726,0.0
8507,8507.0,23.79646533515846,0.0
8508,8508.0,24.339007010831676,0.0
8509,8509.0,24.553110498192858,0.0
8510,8510.0,24.335950207530512,0.0
8511,8511.0,24.417630805884897,0.0
8512,8512.0,24.11169560283142,0.0
8513,8513.0,23.749154343134563,0.0
8514,8514.0,24.430558498110933,0.0
8515,8515.0,23.919722259738492,0.0
8516,8516.0,23.761231863614718,0.0
8517,8517.0,23.48155436448353,0.0
8518,8518.0,24.056330903017844,0.0
8519,8519.0,24.298546329548603,0.0
8520,8520.0,23.68083159857104,0.0
8521,8521.0,23.606872281075905,0.0
8522,8522.0,24.11382613318529,0.0
8523,8523.0,23.7968536745154,0.0
8524,8524.0,23.745964707093485,0.0
8525,8525.0,23.559337537474285,0.0
8526,8526.0,23.309329502136002,0.0
8527,8527.0,23.898353747753948,0.0
8528,8528.0,23.66676717433222,0.0
8529,8529.0,23.940783083264797,0.0
8530,8530.0,23.183185546013764,0.0
8531,8531.0,23.830922239967745,0.0
8532,8532.0,23.733159676766583,0.0
8533,8533.0,23.45710449773295,0.0
8534,8534.0,23.351765111209552,0.0
8535,8535.0,23.79519672609206,0.0
8536,8536.0,22.94884450382631,0.0
8537,8537.0,23.01374547187249,0.0
8538,8538.0,23.834890411441013,0.0
8539,8539.0,23.73582514528925,0.0
8540,8540.0,22.974080971036916,0.0
8541,8541.0,22.969408909416366,0.0
8542,8542.0,22.89012096794828,0.0
8543,8543.0,22.83169794301515,0.0
8544,8544.0,23.34274977563661,0.0
8545,8545.0,22.841756894526295,0.0
8546,8546.0,22.804698103145167,0.0
8547,8547.0,22.797009044631988,0.0
8548,8548.0,23.00798904930797,0.0
8549,8549.0,22.760390844930505,0.0
8550,8550.0,23.280300106352527,0.0
8551,8551.0,23.2976757737338,0.0
8552,8552.0,23.241459801350754,0.0
8553,8553.0,23.284253007670117,0.0
8554,8554.0,23.30467552139944,0.0
8555,8555.0,22.570052173318132,0.0
8556,8556.0,23.322998614429693,0.0
8557,8557.0,23.050847347013853,0.0
8558,8558.0,22.56074662200502,0.0
8559,8559.0,23.075010987609627,0.0
8560,8560.0,22.67876216794573,0.0
8561,8561.0,23.057418152440267,0.0
8562,8562.0,23.05237896595881,0.0
8563,8563.0,22.48086197262555,0.0
8564,8564.0,22.904323197811337,0.0
8565,8565.0,22.831947791863435,0.0
8566,8566.0,23.173205569968008,0.0
8567,8567.0,23.112770702522145,0.0
8568,8568.0,22.83044908607315,0.0
8569,8569.0,22.947810954191862,0.0
8570,8570.0,23.024293401179378,0.0
8571,8571.0,22.32953535739356,0.0
8572,8572.0,22.60171622052979,0.0
8573,8573.0,22.848526624636598,0.0
8574,8574.0,22.817393880059885,0.0
8575,8575.0,22.78615421208782,0.0
8576,8576.0,22.823776251396147,0.0
8577,8577.0,22.67019597783171,0.0
8578,8578.0,22.387593258326124,0.0
8579,8579.0,22.589584764867386,0.0
8580,8580.0,22.54533297062966,0.0
8581,8581.0,22.06569032887834,0.0
8582,8582.0,22.441220289637,0.0
8583,8583.0,22.166170094997764,0.0
8584,8584.0,22.36300715819023,0.0
8585,8585.0,22.018555213429607,0.0
8586,8586.0,22.655071244603267,0.0
8587,8587.0,21.92585358195586,0.0
8588,8588.0,21.854104547037046,0.0
8589,8589.0,21.8969655841579,0.0
8590,8590.0,21.944789232155888,0.0
8591,8591.0,22.615494525525833,0.0
8592,8592.0,21.983232498714536,0.0
8593,8593.0,22.587524849085447,0.0
8594,8594.0,21.788238469424964,0.0
8595,8595.0,21.907717975857466,0.0
8596,8596.0,22.486334978785163,0.0
8597,8597.0,22.603947641213853,0.0
8598,8598.0,22.399252623926618,0.0
8599,8599.0,22.331305073103856,0.0
8600,8600.0,21.776431520758013,0.0
8601,8601.0,22.56243062239522,0.0
8602,8602.0,21.798825408094498,0.0
8603,8603.0,22.446979299321725,0.0
8604,8604.0,21.82129044909525,0.0
8605,8605.0,21.58877702473125,0.0
8606,8606.0,21.92024592656292,0.0
8607,8607.0,21.633030135633085,0.0
8608,8608.0,21.965119877482117,0.0
8609,8609.0,22.2589406375501,0.0
8610,8610.0,21.934902583722437,0.0
8611,8611.0,22.412196439530483,0.0
8612,8612.0,22.012049532230925,0.0
8613,8613.0,21.532235048828888,0.0
8614,8614.0,21.529297234809217,0.0
8615,8615.0,21.709133844421885,0.0
8616,8616.0,21.694642711824272,0.0
8617,8617.0,21.943310987691508,0.0
8618,8618.0,22.133884171798524,0.0
8619,8619.0,21.445933157708136,0.0
8620,8620.0,22.006946389118696,0.0
8621,8621.0,22.016396637269388,0.0
8622,8622.0,21.621572511755858,0.0
8623,8623.0,21.847044665341027,0.0
8624,8624.0,22.017377588762336,0.0
8625,8625.0,21.46544250613879,0.0
8626,8626.0,22.18774962876903,0.0
8627,8627.0,21.578363559265046,0.0
8628,8628.0,22.21609297738898,0.0
8629,8629.0,22.126621319105514,0.0
8630,8630.0,21.62285392339205,0.0
8631,8631.0,21.909381625958197,0.0
8632,8632.0,21.88940938192892,0.0
8633,8633.0,21.899023655953147,0.0
8634,8634.0,22.215801767646433,0.0
8635,8635.0,21.31110555698302,0.0
8636,8636.0,22.193908774788884,0.0
8637,8637.0,21.283375389575475,0.0
8638,8638.0,21.52412491262013,0.0
8639,8639.0,21.62672139976523,0.0
8640,8640.0,21.342474179956586,0.0
8641,8641.0,21.794049234333837,0.0
8642,8642.0,21.94589432585457,0.0
8643,8643.0,21.615588997670685,0.0
8644,8644.0,21.881186386015337,0.0
8645,8645.0,21.94722969353359,0.0
8646,8646.0,21.486515435900216,0.0
8647,8647.0,21.93722015311071,0.0
8648,8648.0,22.12188894626653,0.0
8649,8649.0,21.221308656354914,0.0
8650,8650.0,22.111055589239395,0.0
8651,8651.0,21.348002697692074,0.0
8652,8652.0,21.92681958802483,0.0
8653,8653.0,21.328832253492674,0.0
8654,8654.0,21.281724164535177,0.0
8655,8655.0,21.573811288200464,0.0
8656,8656.0,21.70104340132612,0.0
8657,8657.0,21.61056638559993,0.0
8658,8658.0,21.122002678652844,0.0
8659,8659.0,21.218121907222898,0.0
8660,8660.0,21.84089714146747,0.0
8661,8661.0,21.38972297479941,0.0
8662,8662.0,21.55247848105655,0.0
8663,8663.0,21.219420685227135,0.0
8664,8664.0,21.08805042420034,0.0
8665,8665.0,21.897784506447472,0.0
8666,8666.0,21.083927672797497,0.0
8667,8667.0,21.088952929471425,0.0
8668,8668.0,21.38875485865781,0.0
8669,8669.0,21.713882287751805,0.0
8670,8670.0,21.198043973097963,0.0
8671,8671.0,21.640596524641794,0.0
8672,8672.0,21.739246561346093,0.0
8673,8673.0,21.22185413629454,0.0
8674,8674.0,21.68879618535158,0.0
8675,8675.0,21.033378218065693,0.0
8676,8676.0,22.017264736276054,0.0
8677,8677.0,21.95248609855428,0.0
8678,8678.0,21.236431847355625,0.0
8679,8679.0,21.92722289484071,0.0
8680,8680.0,21.39425218687458,0.0
8681,8681.0,22.00630692729293,0.0
8682,8682.0,21.08672974766432,0.0
8683,8683.0,21.980191876377823,0.0
8684,8684.0,21.499246336453837,0.0
8685,8685.0,21.298976852944804,0.0
8686,8686.0,21.39041726026189,0.0
8687,8687.0,21.195764264120104,0.0
8688,8688.0,21.219983189797272,0.0
8689,8689.0,21.510614757188062,0.0
8690,8690.0,21.76959416703506,0.0
8691,8691.0,21.311565393067074,0.0
8692,8692.0,21.65796986611281,0.0
8693,8693.0,21.151385781540675,0.0
8694,8694.0,21.59145809143904,75.0
8695,8695.0,26.196554530438455,75.0
8696,8696.0,29.51021039512845,75.0
8697,8697.0,31.43732441745109,75.0
8698,8698.0,33.61617775306543,75.0
8699,8699.0,35.35742117800284,75.0
8700,8700.0,36.90438481970299,75.0
8701,8701.0,38.41039525657418,75.0
8702,8702.0,40.153613777320814,75.0
8703,8703.0,41.165389957813765,75.0
8704,8704.0,41.33497069333187,75.0
8705,8705.0,43.060872756722134,75.0
8706,8706.0,43.86065147480352,75.0
8707,8707.0,44.8004635919042,75.0
8708,8708.0,45.41100806199213,75.0
8709,8709.0,46.15486741985189,75.0
8710,8710.0,46.352609517007494,75.0
8711,8711.0,47.50427606269673,75.0
8712,8712.0,47.26605313582104,75.0
8713,8713.0,47.780065813324725,75.0
8714,8714.0,48.81555693537594,75.0
8715,8715.0,49.06356044577182,75.0
8716,8716.0,49.91917817105146,75.0
8717,8717.0,49.89521585574995,75.0
8718,8718.0,50.95700226984164,75.0
8719,8719.0,50.91240179778988,75.0
8720,8720.0,50.89986647161568,75.0
8721,8721.0,51.853213328516276,75.0
8722,8722.0,51.97927265393064,75.0
8723,8723.0,52.97486757606945,75.0
8724,8724.0,52.5973820352543,75.0
8725,8725.0,52.81119683967594,75.0
8726,8726.0,53.077843746821465,75.0
8727,8727.0,53.70118621029328,75.0
8728,8728.0,54.438903216187974,75.0
8729,8729.0,54.34874997954165,75.0
8730,8730.0,54.95208272781235,75.0
8731,8731.0,54.52424372576337,75.0
8732,8732.0,55.272201914329955,75.0
8733,8733.0,55.94493369433916,75.0
8734,8734.0,55.568294432296945,75.0
8735,8735.0,56.404941666347675,75.0
8736,8736.0,56.08477600379825,75.0
8737,8737.0,56.09472598084595,75.0
8738,8738.0,56.52735042755685,75.0
8739,8739.0,56.76752761552827,75.0
8740,8740.0,57.31439197725294,75.0
8741,8741.0,57.09396032408487,75.0
8742,8742.0,57.99905665424427,75.0
8743,8743.0,57.71955854594762,75.0
8744,8744.0,58.231646101644266,75.0
8745,8745.0,58.083336612590294,75.0
8746,8746.0,58.23530465105839,75.0
8747,8747.0,59.006164677590434,75.0
8748,8748.0,58.91927170450551,75.0
8749,8749.0,59.207787009953755,75.0
8750,8750.0,58.808907161710565,75.0
8751,8751.0,59.66061333395847,75.0
8752,8752.0,59.8571559447592,75.0
8753,8753.0,59.646318483869585,75.0
8754,8754.0,59.69713963472948,75.0
8755,8755.0,59.718445138341835,75.0
8756,8756.0,59.62789957605927,75.0
8757,8757.0,60.41820029364101,75.0
8758,8758.0,60.17889154251121,75.0
8759,8759.0,60.60296951350842,75.0
8760,8760.0,61.16295265994842,75.0
8761,8761.0,60.50733929488767,75.0
8762,8762.0,60.94081905374946,75.0
8763,8763.0,61.14079502092225,75.0
8764,8764.0,61.096817908364706,75.0
8765,8765.0,61.14767145877863,75.0
8766,8766.0,61.717121581562395,75.0
8767,8767.0,61.38094603450154,75.0
8768,8768.0,61.43515042301369,75.0
8769,8769.0,62.295696445568176,75.0
8770,8770.0,61.72340851165343,75.0
8771,8771.0,61.93927971124091,75.0
8772,8772.0,61.7731051808929,75.0
8773,8773.0,62.62878917592291,75.0
8774,8774.0,62.33250269527562,75.0
8775,8775.0,62.47156164166218,75.0
8776,8776.0,62.8636627127533,75.0
8777,8777.0,62.667553866967324,75.0
8778,8778.0,62.865044764342734,75.0
8779,8779.0,62.730201575169325,75.0
8780,8780.0,62.69827035137173,75.0
8781,8781.0,62.77271628292257,75.0
8782,8782.0,63.00237853639881,75.0
8783,8783.0,63.78721556908656,75.0
8784,8784.0,63.049647687315826,75.0
8785,8785.0,63.27316776097371,75.0
8786,8786.0,63.807075517426185,75.0
8787,8787.0,64.08311424534666,75.0
8788,8788.0,63.92943035778864,75.0
8789,8789.0,63.47212837411187,75.0
8790,8790.0,63.63851843518302,75.0
8791,8791.0,63.953681671581485,75.0
8792,8792.0,64.40208529982964,75.0
8793,8793.0,63.81655822750322,75.0
8794,8794.0,64.62223630080372,75.0
8795,8795.0,64.22985245593598,75.0
8796,8796.0,64.42806100363804,75.0
8797,8797.0,64.85009660503945,75.0
8798,8798.0,64.40200170788383,75.0
8799,8799.0,65.0294128876202,75.0
8800,8800.0,64.74748439351751,75.0
8801,8801.0,64.4874997569072,75.0
8802,8802.0,64.40993621416506,75.0
8803,8803.0,65.18889561440693,75.0
8804,8804.0,65.38210176137211,75.0
8805,8805.0,65.42209462829,75.0
8806,8806.0,65.02137062084572,75.0
8807,8807.0,65.36023318024777,75.0
8808,8808.0,65.54598746176329,75.0
8809,8809.0,65.13742192856589,75.0
8810,8810.0,65.73386942462926,75.0
8811,8811.0,65.66673534312717,75.0
8812,8812.0,65.41921785346064,75.0
8813,8813.0,65.31460149596121,75.0
8814,8814.0,65.76587546489631,75.0
8815,8815.0,66.05358022648079,75.0
8816,8816.0,66.07501999951107,75.0
8817,8817.0,65.90138332799195,75.0
8818,8818.0,66.08507893165209,75.0
8819,8819.0,65.83418077258125,75.0
8820,8820.0,65.93850963788915,75.0
8821,8821.0,65.60298916564876,75.0
8822,8822.0,66.117782310169,75.0
8823,8823.0,66.05295054315708,75.0
8824,8824.0,66.25602918070514,75.0
8825,8825.0,65.82902852945243,75.0
8826,8826.0,66.09609522266771,75.0
8827,8827.0,66.17594217990643,75.0
8828,8828.0,65.88276888776986,75.0
8829,8829.0,66.79554336202906,75.0
8830,8830.0,66.02630879303365,75.0
8831,8831.0,66.01383687462794,75.0
8832,8832.0,66.77425475081886,75.0
8833,8833.0,66.8308046250259,75.0
8834,8834.0,66.08259071652851,75.0
8835,8835.0,66.77491278812835,75.0
8836,8836.0,66.84609737454728,75.0
8837,8837.0,67.06667212891628,75.0
8838,8838.0,66.5549737027275,75.0
8839,8839.0,66.85342034124832,75.0
8840,8840.0,67.15409172729382,75.0
8841,8841.0,66.7666425600099,75.0
8842,8842.0,67.10288959226797,75.0
8843,8843.0,66.64261794610577,75.0
8844,8844.0,67.29074106781003,75.0
8845,8845.0,67.3039929048313,75.0
8846,8846.0,67.05055363287923,75.0
8847,8847.0,66.94479865909352,75.0
8848,8848.0,67.38312486438711,75.0
8849,8849.0,66.54130612614514,75.0
8850,8850.0,67.17728313651081,75.0
8851,8851.0,66.89767930064,75.0
8852,8852.0,67.43439583933338,75.0
8853,8853.0,67.48440400878707,75.0
8854,8854.0,67.09758173033485,75.0
8855,8855.0,66.84735322221755,75.0
8856,8856.0,66.90591389019347,75.0
8857,8857.0,66.96411159092871,75.0
8858,8858.0,66.85505406829013,75.0
8859,8859.0,67.23238126418849,75.0
8860,8860.0,66.81851986092789,75.0
8861,8861.0,67.32064669681093,75.0
8862,8862.0,67.10072521534467,75.0
8863,8863.0,66.85698733270144,75.0
8864,8864.0,67.56629825279288,75.0
8865,8865.0,67.12883929956274,75.0
8866,8866.0,67.21899234314877,75.0
8867,8867.0,66.96157191121536,75.0
8868,8868.0,67.44872528277257,75.0
8869,8869.0,67.00866021893029,75.0
8870,8870.0,66.99490713764976,75.0
8871,8871.0,67.6448491612004,75.0
8872,8872.0,67.71360905449275,75.0
8873,8873.0,67.82492416655026,75.0
8874,8874.0,67.07176008492321,75.0
8875,8875.0,67.20848967182182,75.0
8876,8876.0,67.69492428713949,75.0
8877,8877.0,67.53846269122086,75.0
8878,8878.0,67.77454700480523,75.0
8879,8879.0,67.18471959986786,75.0
8880,8880.0,68.06334607832953,75.0
8881,8881.0,68.05396159434453,75.0
8882,8882.0,67.78582352822268,75.0
8883,8883.0,67.78727775129224,75.0
8884,8884.0,67.22733234764173,75.0
8885,8885.0,67.25269065024212,75.0
8886,8886.0,67.39698492133539,75.0
8887,8887.0,67.52204556551553,75.0
8888,8888.0,67.50217930824424,75.0
8889,8889.0,67.39858433692481,75.0
8890,8890.0,67.79345831929129,75.0
8891,8891.0,67.49571834641071,75.0
8892,8892.0,67.537408365092,75.0
8893,8893.0,67.68987388151407,75.0
8894,8894.0,67.60502045742862,75.0
8895,8895.0,67.7465715620274,75.0
8896,8896.0,67.71983536123521,75.0
8897,8897.0,67.68568286889841,75.0
8898,8898.0,67.79699999827297,75.0
8899,8899.0,67.67319249469375,75.0
8900,8900.0,67.49896099480098,75.0
8901,8901.0,67.2278645201845,75.0
8902,8902.0,67.98503436200467,75.0
8903,8903.0,67.91732063536718,75.0
8904,8904.0,67.41665223691211,75.0
8905,8905.0,67.61272724499709,75.0
8906,8906.0,67.66910607396393,75.0
8907,8907.0,67.33665430309134,75.0
8908,8908.0,67.35935312682858,75.0
8909,8909.0,67.90824674877143,75.0
8910,8910.0,68.06678331687665,75.0
8911,8911.0,67.44612024692312,75.0
8912,8912.0,67.46558542731081,75.0
8913,8913.0,68.00354898313984,75.0
8914,8914.0,67.15719977834625,0.0
8915,8915.0,65.2144600924819,0.0
8916,8916.0,62.835786915419185,0.0
8917,8917.0,61.60475825697537,0.0
8918,8918.0,60.292051596282555,0.0
8919,8919.0,58.64617274917808,0.0
8920,8920.0,57.04156109437297,0.0
8921,8921.0,56.636124439014445,0.0
8922,8922.0,55.31064845836457,0.0
8923,8923.0,54.311187223129494,0.0
8924,8924.0,53.495199206089126,0.0
8925,8925.0,52.51677775354703,0.0
8926,8926.0,52.24397193997712,0.0
8927,8927.0,51.123838998465985,0.0
8928,8928.0,50.72854462588482,0.0
8929,8929.0,49.71593240919005,0.0
8930,8930.0,49.594147192349396,0.0
8931,8931.0,48.36074135515874,0.0
8932,8932.0,48.39944557610456,0.0
8933,8933.0,47.58194428352219,0.0
8934,8934.0,46.86147279637414,0.0
8935,8935.0,46.59352865322507,0.0
8936,8936.0,46.48828691403549,0.0
8937,8937.0,45.80302371957274,0.0
8938,8938.0,45.237888288201084,0.0
8939,8939.0,44.70943104492234,0.0
8940,8940.0,44.53994512329269,0.0
8941,8941.0,44.57313367042719,0.0
8942,8942.0,43.875544037088076,0.0
8943,8943.0,43.298534941945,0.0
8944,8944.0,43.141815210178386,0.0
8945,8945.0,43.208776297216076,0.0
8946,8946.0,42.86235780788682,0.0
8947,8947.0,42.8704498658616,0.0
8948,8948.0,42.14007162857278,0.0
8949,8949.0,41.555498811919065,0.0
8950,8950.0,41.6397562570534,0.0
8951,8951.0,40.83005539244352,0.0
8952,8952.0,41.06662513608924,0.0
8953,8953.0,41.18764275556855,0.0
8954,8954.0,40.55476802682523,0.0
8955,8955.0,40.081547358624505,0.0
8956,8956.0,40.13193574271312,0.0
8957,8957.0,39.21863557624089,0.0
8958,8958.0,39.63297125939895,0.0
8959,8959.0,39.15507085848787,0.0
8960,8960.0,39.056351478260616,0.0
8961,8961.0,38.905113483774834,0.0
8962,8962.0,38.09859686481195,0.0
8963,8963.0,38.4750147124345,0.0
8964,8964.0,37.96664896829544,0.0
8965,8965.0,38.174352757272395,0.0
8966,8966.0,38.021305551306796,0.0
8967,8967.0,37.89719972075015,0.0
8968,8968.0,36.908850712285975,0.0
8969,8969.0,37.16267336015973,0.0
8970,8970.0,37.27638788567751,0.0
8971,8971.0,37.240346479452406,0.0
8972,8972.0,36.628051674854895,0.0
8973,8973.0,35.97200259244619,0.0
8974,8974.0,35.97121111996492,0.0
8975,8975.0,36.444333662452486,0.0
8976,8976.0,36.374858782440576,0.0
8977,8977.0,35.590874813056736,0.0
8978,8978.0,35.78079250825835,0.0
8979,8979.0,35.465322526162396,0.0
8980,8980.0,34.89384469885899,0.0
8981,8981.0,35.267959289868294,0.0
8982,8982.0,35.040550471391555,0.0
8983,8983.0,34.89520102914364,0.0
8984,8984.0,34.55772999477549,0.0
8985,8985.0,34.624004485011454,0.0
8986,8986.0,34.00290389507796,0.0
8987,8987.0,34.27306766532407,0.0
8988,8988.0,34.53205124613703,0.0
8989,8989.0,33.942166988777124,0.0
8990,8990.0,33.7528804532351,0.0
8991,8991.0,33.59203468459188,0.0
8992,8992.0,33.32899559544803,0.0
8993,8993.0,33.29345310518905,0.0
8994,8994.0,33.82835648054705,0.0
8995,8995.0,33.279991682912765,0.0
8996,8996.0,32.7763669805943,0.0
8997,8997.0,33.266656001733644,0.0
8998,8998.0,33.13712002486561,0.0
8999,8999.0,32.34130114749787,0.0
9000,9000.0,32.98463560616151,0.0
9001,9001.0,32.843564025062875,0.0
9002,9002.0,32.48530039477961,0.0
9003,9003.0,31.811549462411545,0.0
9004,9004.0,32.21525893766597,0.0
9005,9005.0,32.27223175471408,0.0
9006,9006.0,31.92613996269006,0.0
9007,9007.0,31.813637606219835,0.0
9008,9008.0,31.31942428802942,0.0
9009,9009.0,31.24738581846318,0.0
9010,9010.0,31.63629839530379,0.0
9011,9011.0,31.1014931477848,0.0
9012,9012.0,31.392430708559502,0.0
9013,9013.0,30.802377281989948,0.0
9014,9014.0,31.113729331825013,0.0
9015,9015.0,30.70349251999427,0.0
9016,9016.0,30.703183110952995,0.0
9017,9017.0,30.51676555543167,0.0
9018,9018.0,30.92141444340952,0.0
9019,9019.0,31.013323185503236,0.0
9020,9020.0,30.85128747892502,0.0
9021,9021.0,30.35478288560131,0.0
9022,9022.0,30.257390420271882,0.0
9023,9023.0,29.87804358074105,0.0
9024,9024.0,29.696650423021175,0.0
9025,9025.0,30.414409955281794,0.0
9026,9026.0,30.270896482923543,0.0
9027,9027.0,29.797373430576606,0.0
9028,9028.0,29.35919618784542,0.0
9029,9029.0,29.44645138438479,0.0
9030,9030.0,29.23074900670532,0.0
9031,9031.0,29.952681778016093,0.0
9032,9032.0,29.166805756649257,0.0
9033,9033.0,29.563163249339716,0.0
9034,9034.0,29.628556322983737,0.0
9035,9035.0,29.537044166828426,0.0
9036,9036.0,29.118806645527542,0.0
9037,9037.0,29.501860959847544,0.0
9038,9038.0,28.889503103524024,0.0
9039,9039.0,28.96939565297353,0.0
9040,9040.0,28.578183668352192,0.0
9041,9041.0,29.19004922317556,0.0
9042,9042.0,28.624579431793578,0.0
9043,9043.0,28.303144770112755,0.0
9044,9044.0,28.83705484739918,0.0
9045,9045.0,29.000653176975618,0.0
9046,9046.0,28.845281404059225,0.0
9047,9047.0,28.3640199253991,0.0
9048,9048.0,28.052386736562216,0.0
9049,9049.0,27.91731497709441,0.0
9050,9050.0,28.359364742391858,0.0
9051,9051.0,27.968001782329807,0.0
9052,9052.0,28.108617453975214,0.0
9053,9053.0,27.607922399210878,0.0
9054,9054.0,28.04827287852564,0.0
9055,9055.0,28.026648068122114,0.0
9056,9056.0,27.80876549563187,0.0
9057,9057.0,27.721849173356052,0.0
9058,9058.0,27.918903903022553,0.0
9059,9059.0,27.36297476978862,0.0
9060,9060.0,27.83882877529941,0.0
9061,9061.0,27.787644821377043,0.0
9062,9062.0,27.51371914005184,0.0
9063,9063.0,27.319181024182836,0.0
9064,9064.0,26.885887722908528,0.0
9065,9065.0,27.04063329640416,0.0
9066,9066.0,27.01602608870261,0.0
9067,9067.0,26.811799601455338,0.0
9068,9068.0,26.715204511094466,0.0
9069,9069.0,27.331579969786677,0.0
9070,9070.0,26.487055538174154,0.0
9071,9071.0,27.039952233142053,0.0
9072,9072.0,27.150458939404555,0.0
9073,9073.0,26.825062998240327,0.0
9074,9074.0,26.336337279349358,0.0
9075,9075.0,26.688390758949943,0.0
9076,9076.0,26.962148274171962,0.0
9077,9077.0,26.298647526521492,0.0
9078,9078.0,26.28902210250577,0.0
9079,9079.0,26.453912614250175,0.0
9080,9080.0,26.713870732222993,0.0
9081,9081.0,26.113728371958132,0.0
9082,9082.0,26.268664219895626,0.0
9083,9083.0,25.852031195636666,0.0
9084,9084.0,26.452405000440304,0.0
9085,9085.0,25.93739657798435,0.0
9086,9086.0,26.540890169325568,0.0
9087,9087.0,25.980555535497153,0.0
9088,9088.0,25.78776483698853,0.0
9089,9089.0,26.29445588289493,0.0
9090,9090.0,26.093262971557007,0.0
9091,9091.0,25.750737251470444,0.0
9092,9092.0,25.607432436098414,0.0
9093,9093.0,25.64644709668782,0.0
9094,9094.0,25.26548770251717,0.0
9095,9095.0,25.774400279871976,0.0
9096,9096.0,25.91828361472437,0.0
9097,9097.0,25.5279483966277,0.0
9098,9098.0,25.69328451052243,0.0
9099,9099.0,25.57972549940085,0.0
9100,9100.0,25.020540680037964,0.0
9101,9101.0,25.324695271402625,0.0
9102,9102.0,25.033080864350367,0.0
9103,9103.0,25.00706547615437,0.0
9104,9104.0,25.399249851700457,0.0
9105,9105.0,25.341477312149223,0.0
9106,9106.0,24.96948389177026,0.0
9107,9107.0,24.734685404703693,0.0
9108,9108.0,24.976170778794742,0.0
9109,9109.0,25.524228231697847,0.0
9110,9110.0,24.8984369380412,0.0
9111,9111.0,24.918044049800745,0.0
9112,9112.0,25.006479712374556,0.0
9113,9113.0,24.83945422461752,0.0
9114,9114.0,24.939681883427255,0.0
9115,9115.0,24.58598938775611,0.0
9116,9116.0,24.834743814447734,0.0
9117,9117.0,24.852858218682837,0.0
9118,9118.0,24.585331553432187,0.0
9119,9119.0,24.207384027590226,0.0
9120,9120.0,24.371849357537375,0.0
9121,9121.0,24.33957784766319,0.0
9122,9122.0,24.084392216595223,0.0
9123,9123.0,24.60814063678756,0.0
9124,9124.0,24.72235831093932,0.0
9125,9125.0,24.727872399027707,0.0
9126,9126.0,24.273430878112887,0.0
9127,9127.0,24.355918606792002,0.0
9128,9128.0,24.577870543155544,0.0
9129,9129.0,24.06873733743961,0.0
9130,9130.0,23.845938090061004,0.0
9131,9131.0,24.352641342237003,0.0
9132,9132.0,23.961269625080845,0.0
9133,9133.0,23.73460641007523,0.0
9134,9134.0,24.22208414672136,0.0
9135,9135.0,24.48869804647945,0.0
9136,9136.0,23.74464283652807,0.0
9137,9137.0,24.551879480282302,0.0
9138,9138.0,23.58057476443816,0.0
9139,9139.0,24.465066965496952,0.0
9140,9140.0,24.07697315210401,0.0
9141,9141.0,24.011048290369125,0.0
9142,9142.0,23.683846671323234,0.0
9143,9143.0,23.377943307412075,0.0
9144,9144.0,23.52529976607478,0.0
9145,9145.0,24.201278368596807,0.0
9146,9146.0,23.876432092751998,0.0
9147,9147.0,23.99918932638674,0.0
9148,9148.0,23.70319961294096,0.0
9149,9149.0,23.402966972472047,0.0
9150,9150.0,23.53779236406917,0.0
9151,9151.0,23.601285516950924,0.0
9152,9152.0,23.848053834454642,0.0
9153,9153.0,23.220707428920054,0.0
9154,9154.0,23.469974748628125,0.0
9155,9155.0,23.443348873147364,0.0
9156,9156.0,23.471975757438972,0.0
9157,9157.0,23.239677260553922,0.0
9158,9158.0,23.38259122477301,0.0
9159,9159.0,23.197782044443365,0.0
9160,9160.0,23.37971957480457,0.0
9161,9161.0,23.13241096182385,0.0
9162,9162.0,23.43214794142985,0.0
9163,9163.0,23.13756204451004,0.0
9164,9164.0,23.771870320938298,0.0
9165,9165.0,23.301704478825968,0.0
9166,9166.0,22.791042790605278,0.0
9167,9167.0,22.75077914416499,0.0
9168,9168.0,23.087955320931336,0.0
9169,9169.0,23.406584976912008,0.0
9170,9170.0,23.27379084782928,0.0
9171,9171.0,22.667108601205474,0.0
9172,9172.0,23.540891699625046,0.0
9173,9173.0,22.886709176775142,0.0
9174,9174.0,23.347101816318514,0.0
9175,9175.0,23.258340528428153,0.0
9176,9176.0,23.46951218821946,0.0
9177,9177.0,22.92694721611684,0.0
9178,9178.0,23.26095188861743,0.0
9179,9179.0,22.620094020383533,0.0
9180,9180.0,22.82694153577752,0.0
9181,9181.0,23.190087717989474,0.0
9182,9182.0,22.75080946461617,0.0
9183,9183.0,22.532994362893948,0.0
9184,9184.0,22.96965155839642,0.0
9185,9185.0,22.96771737087141,0.0
9186,9186.0,22.9912931287274,0.0
9187,9187.0,22.919471545131927,0.0
9188,9188.0,22.582464976668927,0.0
9189,9189.0,23.071740951633842,0.0
9190,9190.0,23.103343647840305,0.0
9191,9191.0,22.36154572663383,0.0
9192,9192.0,22.875263640947548,0.0
9193,9193.0,22.428854433657037,0.0
9194,9194.0,22.503463019244023,0.0
9195,9195.0,22.465135173225683,0.0
9196,9196.0,22.3037691818137,0.0
9197,9197.0,22.133758087960068,0.0
9198,9198.0,22.649981448770035,0.0
9199,9199.0,22.46962480121679,0.0
9200,9200.0,22.24711699077899,0.0
9201,9201.0,22.78026375090445,0.0
9202,9202.0,22.029926393042807,0.0
9203,9203.0,22.726885265831736,0.0
9204,9204.0,22.381419768080896,0.0
9205,9205.0,22.250523927527183,0.0
9206,9206.0,22.034117054787586,0.0
9207,9207.0,22.55482471261259,0.0
9208,9208.0,22.090980388514474,0.0
9209,9209.0,22.173354763339287,0.0
9210,9210.0,22.594812960526102,0.0
9211,9211.0,21.848912759492976,0.0
9212,9212.0,22.37042914239823,0.0
9213,9213.0,22.334138305378467,0.0
9214,9214.0,21.898892476214897,0.0
9215,9215.0,22.12683063438685,0.0
9216,9216.0,22.12809553242219,0.0
9217,9217.0,22.36097120230244,0.0
9218,9218.0,22.000304899528686,0.0
9219,9219.0,21.775147467478384,0.0
9220,9220.0,22.112807612636555,0.0
9221,9221.0,22.014364792376085,0.0
9222,9222.0,21.89491102423255,0.0
9223,9223.0,22.40524076052993,0.0
9224,9224.0,22.30381616872961,0.0
9225,9225.0,21.693156851335043,0.0
9226,9226.0,22.480740509532517,0.0
9227,9227.0,22.07994583701781,0.0
9228,9228.0,22.497205507207305,0.0
9229,9229.0,21.90017949516012,0.0
9230,9230.0,22.4168899552695,0.0
9231,9231.0,21.853953121916504,0.0
9232,9232.0,22.487116725434618,0.0
9233,9233.0,22.14737885702634,0.0
9234,9234.0,22.011948637120728,0.0
9235,9235.0,21.982044010240255,0.0
9236,9236.0,22.10654717576002,0.0
9237,9237.0,21.75484340928306,0.0
9238,9238.0,22.363597207796634,0.0
9239,9239.0,21.775826514263226,0.0
9240,9240.0,21.931405148404423,0.0
9241,9241.0,21.437078786573657,0.0
9242,9242.0,22.338326193994355,0.0
9243,9243.0,21.68662422394155,0.0
9244,9244.0,22.27538733889705,0.0
9245,9245.0,22.06942362174894,0.0
9246,9246.0,21.903506358897822,0.0
9247,9247.0,21.366188287937202,0.0
9248,9248.0,22.068850359273,0.0
9249,9249.0,21.459916392057803,0.0
9250,9250.0,21.85594085835853,0.0
9251,9251.0,21.871299630375603,0.0
9252,9252.0,22.03593582331015,0.0
9253,9253.0,22.011833470459322,0.0
9254,9254.0,22.11376341539285,0.0
9255,9255.0,22.233022693980843,0.0
9256,9256.0,22.238896135328442,0.0
9257,9257.0,21.918304652071853,0.0
9258,9258.0,21.32238096298225,0.0
9259,9259.0,21.287521801803575,0.0
9260,9260.0,22.03669141059201,0.0
9261,9261.0,22.174494335388687,0.0
9262,9262.0,21.52820577454254,0.0
9263,9263.0,22.021800204817364,0.0
9264,9264.0,21.44474678792477,0.0
9265,9265.0,22.03507965986947,0.0
9266,9266.0,22.102916380396714,0.0
9267,9267.0,21.274527434869512,0.0
9268,9268.0,21.18518708807143,0.0
9269,9269.0,21.27519268766884,0.0
9270,9270.0,21.240247580226452,0.0
9271,9271.0,21.401363888134448,0.0
9272,9272.0,21.515225473244506,0.0
9273,9273.0,21.741843173761975,0.0
9274,9274.0,21.972755588067205,0.0
9275,9275.0,21.511883265091637,0.0
9276,9276.0,21.447206729803675,0.0
9277,9277.0,21.922333940552036,0.0
9278,9278.0,21.28851844746461,0.0
9279,9279.0,21.179228952467206,0.0
9280,9280.0,21.985766974232398,0.0
9281,9281.0,21.090840443899495,0.0
9282,9282.0,21.75854477149544,0.0
9283,9283.0,21.71498118359421,0.0
9284,9284.0,21.07998971539751,0.0
9285,9285.0,21.42585924082107,0.0
9286,9286.0,21.316009204362,0.0
9287,9287.0,21.17621300740573,0.0
9288,9288.0,22.007036928280872,0.0
9289,9289.0,21.192660773511406,0.0
9290,9290.0,21.30152622420122,0.0
9291,9291.0,21.186313874848352,0.0
9292,9292.0,21.924098690436182,0.0
9293,9293.0,21.116369782475736,0.0
9294,9294.0,21.828572108354457,0.0
9295,9295.0,21.517676950599,0.0
9296,9296.0,21.70415547391731,0.0
9297,9297.0,21.73528298283877,0.0
9298,9298.0,21.515136371342585,0.0
9299,9299.0,21.553396621898518,0.0
9300,9300.0,21.905949557687595,0.0
9301,9301.0,21.036598460338066,0.0
9302,9302.0,21.85485052094198,0.0
9303,9303.0,21.077565399137388,0.0
9304,9304.0,21.74671783460948,0.0
9305,9305.0,21.355384225689864,0.0
9306,9306.0,21.415522058328882,0.0
9307,9307.0,21.24876155067956,0.0
9308,9308.0,21.61000580775402,0.0
9309,9309.0,21.296953175245605,0.0
9310,9310.0,21.917255559309442,0.0
9311,9311.0,21.93566827799884,0.0
9312,9312.0,21.363855559836402,0.0
9313,9313.0,21.704850711969236,0.0
9314,9314.0,21.366326442266473,0.0
9315,9315.0,21.495271823163968,80.0
9316,9316.0,26.480979219811598,80.0
9317,9317.0,29.24914744388204,80.0
9318,9318.0,32.61934852243703,80.0
9319,9319.0,34.930065911389484,80.0
9320,9320.0,36.82659305063479,80.0
9321,9321.0,37.84252038691125,80.0
9322,9322.0,38.90930026292944,80.0
9323,9323.0,40.55630619389418,80.0
9324,9324.0,41.81708455895681,80.0
9325,9325.0,42.51954341437523,80.0
9326,9326.0,43.59051239957409,80.0
9327,9327.0,44.13209042192272,80.0
9328,9328.0,45.4509918921684,80.0
9329,9329.0,46.58491015742223,80.0
9330,9330.0,47.17935160614738,80.0
9331,9331.0,47.88703639914446,80.0
9332,9332.0,47.87118099299541,80.0
9333,9333.0,48.65355583851003,80.0
9334,9334.0,49.75044106008845,80.0
9335,9335.0,49.66808925102678,80.0
9336,9336.0,50.36829294869433,80.0
9337,9337.0,50.92461490158633,80.0
9338,9338.0,51.551218274987434,80.0
9339,9339.0,51.43089861619768,80.0
9340,9340.0,51.903723865413944,80.0
9341,9341.0,52.492869151990284,80.0
9342,9342.0,53.49868528017659,80.0
9343,9343.0,53.545215061050314,80.0
9344,9344.0,53.55462032883747,80.0
9345,9345.0,54.06935552827833,80.0
9346,9346.0,54.78212044543181,80.0
9347,9347.0,55.095734398132734,80.0
9348,9348.0,55.39732368426006,80.0
9349,9349.0,55.56747206747695,80.0
9350,9350.0,55.80035755408923,80.0
9351,9351.0,56.219864586713435,80.0
9352,9352.0,56.719950004567025,80.0
9353,9353.0,56.21948538236296,80.0
9354,9354.0,57.42909736095971,80.0
9355,9355.0,57.06799686204939,80.0
9356,9356.0,57.325197025606016,80.0
9357,9357.0,57.603460881021995,80.0
9358,9358.0,57.51694365888615,80.0
9359,9359.0,58.45598870522203,80.0
9360,9360.0,58.295132905153366,80.0
9361,9361.0,58.45763393637509,80.0
9362,9362.0,58.383121212557974,80.0
9363,9363.0,59.542760516031805,80.0
9364,9364.0,58.95308310018993,80.0
9365,9365.0,59.582307270106924,80.0
9366,9366.0,60.01026174993492,80.0
9367,9367.0,60.145505643219714,80.0
9368,9368.0,59.94796029265416,80.0
9369,9369.0,60.64990328468253,80.0
9370,9370.0,59.97853611196717,80.0
9371,9371.0,60.14384545960088,80.0
9372,9372.0,60.60247498099046,80.0
9373,9373.0,60.9705770305859,80.0
9374,9374.0,60.92646542956868,80.0
9375,9375.0,61.110499268526006,80.0
9376,9376.0,61.050540361463185,80.0
9377,9377.0,61.354917963992435,80.0
9378,9378.0,61.3802603601567,80.0
9379,9379.0,61.615447836211494,80.0
9380,9380.0,62.24403983798278,80.0
9381,9381.0,62.698806020814764,80.0
9382,9382.0,62.10057963471029,80.0
9383,9383.0,62.69892602696077,80.0
9384,9384.0,63.028120165702184,80.0
9385,9385.0,62.7533282024919,80.0
9386,9386.0,63.21482456362547,80.0
9387,9387.0,62.701036987883775,80.0
9388,9388.0,62.84580985505325,80.0
9389,9389.0,62.91987637433562,80.0
9390,9390.0,63.43271730222116,80.0
9391,9391.0,63.536922522550626,80.0
9392,9392.0,63.61066915440587,80.0
9393,9393.0,63.897380570262094,80.0
9394,9394.0,63.94670995506297,80.0
9395,9395.0,64.15825189659937,80.0
9396,9396.0,63.986864593072404,80.0
9397,9397.0,64.19760868192382,80.0
9398,9398.0,63.94890023630143,80.0
9399,9399.0,64.4678818855376,80.0
9400,9400.0,64.83530570829177,80.0
9401,9401.0,65.00253439614423,80.0
9402,9402.0,64.29492481363923,80.0
9403,9403.0,65.24218084321922,80.0
9404,9404.0,65.26967582985213,80.0
9405,9405.0,65.47259208732412,80.0
9406,9406.0,65.08030256651062,80.0
9407,9407.0,64.95932850061102,80.0
9408,9408.0,64.8997394156136,80.0
9409,9409.0,65.7240370682948,80.0
9410,9410.0,65.24865480922651,80.0
9411,9411.0,65.58245427862038,80.0
9412,9412.0,65.48726619355,80.0
9413,9413.0,65.89172293974111,80.0
9414,9414.0,65.9092875522928,80.0
9415,9415.0,66.40459846421795,80.0
9416,9416.0,66.03109123922101,80.0
9417,9417.0,66.56531613348808,80.0
9418,9418.0,66.63953115053185,80.0
9419,9419.0,66.46408172697707,80.0
9420,9420.0,66.33206842885872,80.0
9421,9421.0,66.57309785607151,80.0
9422,9422.0,66.75715895250976,80.0
9423,9423.0,66.35315399978624,80.0
9424,9424.0,67.05528443596194,80.0
9425,9425.0,67.1613408793532,80.0
9426,9426.0,67.12425061521155,80.0
9427,9427.0,67.27872140711598,80.0
9428,9428.0,66.70040888742706,80.0
9429,9429.0,67.00493811707885,80.0
9430,9430.0,67.04859362081156,80.0
9431,9431.0,66.75585129401888,80.0
9432,9432.0,67.35237323594805,80.0
9433,9433.0,67.45841138965655,80.0
9434,9434.0,67.22734157495843,80.0
9435,9435.0,67.11511105154493,80.0
9436,9436.0,67.16362550394963,80.0
9437,9437.0,67.68396526612777,80.0
9438,9438.0,67.86708420246526,80.0
9439,9439.0,67.38507231753744,80.0
9440,9440.0,67.09758259324664,80.0
9441,9441.0,68.1160361998222,80.0
9442,9442.0,67.23507666623206,80.0
9443,9443.0,67.40910538172997,80.0
9444,9444.0,67.30043409924295,80.0
9445,9445.0,68.14609852148556,80.0
9446,9446.0,67.98642064095978,80.0
9447,9447.0,68.03893051521752,80.0
9448,9448.0,67.63361077386284,80.0
9449,9449.0,67.51796190974034,80.0
9450,9450.0,68.18063078612431,80.0
9451,9451.0,67.77955074435447,80.0
9452,9452.0,68.55929285290279,80.0
9453,9453.0,68.05301317970584,80.0
9454,9454.0,68.00099184783728,80.0
9455,9455.0,68.02660861484514,80.0
9456,9456.0,68.16916680056792,80.0
9457,9457.0,68.70128260634476,80.0
9458,9458.0,68.48175796792192,80.0
9459,9459.0,68.07590494025632,80.0
9460,9460.0,68.63024732403734,80.0
9461,9461.0,68.14626305204864,80.0
9462,9462.0,68.48103369165459,80.0
9463,9463.0,68.37009324545375,80.0
9464,9464.0,68.80629840141019,80.0
9465,9465.0,69.05144862318475,80.0
9466,9466.0,68.38485687314002,80.0
9467,9467.0,68.68598786321833,80.0
9468,9468.0,69.16311192276544,80.0
9469,9469.0,69.02510490067124,80.0
9470,9470.0,69.24620280143435,80.0
9471,9471.0,69.1919540544054,80.0
9472,9472.0,69.21238011184327,80.0
9473,9473.0,69.08313963549512,80.0
9474,9474.0,69.14076268408624,80.0
9475,9475.0,69.11916857543923,80.0
9476,9476.0,69.35907999321165,80.0
9477,9477.0,69.20620745730332,80.0
9478,9478.0,69.03109743306763,80.0
9479,9479.0,69.01852130789499,80.0
9480,9480.0,68.76045701113829,80.0
9481,9481.0,68.8229282454136,80.0
9482,9482.0,69.22401823940741,80.0
9483,9483.0,68.66398345120362,80.0
9484,9484.0,68.80393679916823,80.0
9485,9485.0,69.00175914103058,80.0
9486,9486.0,69.4230003893339,80.0
9487,9487.0,68.82523612425169,80.0
9488,9488.0,69.17385565359443,80.0
9489,9489.0,68.9328546739985,80.0
9490,9490.0,69.43497232423987,80.0
9491,9491.0,69.62331403338877,80.0
9492,9492.0,69.01110467573716,80.0
9493,9493.0,69.02895385454104,80.0
9494,9494.0,69.73431648155218,80.0
9495,9495.0,69.70453865462174,80.0
9496,9496.0,68.99886392043457,80.0
9497,9497.0,68.9988847527515,80.0
9498,9498.0,69.34936688218737,80.0
9499,9499.0,68.88905324410763,80.0
9500,9500.0,69.46134487323569,80.0
9501,9501.0,69.59710976939455,80.0
9502,9502.0,69.7354540582681,80.0
9503,9503.0,69.43916170615485,80.0
9504,9504.0,69.74979465621284,80.0
9505,9505.0,69.15105630379205,80.0
9506,9506.0,69.11467268917924,80.0
9507,9507.0,69.3865122595521,80.0
9508,9508.0,69.32968430245832,80.0
9509,9509.0,69.17890164634629,80.0
9510,9510.0,69.75619802936646,80.0
9511,9511.0,69.2070547114096,80.0
9512,9512.0,69.39076370431685,80.0
9513,9513.0,69.46711950598174,80.0
9514,9514.0,69.6762219571868,80.0
9515,9515.0,69.8766416272051,80.0
9516,9516.0,69.39109035718721,80.0
9517,9517.0,69.60438259853362,80.0
9518,9518.0,69.31863946583067,80.0
9519,9519.0,69.2739467075834,80.0
9520,9520.0,69.90897919010219,80.0
9521,9521.0,69.73992908761666,80.0
9522,9522.0,69.31726677530231,80.0
9523,9523.0,69.2891057288591,80.0
9524,9524.0,69.42034847519204,80.0
9525,9525.0,69.25247405180497,80.0
9526,9526.0,69.27365363559541,80.0
9527,9527.0,69.21218393182207,80.0
9528,9528.0,69.31005082695447,80.0
9529,9529.0,69.33675200998064,80.0
9530,9530.0,69.17260321046976,80.0
9531,9531.0,69.62095782120976,80.0
9532,9532.0,69.23720903621133,80.0
9533,9533.0,69.72271634599649,80.0
9534,9534.0,69.06309664341155,80.0
9535,9535.0,69.32486001991029,0.0
9536,9536.0,66.67286397785915,0.0
9537,9537.0,64.3056476421357,0.0
9538,9538.0,63.207415784248596,0.0
9539,9539.0,60.87160983774894,0.0
9540,9540.0,60.15565905159787,0.0
9541,9541.0,58.604968741807426,0.0
9542,9542.0,57.647735935857916,0.0
9543,9543.0,55.98632677900898,0.0
9544,9544.0,55.2462067422951,0.0
9545,9545.0,54.438046347223136,0.0
9546,9546.0,54.04482574402173,0.0
9547,9547.0,52.73162473395838,0.0
9548,9548.0,51.98915174710284,0.0
9549,9549.0,51.26211941074379,0.0
9550,9550.0,51.12303576419421,0.0
9551,9551.0,50.39821149819101,0.0
9552,9552.0,49.748677632751416,0.0
9553,9553.0,48.937615551766605,0.0
9554,9554.0,48.28158412948796,0.0
9555,9555.0,48.37001713101505,0.0
9556,9556.0,48.109993296285346,0.0
9557,9557.0,47.08893187001851,0.0
9558,9558.0,47.143187281271715,0.0
9559,9559.0,45.83393497664698,0.0
9560,9560.0,46.38548390618756,0.0
9561,9561.0,45.95764627800323,0.0
9562,9562.0,45.476329988089276,0.0
9563,9563.0,44.70202253565155,0.0
9564,9564.0,43.923380002095094,0.0
9565,9565.0,43.74141637490835,0.0
9566,9566.0,43.8865459467257,0.0
9567,9567.0,43.784499176748255,0.0
9568,9568.0,43.39071135137411,0.0
9569,9569.0,42.837472488460435,0.0
9570,9570.0,42.3391837318711,0.0
9571,9571.0,42.587447543398014,0.0
9572,9572.0,41.97577348120011,0.0
9573,9573.0,41.228942719392144,0.0
9574,9574.0,40.9839851523359,0.0
9575,9575.0,40.688048344399476,0.0
9576,9576.0,41.06806185481842,0.0
9577,9577.0,40.38658729108887,0.0
9578,9578.0,40.28807240260608,0.0
9579,9579.0,39.89539891560471,0.0
9580,9580.0,40.09732175920013,0.0
9581,9581.0,39.967981056603996,0.0
9582,9582.0,38.87743600923804,0.0
9583,9583.0,38.69335311901858,0.0
9584,9584.0,38.69362599352781,0.0
9585,9585.0,38.60994826610439,0.0
9586,9586.0,38.14978903310542,0.0
9587,9587.0,38.10607047136408,0.0
9588,9588.0,38.207841730218,0.0
9589,9589.0,38.1020876856927,0.0
9590,9590.0,37.45617867282706,0.0
9591,9591.0,37.796931726418215,0.0
9592,9592.0,37.051472821872856,0.0
9593,9593.0,36.984391438517335,0.0
9594,9594.0,36.738465085653765,0.0
9595,9595.0,36.90000413475977,0.0
9596,9596.0,36.68928964633465,0.0
9597,9597.0,36.846975499069295,0.0
9598,9598.0,35.70737189813562,0.0
9599,9599.0,36.36462514910224,0.0
9600,9600.0,36.121506527912096,0.0
9601,9601.0,35.461799369576006,0.0
9602,9602.0,35.96637923271799,0.0
9603,9603.0,35.83777526668066,0.0
9604,9604.0,35.46729956539598,0.0
9605,9605.0,35.17779395560131,0.0
9606,9606.0,34.471230880086054,0.0
9607,9607.0,35.0126295719809,0.0
9608,9608.0,34.56483552877717,0.0
9609,9609.0,34.01226457690447,0.0
9610,9610.0,34.574955836114775,0.0
9611,9611.0,33.844859672763796,0.0
9612,9612.0,33.80779338083973,0.0
9613,9613.0,33.69638217838262,0.0
9614,9614.0,34.252960353878535,0.0
9615,9615.0,33.514903074421404,0.0
9616,9616.0,33.47366449735114,0.0
9617,9617.0,33.338265407826356,0.0
9618,9618.0,33.78570226679363,0.0
9619,9619.0,33.21548333156233,0.0
9620,9620.0,33.4149172010866,0.0
9621,9621.0,32.77676272828668,0.0
9622,9622.0,33.14960652869138,0.0
9623,9623.0,33.0672748271533,0.0
9624,9624.0,32.46624573386385,0.0
9625,9625.0,32.6907694266496,0.0
9626,9626.0,32.747467940100876,0.0
9627,9627.0,32.18785789091795,0.0
9628,9628.0,32.520031344351594,0.0
9629,9629.0,32.472551263009194,0.0
9630,9630.0,32.25607653477248,0.0
9631,9631.0,31.947524797954955,0.0
9632,9632.0,31.993310948615942,0.0
9633,9633.0,31.69330035182581,0.0
9634,9634.0,31.836328288416293,0.0
9635,9635.0,31.787278939904546,0.0
9636,9636.0,31.349431890911603,0.0
9637,9637.0,30.938526756180458,0.0
9638,9638.0,30.982945938539363,0.0
9639,9639.0,31.364516765034278,0.0
9640,9640.0,30.806410245388086,0.0
9641,9641.0,30.936934590526008,0.0
9642,9642.0,30.684313217943767,0.0
9643,9643.0,30.764011211280156,0.0
9644,9644.0,30.700116286815565,0.0
9645,9645.0,30.807528901911475,0.0
9646,9646.0,30.10018951396036,0.0
9647,9647.0,30.206848331272347,0.0
9648,9648.0,30.631143898363284,0.0
9649,9649.0,29.959085717191016,0.0
9650,9650.0,30.344249922742417,0.0
9651,9651.0,29.494657840227656,0.0
9652,9652.0,30.261327348449086,0.0
9653,9653.0,29.45462826774345,0.0
9654,9654.0,29.64037648961185,0.0
9655,9655.0,29.16381710038389,0.0
9656,9656.0,29.793114499940927,0.0
9657,9657.0,29.776176540766695,0.0
9658,9658.0,28.947542160326044,0.0
9659,9659.0,29.290325967030665,0.0
9660,9660.0,29.624595388431352,0.0
9661,9661.0,29.593149233994488,0.0
9662,9662.0,29.013522832152894,0.0
9663,9663.0,29.309858007331094,0.0
9664,9664.0,28.64438186780443,0.0
9665,9665.0,28.826022584220194,0.0
9666,9666.0,28.48964371524481,0.0
9667,9667.0,29.03395043935254,0.0
9668,9668.0,28.974201081917393,0.0
9669,9669.0,28.386551881010817,0.0
9670,9670.0,28.104644356853978,0.0
9671,9671.0,28.421106712887582,0.0
9672,9672.0,28.13558626399652,0.0
9673,9673.0,28.164372034100637,0.0
9674,9674.0,28.279093487666675,0.0
9675,9675.0,27.897511312527783,0.0
9676,9676.0,27.977602875153746,0.0
9677,9677.0,28.095987903647032,0.0
9678,9678.0,27.63850994913229,0.0
9679,9679.0,28.03137353331846,0.0
9680,9680.0,27.596037383599082,0.0
9681,9681.0,28.216321092422948,0.0
9682,9682.0,27.58282045189333,0.0
9683,9683.0,27.779046461712205,0.0
9684,9684.0,27.721409642771047,0.0
9685,9685.0,27.841973238725526,0.0
9686,9686.0,27.289810278961475,0.0
9687,9687.0,27.80235865271552,0.0
9688,9688.0,27.760468777179682,0.0
9689,9689.0,27.27234564609688,0.0
9690,9690.0,26.874865360908665,0.0
9691,9691.0,26.811620735858643,0.0
9692,9692.0,26.637967664680275,0.0
9693,9693.0,26.72080229519131,0.0
9694,9694.0,27.311221260368384,0.0
9695,9695.0,26.487765921482293,0.0
9696,9696.0,26.54029144899691,0.0
9697,9697.0,26.5392283053125,0.0
9698,9698.0,26.608136659706673,0.0
9699,9699.0,26.215021524913897,0.0
9700,9700.0,26.980697653835968,0.0
9701,9701.0,26.783805417996913,0.0
9702,9702.0,26.152087203943392,0.0
9703,9703.0,26.526909032108414,0.0
9704,9704.0,26.803532214505065,0.0
9705,9705.0,25.985722349978637,0.0
9706,9706.0,26.60094798550081,0.0
9707,9707.0,26.73264956882789,0.0
9708,9708.0,25.832618532120343,0.0
9709,9709.0,26.237831574944817,0.0
9710,9710.0,26.077959552349654,0.0
9711,9711.0,26.359255037817903,0.0
9712,9712.0,26.03917864417124,0.0
9713,9713.0,26.05953377821056,0.0
9714,9714.0,25.878205356749724,0.0
9715,9715.0,26.189792694637813,0.0
9716,9716.0,25.774076537102914,0.0
9717,9717.0,25.31214265385049,0.0
9718,9718.0,25.34869829487737,0.0
9719,9719.0,25.678307744230388,0.0
9720,9720.0,25.6425679887292,0.0
9721,9721.0,25.842677469723444,0.0
9722,9722.0,25.39526868020503,0.0
9723,9723.0,25.842240971558073,0.0
9724,9724.0,25.7922110044459,0.0
9725,9725.0,25.29255532948098,0.0
9726,9726.0,25.284042789266813,0.0
9727,9727.0,25.18238268938621,0.0
9728,9728.0,25.41196943232489,0.0
9729,9729.0,25.335618047621956,0.0
9730,9730.0,25.298478520501934,0.0
9731,9731.0,24.869867612553723,0.0
9732,9732.0,24.98345739818962,0.0
9733,9733.0,24.71437382999958,0.0
9734,9734.0,24.84157109816852,0.0
9735,9735.0,25.217167393302415,0.0
9736,9736.0,25.43494279288199,0.0
9737,9737.0,25.228847573595438,0.0
9738,9738.0,25.155723508445423,0.0
9739,9739.0,24.532058512900612,0.0
9740,9740.0,24.883555546275744,0.0
9741,9741.0,24.80027939609646,0.0
9742,9742.0,25.022938211937024,0.0
9743,9743.0,24.872099379039703,0.0
9744,9744.0,24.76240138810666,0.0
9745,9745.0,24.656367801581744,0.0
9746,9746.0,24.634557501830177,0.0
9747,9747.0,24.933728951067764,0.0
9748,9748.0,24.023613872503315,0.0
9749,9749.0,23.971630985336784,0.0
9750,9750.0,24.793868595333308,0.0
9751,9751.0,24.516662804469565,0.0
9752,9752.0,24.217716830015966,0.0
9753,9753.0,24.565974613805647,0.0
9754,9754.0,24.487241918565747,0.0
9755,9755.0,24.048943375813636,0.0
9756,9756.0,24.215003517743074,0.0
9757,9757.0,24.082759755572418,0.0
9758,9758.0,23.764054602060405,0.0
9759,9759.0,24.50800919751323,0.0
9760,9760.0,24.518703947554044,0.0
9761,9761.0,24.29237555523913,0.0
9762,9762.0,23.982660298894203,0.0
9763,9763.0,24.10425511867233,0.0
9764,9764.0,24.108445944288697,0.0
9765,9765.0,23.942975829772895,0.0
9766,9766.0,23.627459340491207,0.0
9767,9767.0,23.89200591214993,0.0
9768,9768.0,23.741039415027885,0.0
9769,9769.0,23.638974538325108,0.0
9770,9770.0,23.994775238013332,0.0
9771,9771.0,24.116123454412687,0.0
9772,9772.0,23.407997949194826,0.0
9773,9773.0,23.88237439870244,0.0
9774,9774.0,23.96244294455129,0.0
9775,9775.0,23.910954834672182,0.0
9776,9776.0,24.06165513024965,0.0
9777,9777.0,23.518623772761586,0.0
9778,9778.0,23.064409311278105,0.0
9779,9779.0,23.658065336190138,0.0
9780,9780.0,23.85313654466967,0.0
9781,9781.0,23.329130913222873,0.0
9782,9782.0,23.464343096541988,0.0
9783,9783.0,23.059956161942186,0.0
9784,9784.0,23.065900113955188,0.0
9785,9785.0,23.44562477381256,0.0
9786,9786.0,23.784248958312805,0.0
9787,9787.0,23.38683401892544,0.0
9788,9788.0,23.4735871330063,0.0
9789,9789.0,23.317132044745794,0.0
9790,9790.0,23.242007746412988,0.0
9791,9791.0,23.034780720924505,0.0
9792,9792.0,22.840094155919477,0.0
9793,9793.0,22.697484045229647,0.0
9794,9794.0,23.601736987136473,0.0
9795,9795.0,23.345202197019944,0.0
9796,9796.0,23.179936238384226,0.0
9797,9797.0,22.555632200609693,0.0
9798,9798.0,22.646768262953046,0.0
9799,9799.0,23.113650775891646,0.0
9800,9800.0,23.28331721975632,0.0
9801,9801.0,23.34647662946815,0.0
9802,9802.0,22.464906844047892,0.0
9803,9803.0,22.819194906514845,0.0
9804,9804.0,22.938717242433018,0.0
9805,9805.0,23.028935021872705,0.0
9806,9806.0,23.19271856094323,0.0
9807,9807.0,23.187183590379302,0.0
9808,9808.0,22.746807026233725,0.0
9809,9809.0,23.125618420204187,0.0
9810,9810.0,22.539900812901664,0.0
9811,9811.0,23.013092675077406,0.0
9812,9812.0,22.782211855939842,0.0
9813,9813.0,22.80441799966846,0.0
9814,9814.0,22.848703045083884,0.0
9815,9815.0,22.99937921342025,0.0
9816,9816.0,23.051843402125208,0.0
9817,9817.0,22.983338766818076,0.0
9818,9818.0,22.49415629047302,0.0
9819,9819.0,22.130514051522933,0.0
9820,9820.0,22.786949754838396,0.0
9821,9821.0,22.550767072017525,0.0
9822,9822.0,22.533700239778906,0.0
9823,9823.0,22.703652598480765,0.0
9824,9824.0,22.251998788293633,0.0
9825,9825.0,22.009166188630836,0.0
9826,9826.0,22.310291881153375,0.0
9827,9827.0,22.082944261068153,0.0
9828,9828.0,22.274006872822053,0.0
9829,9829.0,22.462989832760734,0.0
9830,9830.0,22.78392870050417,0.0
9831,9831.0,22.008292030437232,0.0
9832,9832.0,22.07472843422576,0.0
9833,9833.0,22.095396694688397,0.0
9834,9834.0,22.032348838694297,0.0
9835,9835.0,22.285860214026776,0.0
9836,9836.0,22.34290841038006,0.0
9837,9837.0,22.39158823854986,0.0
9838,9838.0,22.654175285762012,0.0
9839,9839.0,22.01266721164991,0.0
9840,9840.0,22.49419541498198,0.0
9841,9841.0,21.705289267224103,0.0
9842,9842.0,22.29920405312355,0.0
9843,9843.0,22.26910608827138,0.0
9844,9844.0,21.896797396520007,0.0
9845,9845.0,22.10641791070325,0.0
9846,9846.0,22.274319751164267,0.0
9847,9847.0,22.40084105138584,0.0
9848,9848.0,21.651637191782747,0.0
9849,9849.0,22.522527862485706,0.0
9850,9850.0,21.578506695752566,0.0
9851,9851.0,21.883354404715508,0.0
9852,9852.0,22.071590619473152,0.0
9853,9853.0,21.814551385214607,0.0
9854,9854.0,21.86786758428225,0.0
9855,9855.0,22.440890125100527,0.0
9856,9856.0,21.51594910656372,0.0
9857,9857.0,21.93236565231972,0.0
9858,9858.0,21.71506025238735,0.0
9859,9859.0,21.556083976714138,0.0
9860,9860.0,21.715472644582526,0.0
9861,9861.0,21.714590322868393,0.0
9862,9862.0,21.510997062282378,0.0
9863,9863.0,22.326783014683713,0.0
9864,9864.0,21.92291412190316,0.0
9865,9865.0,22.286503891181518,0.0
9866,9866.0,21.640571156022556,0.0
9867,9867.0,22.01207144092277,0.0
9868,9868.0,21.55968926435095,0.0
9869,9869.0,22.21659113098941,0.0
9870,9870.0,22.09432298549802,0.0
9871,9871.0,21.74853205779145,0.0
9872,9872.0,21.392350446531946,0.0
9873,9873.0,21.302778982271658,0.0
9874,9874.0,21.47779785264523,0.0
9875,9875.0,22.0271724301536,0.0
9876,9876.0,21.299825722986746,0.0
9877,9877.0,21.618235212569175,0.0
9878,9878.0,21.76623698646323,0.0
9879,9879.0,21.689420277141814,0.0
9880,9880.0,22.165699677786,0.0
9881,9881.0,21.43856682711658,0.0
9882,9882.0,21.242929408421794,0.0
9883,9883.0,21.601214453249632,0.0
9884,9884.0,22.11277489166608,0.0
9885,9885.0,21.751653760396362,0.0
9886,9886.0,22.04137386248269,0.0
9887,9887.0,21.832363025471874,0.0
9888,9888.0,21.59423064564856,0.0
9889,9889.0,21.788519426108447,0.0
9890,9890.0,21.46775738744631,0.0
9891,9891.0,21.1646608277246,0.0
9892,9892.0,21.290929581515837,0.0
9893,9893.0,21.82959062186336,0.0
9894,9894.0,22.121229771643357,0.0
9895,9895.0,21.884231251074176,0.0
9896,9896.0,22.077125728192662,0.0
9897,9897.0,21.209597118548558,0.0
9898,9898.0,21.684683364123824,0.0
9899,9899.0,21.201450962069764,0.0
9900,9900.0,21.75022827549464,0.0
9901,9901.0,21.223323516399958,0.0
9902,9902.0,21.21243758957694,0.0
9903,9903.0,21.430174685957635,0.0
9904,9904.0,21.13748358558914,0.0
9905,9905.0,21.30277878229045,0.0
9906,9906.0,21.336115903085286,0.0
9907,9907.0,21.84568103838372,0.0
9908,9908.0,22.055331167833796,0.0
9909,9909.0,21.185652735679923,0.0
9910,9910.0,21.783975252569732,0.0
9911,9911.0,21.9783591834312,0.0
9912,9912.0,21.723842500338453,0.0
9913,9913.0,21.843121458826957,0.0
9914,9914.0,21.912995232580634,0.0
9915,9915.0,21.76924877689961,0.0
9916,9916.0,21.515580931928405,0.0
9917,9917.0,21.61316716531842,0.0
9918,9918.0,21.730531260970864,0.0
9919,9919.0,21.743878204334184,0.0
9920,9920.0,21.37176302884941,0.0
9921,9921.0,21.191559214774372,0.0
9922,9922.0,21.675236569844262,0.0
9923,9923.0,21.07509409995112,0.0
9924,9924.0,21.8601778762847,0.0
9925,9925.0,21.67997582731828,0.0
9926,9926.0,21.66689759572972,0.0
9927,9927.0,21.612536679267127,0.0
9928,9928.0,21.629505512383297,0.0
9929,9929.0,21.829145874578092,0.0
9930,9930.0,21.50036005603795,0.0
9931,9931.0,21.612589729140304,0.0
9932,9932.0,21.132428032460346,0.0
9933,9933.0,21.942501148399963,0.0
9934,9934.0,21.12169525553651,0.0
9935,9935.0,21.42836227062076,0.0
9936,9936.0,21.182144645121955,85.0
9937,9937.0,26.563977971989374,85.0
9938,9938.0,29.6509930595522,85.0
9939,9939.0,32.758141557164905,85.0
9940,9940.0,35.11965256326678,85.0
9941,9941.0,37.032714688086905,85.0
9942,9942.0,38.417588646578,85.0
9943,9943.0,40.07843838450476,85.0
9944,9944.0,41.01429853341016,85.0
9945,9945.0,42.36097951635491,85.0
9946,9946.0,43.632457244000804,85.0
9947,9947.0,44.864980628340035,85.0
9948,9948.0,45.85239036773607,85.0
9949,9949.0,46.86656507312946,85.0
9950,9950.0,46.88123470190234,85.0
9951,9951.0,48.18563374196327,85.0
9952,9952.0,48.19956790204598,85.0
9953,9953.0,49.04044923324188,85.0
9954,9954.0,49.63738351180953,85.0
9955,9955.0,50.785404422963765,85.0
9956,9956.0,50.661163023456865,85.0
9957,9957.0,51.60911323292691,85.0
9958,9958.0,52.43840433138947,85.0
9959,9959.0,52.124843337034285,85.0
9960,9960.0,53.44522036300315,85.0
9961,9961.0,53.081631511108235,85.0
9962,9962.0,54.37479389586293,85.0
9963,9963.0,54.62692943472632,85.0
9964,9964.0,54.89201349440235,85.0
9965,9965.0,55.10525809841243,85.0
9966,9966.0,55.6552005908329,85.0
9967,9967.0,56.030159740453875,85.0
9968,9968.0,55.97525763863162,85.0
9969,9969.0,56.732368316086685,85.0
9970,9970.0,56.38368914301269,85.0
9971,9971.0,56.76947982356794,85.0
9972,9972.0,57.686193063084524,85.0
9973,9973.0,57.367085243900746,85.0
9974,9974.0,57.560144400512264,85.0
9975,9975.0,58.48270031365205,85.0
9976,9976.0,58.95659372573609,85.0
9977,9977.0,58.642603129735164,85.0
9978,9978.0,59.41473961246071,85.0
9979,9979.0,59.53338283036815,85.0
9980,9980.0,59.44138097605755,85.0
9981,9981.0,60.06043891388848,85.0
9982,9982.0,60.445824742769126,85.0
9983,9983.0,60.15209352942491,85.0
9984,9984.0,60.13704816423834,85.0
9985,9985.0,60.6526726191405,85.0
9986,9986.0,60.6436759347062,85.0
9987,9987.0,61.061921884047614,85.0
9988,9988.0,61.53338403000778,85.0
9989,9989.0,61.906284453883984,85.0
9990,9990.0,61.29223036247779,85.0
9991,9991.0,62.15762240618172,85.0
9992,9992.0,62.0116002730444,85.0
9993,9993.0,62.34659316888402,85.0
9994,9994.0,62.16423994098558,85.0
9995,9995.0,62.44107191353812,85.0
9996,9996.0,62.37585567666767,85.0
9997,9997.0,63.19727553100723,85.0
9998,9998.0,62.93512024540285,85.0
9999,9999.0,63.64660026728308,85.0
10000,10000.0,63.628782961811275,85.0
10001,10001.0,63.82629576273467,85.0
10002,10002.0,63.59493917512713,85.0
10003,10003.0,64.12987303961724,85.0
10004,10004.0,63.93618805844528,85.0
10005,10005.0,63.95166352301412,85.0
10006,10006.0,64.43179498467666,85.0
10007,10007.0,64.55018224102439,85.0
10008,10008.0,64.79981403117868,85.0
10009,10009.0,64.36597754530575,85.0
10010,10010.0,64.84842605793366,85.0
10011,10011.0,64.60720668309548,85.0
10012,10012.0,64.74677744151388,85.0
10013,10013.0,65.42658066844832,85.0
10014,10014.0,64.8265656622324,85.0
10015,10015.0,65.79517482241671,85.0
10016,10016.0,65.4105248568792,85.0
10017,10017.0,65.92950459939894,85.0
10018,10018.0,65.93866390544942,85.0
10019,10019.0,66.22949735443902,85.0
10020,10020.0,66.34565766815501,85.0
10021,10021.0,65.84582354382275,85.0
10022,10022.0,66.46584056255689,85.0
10023,10023.0,66.54966719446155,85.0
10024,10024.0,66.53712822421144,85.0
10025,10025.0,66.68914874224417,85.0
10026,10026.0,66.91020524588845,85.0
10027,10027.0,67.20523389579358,85.0
10028,10028.0,67.23752563851362,85.0
10029,10029.0,67.06106219488508,85.0
10030,10030.0,66.80656742796035,85.0
10031,10031.0,67.4976024051418,85.0
10032,10032.0,67.3904787845598,85.0
10033,10033.0,67.37315701148826,85.0
10034,10034.0,67.10247021034431,85.0
10035,10035.0,67.43857030581421,85.0
10036,10036.0,67.13096951214617,85.0
10037,10037.0,67.17851223961826,85.0
10038,10038.0,67.21515451344344,85.0
10039,10039.0,67.49270844251178,85.0
10040,10040.0,68.25930748580942,85.0
10041,10041.0,67.97128886888686,85.0
10042,10042.0,67.87285743842233,85.0
10043,10043.0,68.02534951756876,85.0
10044,10044.0,68.11892328835332,85.0
10045,10045.0,68.42030104596022,85.0
10046,10046.0,68.2849524435604,85.0
10047,10047.0,67.96606276219508,85.0
10048,10048.0,68.63188787494785,85.0
10049,10049.0,68.92507038883218,85.0
10050,10050.0,68.30681541728539,85.0
10051,10051.0,68.3689130665541,85.0
10052,10052.0,68.4842207584839,85.0
10053,10053.0,68.34256451466264,85.0
10054,10054.0,68.680031149108,85.0
10055,10055.0,68.58914556162297,85.0
10056,10056.0,68.71676471487451,85.0
10057,10057.0,68.60644410767866,85.0
10058,10058.0,69.44567609993734,85.0
10059,10059.0,69.27202961155241,85.0
10060,10060.0,69.21757293518881,85.0
10061,10061.0,69.1690622782456,85.0
10062,10062.0,68.86600748489604,85.0
10063,10063.0,69.53278621249964,85.0
10064,10064.0,69.81555615892019,85.0
10065,10065.0,69.17189330230954,85.0
10066,10066.0,69.76393855925657,85.0
10067,10067.0,69.98088569960193,85.0
10068,10068.0,69.7505524238081,85.0
10069,10069.0,69.7730738901674,85.0
10070,10070.0,69.74331082229736,85.0
10071,10071.0,69.62901102395793,85.0
10072,10072.0,69.81321107999605,85.0
10073,10073.0,70.21021700039309,85.0
10074,10074.0,69.36433950932782,85.0
10075,10075.0,69.83534995309473,85.0
10076,10076.0,70.08936761927335,85.0
10077,10077.0,69.87772865181076,85.0
10078,10078.0,70.48813621570821,85.0
10079,10079.0,70.40162377106805,85.0
10080,10080.0,69.60350817053201,85.0
10081,10081.0,69.84124014299277,85.0
10082,10082.0,69.8181155417731,85.0
10083,10083.0,70.00883509392335,85.0
10084,10084.0,70.67463653380717,85.0
10085,10085.0,69.90687275676193,85.0
10086,10086.0,70.18074397699421,85.0
10087,10087.0,69.87342468943015,85.0
10088,10088.0,70.0432467845174,85.0
10089,10089.0,70.81226540307064,85.0
10090,10090.0,70.74784685951785,85.0
10091,10091.0,70.49677728674502,85.0
10092,10092.0,70.62127944960154,85.0
10093,10093.0,70.72797503110995,85.0
10094,10094.0,70.20250072522418,85.0
10095,10095.0,70.05388505863667,85.0
10096,10096.0,70.42760392114586,85.0
10097,10097.0,70.44849727816221,85.0
10098,10098.0,70.75591437419087,85.0
10099,10099.0,70.42710679520206,85.0
10100,10100.0,70.38044523143304,85.0
10101,10101.0,70.45606863451096,85.0
10102,10102.0,71.08574204125865,85.0
10103,10103.0,70.65334602850828,85.0
10104,10104.0,70.57358748902442,85.0
10105,10105.0,70.99656135878361,85.0
10106,10106.0,70.46952205472905,85.0
10107,10107.0,71.2290129168093,85.0
10108,10108.0,70.54865818032634,85.0
10109,10109.0,70.38869963441562,85.0
10110,10110.0,70.81729876915546,85.0
10111,10111.0,70.74598970603147,85.0
10112,10112.0,71.06024369289975,85.0
10113,10113.0,71.12087387922008,85.0
10114,10114.0,71.03776296013717,85.0
10115,10115.0,70.79952774460388,85.0
10116,10116.0,70.71257668416669,85.0
10117,10117.0,71.31400730113519,85.0
10118,10118.0,70.87472873040701,85.0
10119,10119.0,71.00468768056203,85.0
10120,10120.0,70.65477180107848,85.0
10121,10121.0,71.07080678422825,85.0
10122,10122.0,70.59987052856951,85.0
10123,10123.0,70.80230726369504,85.0
10124,10124.0,71.49887733292958,85.0
10125,10125.0,71.53023126903665,85.0
10126,10126.0,71.36869698823834,85.0
10127,10127.0,70.59372527151123,85.0
10128,10128.0,71.15939743514474,85.0
10129,10129.0,71.43151705976265,85.0
10130,10130.0,71.40296087880384,85.0
10131,10131.0,71.26083080792891,85.0
10132,10132.0,71.45053945496444,85.0
10133,10133.0,71.34503176805572,85.0
10134,10134.0,70.77297158438924,85.0
10135,10135.0,70.98937310587199,85.0
10136,10136.0,70.58336885757682,85.0
10137,10137.0,70.85068858979125,85.0
10138,10138.0,70.93421363810704,85.0
10139,10139.0,70.61264146707724,85.0
10140,10140.0,71.53840065520936,85.0
10141,10141.0,70.67614156762909,85.0
10142,10142.0,71.14234883813968,85.0
10143,10143.0,71.23501512960871,85.0
10144,10144.0,70.63923337498953,85.0
10145,10145.0,70.94169003459032,85.0
10146,10146.0,70.88108176688371,85.0
10147,10147.0,70.91160300664312,85.0
10148,10148.0,71.11532897087076,85.0
10149,10149.0,70.78454748243067,85.0
10150,10150.0,71.32573245896266,85.0
10151,10151.0,70.79450312349422,85.0
10152,10152.0,71.14475295462819,85.0
10153,10153.0,70.90919489879545,85.0
10154,10154.0,71.34086826026714,85.0
10155,10155.0,71.03723088513439,85.0
10156,10156.0,70.65009672860093,0.0
10157,10157.0,67.87561868986198,0.0
10158,10158.0,65.62833795085014,0.0
10159,10159.0,63.82129159609718,0.0
10160,10160.0,62.063482026907316,0.0
10161,10161.0,61.30236319647981,0.0
10162,10162.0,60.05974887442717,0.0
10163,10163.0,58.740987617603004,0.0
10164,10164.0,57.35857564271701,0.0
10165,10165.0,56.26358254731831,0.0
10166,10166.0,55.437900718352964,0.0
10167,10167.0,54.228825262265545,0.0
10168,10168.0,53.86807999449875,0.0
10169,10169.0,53.62623862839307,0.0
10170,10170.0,52.86150765800993,0.0
10171,10171.0,52.03361982406339,0.0
10172,10172.0,50.71176339978765,0.0
10173,10173.0,50.59678512222922,0.0
10174,10174.0,49.47550716795546,0.0
10175,10175.0,49.62855131235777,0.0
10176,10176.0,49.09172408582745,0.0
10177,10177.0,48.17880706639139,0.0
10178,10178.0,47.95307365170018,0.0
10179,10179.0,47.30751867296456,0.0
10180,10180.0,46.824575479956124,0.0
10181,10181.0,46.39407742168643,0.0
10182,10182.0,45.72132117547625,0.0
10183,10183.0,46.050428736704774,0.0
10184,10184.0,45.166885409835245,0.0
10185,10185.0,44.78289966197041,0.0
10186,10186.0,44.303749262772364,0.0
10187,10187.0,44.78689880510132,0.0
10188,10188.0,44.21063251164136,0.0
10189,10189.0,43.680301935863184,0.0
10190,10190.0,42.91544147035556,0.0
10191,10191.0,42.50745138805908,0.0
10192,10192.0,42.35635702390202,0.0
10193,10193.0,42.106741312483045,0.0
10194,10194.0,41.826786064354614,0.0
10195,10195.0,41.37103758493236,0.0
10196,10196.0,41.97254501080835,0.0
10197,10197.0,41.12275794041956,0.0
10198,10198.0,41.016324961826655,0.0
10199,10199.0,41.18045483504477,0.0
10200,10200.0,40.082314471256204,0.0
10201,10201.0,39.9141834972115,0.0
10202,10202.0,40.19504779061702,0.0
10203,10203.0,40.03057086716553,0.0
10204,10204.0,39.1039241867438,0.0
10205,10205.0,39.54279103801763,0.0
10206,10206.0,39.07055485089495,0.0
10207,10207.0,38.73943316915701,0.0
10208,10208.0,38.39370236244785,0.0
10209,10209.0,38.157797877217746,0.0
10210,10210.0,38.048088492121565,0.0
10211,10211.0,38.42104660081218,0.0
10212,10212.0,38.12933709180634,0.0
10213,10213.0,37.592662380586056,0.0
10214,10214.0,37.71209982123196,0.0
10215,10215.0,36.99385828078574,0.0
10216,10216.0,37.117580668322,0.0
10217,10217.0,36.69921864910971,0.0
10218,10218.0,36.48825191812375,0.0
10219,10219.0,37.00744346074291,0.0
10220,10220.0,36.33790257008851,0.0
10221,10221.0,36.55581549900805,0.0
10222,10222.0,36.57579927743634,0.0
10223,10223.0,35.76286781853846,0.0
10224,10224.0,36.234562527886645,0.0
10225,10225.0,35.18479959966007,0.0
10226,10226.0,35.15884177951007,0.0
10227,10227.0,35.22638855227574,0.0
10228,10228.0,35.46517284981243,0.0
10229,10229.0,35.12909080127634,0.0
10230,10230.0,34.60959163478545,0.0
10231,10231.0,34.914158689355915,0.0
10232,10232.0,34.656966219473375,0.0
10233,10233.0,34.12963073385945,0.0
10234,10234.0,34.47228393873943,0.0
10235,10235.0,34.642671248103326,0.0
10236,10236.0,34.46043899179118,0.0
10237,10237.0,34.23117069735164,0.0
10238,10238.0,33.368381835340685,0.0
10239,10239.0,33.62638189806224,0.0
10240,10240.0,33.69282754357804,0.0
10241,10241.0,33.296401589066065,0.0
10242,10242.0,33.59419034711924,0.0
10243,10243.0,32.877048841095316,0.0
10244,10244.0,33.32707575576657,0.0
10245,10245.0,33.101144155672245,0.0
10246,10246.0,32.964784592898916,0.0
10247,10247.0,32.21671845688377,0.0
10248,10248.0,32.81215125732565,0.0
10249,10249.0,32.09933092468396,0.0
10250,10250.0,32.423745209278266,0.0
10251,10251.0,32.35169216052416,0.0
10252,10252.0,32.41911932223048,0.0
10253,10253.0,31.824715573254768,0.0
10254,10254.0,31.541869616914383,0.0
10255,10255.0,31.859083086402418,0.0
10256,10256.0,32.15689728776523,0.0
10257,10257.0,31.527747590847117,0.0
10258,10258.0,31.49724989533316,0.0
10259,10259.0,31.837893908767168,0.0
10260,10260.0,30.945232363612288,0.0
10261,10261.0,30.891824884434342,0.0
10262,10262.0,30.620610228932666,0.0
10263,10263.0,30.605986616942918,0.0
10264,10264.0,30.91629480207857,0.0
10265,10265.0,30.69952962101169,0.0
10266,10266.0,30.943394243359858,0.0
10267,10267.0,30.251532713852665,0.0
10268,10268.0,30.178526776253204,0.0
10269,10269.0,30.157094178405444,0.0
10270,10270.0,30.014146920159217,0.0
10271,10271.0,30.167696696090054,0.0
10272,10272.0,30.17413350782058,0.0
10273,10273.0,29.638867281373898,0.0
10274,10274.0,30.386912944110282,0.0
10275,10275.0,30.230429435846684,0.0
10276,10276.0,29.333998953436048,0.0
10277,10277.0,29.394837431542694,0.0
10278,10278.0,29.540182314078418,0.0
10279,10279.0,30.02849790047792,0.0
10280,10280.0,29.03288309472654,0.0
10281,10281.0,29.07063907880947,0.0
10282,10282.0,29.80940376048884,0.0
10283,10283.0,29.16603543295104,0.0
10284,10284.0,29.544745688394322,0.0
10285,10285.0,29.549763693139333,0.0
10286,10286.0,29.06992176107816,0.0
10287,10287.0,28.457912306977025,0.0
10288,10288.0,28.64394793996033,0.0
10289,10289.0,28.603770823640474,0.0
10290,10290.0,28.314416025555122,0.0
10291,10291.0,28.812853288928807,0.0
10292,10292.0,28.841089773458993,0.0
10293,10293.0,28.729532269584183,0.0
10294,10294.0,28.363525468613407,0.0
10295,10295.0,28.819881405249568,0.0
10296,10296.0,28.06366027486974,0.0
10297,10297.0,28.10608393363932,0.0
10298,10298.0,28.36104003282325,0.0
10299,10299.0,28.531543894298725,0.0
10300,10300.0,27.910777365876058,0.0
10301,10301.0,27.756829467960426,0.0
10302,10302.0,27.567616671363698,0.0
10303,10303.0,27.9878332318662,0.0
10304,10304.0,28.170867721599553,0.0
10305,10305.0,27.95143837460831,0.0
10306,10306.0,27.391963894157154,0.0
10307,10307.0,27.860046643034813,0.0
10308,10308.0,27.062565157442247,0.0
10309,10309.0,26.980851260508608,0.0
10310,10310.0,27.198706099058235,0.0
10311,10311.0,27.11472167664778,0.0
10312,10312.0,27.47096428037919,0.0
10313,10313.0,26.902318353778192,0.0
10314,10314.0,26.875273439580884,0.0
10315,10315.0,27.466987249300523,0.0
10316,10316.0,26.664050679980093,0.0
10317,10317.0,26.55664850581206,0.0
10318,10318.0,27.144347459423997,0.0
10319,10319.0,26.53314494738765,0.0
10320,10320.0,27.19628138076964,0.0
10321,10321.0,26.81636679121727,0.0
10322,10322.0,27.049037405128576,0.0
10323,10323.0,27.030727413353404,0.0
10324,10324.0,26.832062437343033,0.0
10325,10325.0,26.830519308402994,0.0
10326,10326.0,26.184473592312326,0.0
10327,10327.0,26.84030068360571,0.0
10328,10328.0,26.10702534653671,0.0
10329,10329.0,26.66269042769207,0.0
10330,10330.0,26.334680590563792,0.0
10331,10331.0,26.160214759256633,0.0
10332,10332.0,26.22152336142454,0.0
10333,10333.0,25.625713041340482,0.0
10334,10334.0,25.595556840302475,0.0
10335,10335.0,25.91418007590845,0.0
10336,10336.0,26.033765991293233,0.0
10337,10337.0,25.514751451759285,0.0
10338,10338.0,25.62358398274417,0.0
10339,10339.0,25.434318453157307,0.0
10340,10340.0,26.028371082143504,0.0
10341,10341.0,26.214121254563416,0.0
10342,10342.0,25.659457792834555,0.0
10343,10343.0,26.044819653059985,0.0
10344,10344.0,25.230837102715636,0.0
10345,10345.0,25.260795241080036,0.0
10346,10346.0,25.414013659977847,0.0
10347,10347.0,25.771429143910737,0.0
10348,10348.0,25.101122899429953,0.0
10349,10349.0,25.612033198476066,0.0
10350,10350.0,25.08886681390274,0.0
10351,10351.0,25.221878241392314,0.0
10352,10352.0,25.48329559105842,0.0
10353,10353.0,25.022818645681074,0.0
10354,10354.0,25.452731167246437,0.0
10355,10355.0,25.346155943401733,0.0
10356,10356.0,24.906579797941994,0.0
10357,10357.0,25.060598035580508,0.0
10358,10358.0,24.844766631631405,0.0
10359,10359.0,24.883780152536325,0.0
10360,10360.0,25.219574665859888,0.0
10361,10361.0,25.27990580351144,0.0
10362,10362.0,25.094386464952436,0.0
10363,10363.0,24.40271698327886,0.0
10364,10364.0,25.189713197634212,0.0
10365,10365.0,24.56095009918061,0.0
10366,10366.0,25.135115065124154,0.0
10367,10367.0,24.541179791667158,0.0
10368,10368.0,24.969856804182534,0.0
10369,10369.0,24.209620349054035,0.0
10370,10370.0,24.735055290403313,0.0
10371,10371.0,23.98863432116458,0.0
10372,10372.0,24.317905483174833,0.0
10373,10373.0,24.791386678412053,0.0
10374,10374.0,24.06311208042791,0.0
10375,10375.0,24.64695745398434,0.0
10376,10376.0,24.05695639707276,0.0
10377,10377.0,24.280010396759277,0.0
10378,10378.0,24.33717683438904,0.0
10379,10379.0,24.46798332620905,0.0
10380,10380.0,23.719879474459617,0.0
10381,10381.0,23.95663520369303,0.0
10382,10382.0,24.502728812889423,0.0
10383,10383.0,24.42850924018339,0.0
10384,10384.0,23.710689444692377,0.0
10385,10385.0,23.556702166377036,0.0
10386,10386.0,23.81480662884318,0.0
10387,10387.0,23.554302422826584,0.0
10388,10388.0,23.529606544244793,0.0
10389,10389.0,23.57376711744528,0.0
10390,10390.0,24.047573856674628,0.0
10391,10391.0,23.64102570291417,0.0
10392,10392.0,24.247973377421403,0.0
10393,10393.0,24.160145565672003,0.0
10394,10394.0,23.397553348364262,0.0
10395,10395.0,23.54200207961256,0.0
10396,10396.0,23.68579490416967,0.0
10397,10397.0,23.385163634960794,0.0
10398,10398.0,23.409509501960564,0.0
10399,10399.0,23.301896659036405,0.0
10400,10400.0,24.00452486079028,0.0
10401,10401.0,23.104147716001595,0.0
10402,10402.0,23.41831939399029,0.0
10403,10403.0,23.857012327037307,0.0
10404,10404.0,23.525290674911627,0.0
10405,10405.0,23.556547525660374,0.0
10406,10406.0,22.983513637900252,0.0
10407,10407.0,23.480630724613583,0.0
10408,10408.0,23.297719890675737,0.0
10409,10409.0,22.901262495008922,0.0
10410,10410.0,22.904827447691297,0.0
10411,10411.0,23.198476147409032,0.0
10412,10412.0,23.249361143034854,0.0
10413,10413.0,23.263790412461777,0.0
10414,10414.0,22.814811269943696,0.0
10415,10415.0,22.94038785532478,0.0
10416,10416.0,22.936602844533237,0.0
10417,10417.0,23.508609274893033,0.0
10418,10418.0,22.837355061067427,0.0
10419,10419.0,23.23086398017503,0.0
10420,10420.0,23.384174780072218,0.0
10421,10421.0,22.631519471149275,0.0
10422,10422.0,23.440973733176442,0.0
10423,10423.0,22.498836876935336,0.0
10424,10424.0,22.911598860172607,0.0
10425,10425.0,23.05913067457864,0.0
10426,10426.0,23.02160665798145,0.0
10427,10427.0,23.348536491983705,0.0
10428,10428.0,23.321507453069678,0.0
10429,10429.0,22.596022634191318,0.0
10430,10430.0,22.844588927031094,0.0
10431,10431.0,22.40974339060715,0.0
10432,10432.0,23.244885359685856,0.0
10433,10433.0,22.860989405860206,0.0
10434,10434.0,23.204625749232054,0.0
10435,10435.0,22.960442279194915,0.0
10436,10436.0,23.037362690650507,0.0
10437,10437.0,23.061668138131107,0.0
10438,10438.0,22.939735705085607,0.0
10439,10439.0,22.719515290645617,0.0
10440,10440.0,22.228492202867308,0.0
10441,10441.0,22.97156704258421,0.0
10442,10442.0,22.422532871967352,0.0
10443,10443.0,22.691529714768805,0.0
10444,10444.0,22.36567185377883,0.0
10445,10445.0,22.613094201079587,0.0
10446,10446.0,22.086037379638412,0.0
10447,10447.0,22.13994564062568,0.0
10448,10448.0,22.717416686848193,0.0
10449,10449.0,22.393476166074873,0.0
10450,10450.0,22.521965689128848,0.0
10451,10451.0,22.35720423443457,0.0
10452,10452.0,22.06380116167908,0.0
10453,10453.0,22.125940933233753,0.0
10454,10454.0,22.619824529297397,0.0
10455,10455.0,22.474975328755953,0.0
10456,10456.0,22.35495629511282,0.0
10457,10457.0,22.132793692552045,0.0
10458,10458.0,22.181296468353782,0.0
10459,10459.0,22.308595526285163,0.0
10460,10460.0,22.476514089195415,0.0
10461,10461.0,22.20542960768517,0.0
10462,10462.0,22.30293977946854,0.0
10463,10463.0,22.187794397703527,0.0
10464,10464.0,22.093650051953986,0.0
10465,10465.0,22.43463428353814,0.0
10466,10466.0,21.810290879091323,0.0
10467,10467.0,22.235081147253826,0.0
10468,10468.0,21.837353295347746,0.0
10469,10469.0,22.024191882230557,0.0
10470,10470.0,21.72031069725609,0.0
10471,10471.0,22.133529250163804,0.0
10472,10472.0,22.544957553416797,0.0
10473,10473.0,22.014593609255975,0.0
10474,10474.0,22.20330614776324,0.0
10475,10475.0,22.256350333793716,0.0
10476,10476.0,21.645555915441868,0.0
10477,10477.0,22.097083445212846,0.0
10478,10478.0,21.92329170319467,0.0
10479,10479.0,22.15885272848921,0.0
10480,10480.0,22.05298537376108,0.0
10481,10481.0,21.44674566261885,0.0
10482,10482.0,21.89820066216381,0.0
10483,10483.0,22.217906096894097,0.0
10484,10484.0,22.170521317367243,0.0
10485,10485.0,22.035642409494997,0.0
10486,10486.0,22.09482475427093,0.0
10487,10487.0,21.600648706697303,0.0
10488,10488.0,21.809242404048554,0.0
10489,10489.0,21.643485620651337,0.0
10490,10490.0,22.18893887215543,0.0
10491,10491.0,21.417164095035595,0.0
10492,10492.0,21.72379099464637,0.0
10493,10493.0,22.298977247792717,0.0
10494,10494.0,21.58979318507535,0.0
10495,10495.0,21.43024567830506,0.0
10496,10496.0,21.62907054514829,0.0
10497,10497.0,21.91415652078176,0.0
10498,10498.0,22.16109461925995,0.0
10499,10499.0,22.104907898691152,0.0
10500,10500.0,21.395754189815424,0.0
10501,10501.0,21.900128575598025,0.0
10502,10502.0,22.09756055604667,0.0
10503,10503.0,21.510703567724583,0.0
10504,10504.0,21.807597563688795,0.0
10505,10505.0,21.355187305284495,0.0
10506,10506.0,22.006129807376173,0.0
10507,10507.0,21.4590553176953,0.0
10508,10508.0,21.261474993410513,0.0
10509,10509.0,21.70958240949971,0.0
10510,10510.0,22.09546393123886,0.0
10511,10511.0,21.5522680745597,0.0
10512,10512.0,22.069457173384514,0.0
10513,10513.0,21.624944881968528,0.0
10514,10514.0,21.863846979327988,0.0
10515,10515.0,21.809104845155225,0.0
10516,10516.0,21.23327153755197,0.0
10517,10517.0,21.63551673119639,0.0
10518,10518.0,21.910780957577664,0.0
10519,10519.0,21.830641196666605,0.0
10520,10520.0,22.036587780657502,0.0
10521,10521.0,21.54625714770836,0.0
10522,10522.0,21.867889104664854,0.0
10523,10523.0,22.056358683407574,0.0
10524,10524.0,21.13585891527454,0.0
10525,10525.0,21.59866251133451,0.0
10526,10526.0,21.55216575466109,0.0
10527,10527.0,21.82119772677499,0.0
10528,10528.0,21.43578543443543,0.0
10529,10529.0,21.143669695573422,0.0
10530,10530.0,21.67940537744727,0.0
10531,10531.0,21.663302846009632,0.0
10532,10532.0,21.47370514872137,0.0
10533,10533.0,21.152217077712006,0.0
10534,10534.0,21.547634969126698,0.0
10535,10535.0,21.656417648223538,0.0
10536,10536.0,21.36408203326992,0.0
10537,10537.0,21.101959478795152,0.0
10538,10538.0,21.509825022757,0.0
10539,10539.0,21.11344382919679,0.0
10540,10540.0,21.35540527408851,0.0
10541,10541.0,21.850795964564814,0.0
10542,10542.0,21.09377442657776,0.0
10543,10543.0,21.87788416667385,0.0
10544,10544.0,21.039553488438056,0.0
10545,10545.0,21.270712457928266,0.0
10546,10546.0,21.578577346663295,0.0
10547,10547.0,21.815464831961883,0.0
10548,10548.0,21.647979985292384,0.0
10549,10549.0,21.3253400739732,0.0
10550,10550.0,21.336589805502847,0.0
10551,10551.0,21.50343435885035,0.0
10552,10552.0,21.452757933802417,0.0
10553,10553.0,21.031616704885224,0.0
10554,10554.0,21.14452178107233,0.0
10555,10555.0,21.270676693342836,0.0
10556,10556.0,21.173247380125844,0.0
10557,10557.0,21.455871216409918,90.0
10558,10558.0,26.823439207843425,90.0
10559,10559.0,30.21592156451426,90.0
10560,10560.0,33.72123478192368,90.0
10561,10561.0,35.47663641822003,90.0
10562,10562.0,38.12033164041706,90.0
10563,10563.0,39.1817139027768,90.0
10564,10564.0,40.770761011697466,90.0
10565,10565.0,42.447920154646894,90.0
10566,10566.0,43.85062030618728,90.0
10567,10567.0,45.04469950983737,90.0
10568,10568.0,45.19869565605054,90.0
10569,10569.0,46.0597795108857,90.0
10570,10570.0,47.41021930113639,90.0
10571,10571.0,48.18293222423022,90.0
10572,10572.0,49.28401558187311,90.0
10573,10573.0,49.27172094238455,90.0
10574,10574.0,50.568900635098316,90.0
10575,10575.0,50.50903049759798,90.0
10576,10576.0,51.65051121298097,90.0
10577,10577.0,51.785304028075544,90.0
10578,10578.0,52.41938317907212,90.0
10579,10579.0,53.384887526574154,90.0
10580,10580.0,53.309348156604536,90.0
10581,10581.0,54.031666948516936,90.0
10582,10582.0,54.85708145137134,90.0
10583,10583.0,55.065704039971806,90.0
10584,10584.0,55.210572903551885,90.0
10585,10585.0,56.060795960917666,90.0
10586,10586.0,56.425006316883945,90.0
10587,10587.0,56.32431117955055,90.0
10588,10588.0,56.55000947344789,90.0
10589,10589.0,57.81749827875159,90.0
10590,10590.0,57.989901874667446,90.0
10591,10591.0,57.715664321773446,90.0
10592,10592.0,58.20877309452695,90.0
10593,10593.0,58.86356395140212,90.0
10594,10594.0,58.94128411833134,90.0
10595,10595.0,59.32564615853377,90.0
10596,10596.0,59.88735764862993,90.0
10597,10597.0,59.55217757121003,90.0
10598,10598.0,60.514201225852716,90.0
10599,10599.0,60.12444003298846,90.0
10600,10600.0,60.403725984183325,90.0
10601,10601.0,60.62306178967534,90.0
10602,10602.0,61.18854799296579,90.0
10603,10603.0,61.71685455183593,90.0
10604,10604.0,61.183463777953676,90.0
10605,10605.0,61.78814994032503,90.0
10606,10606.0,61.998370071184794,90.0
10607,10607.0,62.18151886744477,90.0
10608,10608.0,62.33064956525205,90.0
10609,10609.0,62.625873593268025,90.0
10610,10610.0,62.571914700788746,90.0
10611,10611.0,63.181971528669365,90.0
10612,10612.0,62.95301080107911,90.0
10613,10613.0,63.647484406986266,90.0
10614,10614.0,63.312698258905534,90.0
10615,10615.0,63.521228420157385,90.0
10616,10616.0,64.34603761571834,90.0
10617,10617.0,64.23941825424512,90.0
10618,10618.0,64.38376866764597,90.0
10619,10619.0,64.02826688588523,90.0
10620,10620.0,64.75182452292127,90.0
10621,10621.0,64.99402077904075,90.0
10622,10622.0,64.54823106047702,90.0
10623,10623.0,64.71152768357888,90.0
10624,10624.0,65.68401477973802,90.0
10625,10625.0,65.59654890773528,90.0
10626,10626.0,66.04917052357943,90.0
10627,10627.0,65.66311699479381,90.0
10628,10628.0,65.57023626268625,90.0
10629,10629.0,65.59886745737413,90.0
10630,10630.0,65.93795920762813,90.0
10631,10631.0,66.19156057300117,90.0
10632,10632.0,66.32891132350284,90.0
10633,10633.0,66.70921859855329,90.0
10634,10634.0,66.64160646448643,90.0
10635,10635.0,66.78989500819254,90.0
10636,10636.0,67.03264076423005,90.0
10637,10637.0,66.84276657187782,90.0
10638,10638.0,66.98464294997778,90.0
10639,10639.0,67.14355442802771,90.0
10640,10640.0,67.42919597487973,90.0
10641,10641.0,67.26157456735056,90.0
10642,10642.0,67.82271590002371,90.0
10643,10643.0,67.89045208807549,90.0
10644,10644.0,67.64547394889269,90.0
10645,10645.0,67.9691499653014,90.0
10646,10646.0,67.53119991631883,90.0
10647,10647.0,68.25249766043916,90.0
10648,10648.0,67.996097620309,90.0
10649,10649.0,68.27104163604605,90.0
10650,10650.0,68.21409185812207,90.0
10651,10651.0,68.95680546134892,90.0
10652,10652.0,68.92248386255085,90.0
10653,10653.0,68.378625655244,90.0
10654,10654.0,69.04060783363954,90.0
10655,10655.0,68.61855808442319,90.0
10656,10656.0,69.31415890038743,90.0
10657,10657.0,69.4317125698699,90.0
10658,10658.0,68.58153526423035,90.0
10659,10659.0,69.6023285065141,90.0
10660,10660.0,69.08567036924624,90.0
10661,10661.0,69.39692958175557,90.0
10662,10662.0,69.64394146619351,90.0
10663,10663.0,69.72614168723229,90.0
10664,10664.0,69.83045798371681,90.0
10665,10665.0,69.73156417304524,90.0
10666,10666.0,69.82090131339693,90.0
10667,10667.0,69.74271772015693,90.0
10668,10668.0,69.78042309624712,90.0
10669,10669.0,69.93323579307662,90.0
10670,10670.0,69.78486046290628,90.0
10671,10671.0,69.74999148300651,90.0
10672,10672.0,69.92160408640842,90.0
10673,10673.0,70.09696470730935,90.0
10674,10674.0,70.5071956429868,90.0
10675,10675.0,69.90987839163209,90.0
10676,10676.0,70.30153406389566,90.0
10677,10677.0,70.92141458599015,90.0
10678,10678.0,70.63906870120698,90.0
10679,10679.0,70.7951123407938,90.0
10680,10680.0,71.02507242369484,90.0
10681,10681.0,70.62507709424905,90.0
10682,10682.0,70.2585752694536,90.0
10683,10683.0,71.23205857536239,90.0
10684,10684.0,70.42979593998092,90.0
10685,10685.0,70.65667449204936,90.0
10686,10686.0,71.2057650091773,90.0
10687,10687.0,70.60028768098448,90.0
10688,10688.0,70.59851899038989,90.0
10689,10689.0,71.11073281287003,90.0
10690,10690.0,71.26461611467174,90.0
10691,10691.0,71.2847918074255,90.0
10692,10692.0,70.78976490408763,90.0
10693,10693.0,71.10956795232815,90.0
10694,10694.0,70.92735551513103,90.0
10695,10695.0,71.10563983846703,90.0
10696,10696.0,71.42816837411969,90.0
10697,10697.0,71.88375821993304,90.0
10698,10698.0,71.50306828375757,90.0
10699,10699.0,71.7589951231359,90.0
10700,10700.0,71.60139035894873,90.0
10701,10701.0,71.71407618192637,90.0
10702,10702.0,71.25579294224916,90.0
10703,10703.0,71.5071891979181,90.0
10704,10704.0,71.96775152184779,90.0
10705,10705.0,72.18222286267196,90.0
10706,10706.0,71.444236763286,90.0
10707,10707.0,71.59323179760784,90.0
10708,10708.0,71.98106266130576,90.0
10709,10709.0,71.87847343249588,90.0
10710,10710.0,71.76092886064627,90.0
10711,10711.0,72.17672426404981,90.0
10712,10712.0,71.93317988580394,90.0
10713,10713.0,72.0179317127805,90.0
10714,10714.0,71.644427804899,90.0
10715,10715.0,72.28307911886442,90.0
10716,10716.0,72.49606593622664,90.0
10717,10717.0,72.21399509346863,90.0
10718,10718.0,72.24946735994857,90.0
10719,10719.0,72.15390557669251,90.0
10720,10720.0,72.41140726764982,90.0
10721,10721.0,72.01799347268681,90.0
10722,10722.0,71.88303604004913,90.0
10723,10723.0,71.80498997947741,90.0
10724,10724.0,72.01308886017424,90.0
10725,10725.0,71.85668853152795,90.0
10726,10726.0,72.41994947569292,90.0
10727,10727.0,72.50293464248057,90.0
10728,10728.0,72.04244528194397,90.0
10729,10729.0,72.86476403945416,90.0
10730,10730.0,72.31709748678732,90.0
10731,10731.0,72.80782726310137,90.0
10732,10732.0,72.94177353582063,90.0
10733,10733.0,72.14205496130563,90.0
10734,10734.0,72.00134411425974,90.0
10735,10735.0,72.06047909649352,90.0
10736,10736.0,72.81745970283005,90.0
10737,10737.0,72.03368256015528,90.0
10738,10738.0,72.2437735225003,90.0
10739,10739.0,72.15297349837903,90.0
10740,10740.0,72.74967061881415,90.0
10741,10741.0,73.01544776370488,90.0
10742,10742.0,72.77754956650807,90.0
10743,10743.0,72.95784193925662,90.0
10744,10744.0,72.49478519885595,90.0
10745,10745.0,72.19595652746885,90.0
10746,10746.0,72.91347961886088,90.0
10747,10747.0,72.8178407663536,90.0
10748,10748.0,72.43236793768493,90.0
10749,10749.0,72.1600146986796,90.0
10750,10750.0,72.17077397491354,90.0
10751,10751.0,72.54673868540162,90.0
10752,10752.0,73.13353124019709,90.0
10753,10753.0,72.47071083193097,90.0
10754,10754.0,72.27662857057213,90.0
10755,10755.0,73.01167033493874,90.0
10756,10756.0,72.79952903873091,90.0
10757,10757.0,72.49156021573566,90.0
10758,10758.0,72.77280978552804,90.0
10759,10759.0,72.95649871332843,90.0
10760,10760.0,73.04883929395496,90.0
10761,10761.0,72.38788536083823,90.0
10762,10762.0,72.71569759507653,90.0
10763,10763.0,72.86835758283073,90.0
10764,10764.0,73.01137160493253,90.0
10765,10765.0,72.56323875978048,90.0
10766,10766.0,72.53099827117575,90.0
10767,10767.0,72.57295041326842,90.0
10768,10768.0,72.76792175222475,90.0
10769,10769.0,73.0928517736118,90.0
10770,10770.0,73.03697642345946,90.0
10771,10771.0,72.31799430588308,90.0
10772,10772.0,72.21448990974109,90.0
10773,10773.0,72.38783428082789,90.0
10774,10774.0,72.48277106014852,90.0
10775,10775.0,72.2138827836436,90.0
10776,10776.0,72.4536961021566,90.0
10777,10777.0,72.30757925719085,0.0
10778,10778.0,70.07924932555983,0.0
10779,10779.0,67.07633859555598,0.0
10780,10780.0,65.57863522549349,0.0
10781,10781.0,63.9914718729349,0.0
10782,10782.0,62.25868080952727,0.0
10783,10783.0,60.94176282065073,0.0
10784,10784.0,59.856305647774235,0.0
10785,10785.0,57.979862216179555,0.0
10786,10786.0,57.02326733137299,0.0
10787,10787.0,56.892845354225194,0.0
10788,10788.0,55.84748110376036,0.0
10789,10789.0,55.01240425857411,0.0
10790,10790.0,54.02373433681295,0.0
10791,10791.0,53.70303445624649,0.0
10792,10792.0,52.541920401644425,0.0
10793,10793.0,51.96205292889612,0.0
10794,10794.0,51.30734314080389,0.0
10795,10795.0,50.74004597989297,0.0
10796,10796.0,49.7282041343759,0.0
10797,10797.0,49.72367521522667,0.0
10798,10798.0,48.99928158514544,0.0
10799,10799.0,48.29123732291564,0.0
10800,10800.0,48.08839761084827,0.0
10801,10801.0,47.89538626282953,0.0
10802,10802.0,46.8701042158138,0.0
10803,10803.0,46.93316485240414,0.0
10804,10804.0,46.39063645217848,0.0
10805,10805.0,45.51081960606031,0.0
10806,10806.0,45.5563412584706,0.0
10807,10807.0,45.27394460565809,0.0
10808,10808.0,45.138497468945296,0.0
10809,10809.0,44.9894715159985,0.0
10810,10810.0,43.96345995015787,0.0
10811,10811.0,44.0505114557673,0.0
10812,10812.0,43.846913931957936,0.0
10813,10813.0,42.739440822430694,0.0
10814,10814.0,42.862948406617896,0.0
10815,10815.0,42.32726710002006,0.0
10816,10816.0,42.66298341218214,0.0
10817,10817.0,42.078550660115575,0.0
10818,10818.0,41.60236709353127,0.0
10819,10819.0,41.96117981204138,0.0
10820,10820.0,41.36957205158208,0.0
10821,10821.0,40.83411107551431,0.0
10822,10822.0,40.69317762622617,0.0
10823,10823.0,40.62280546239503,0.0
10824,10824.0,40.68121923472796,0.0
10825,10825.0,40.42315046932068,0.0
10826,10826.0,39.971895287344616,0.0
10827,10827.0,39.098548710672716,0.0
10828,10828.0,39.25280005867289,0.0
10829,10829.0,38.848232720576405,0.0
10830,10830.0,39.05437658275691,0.0
10831,10831.0,38.29330125380265,0.0
10832,10832.0,38.39631780279075,0.0
10833,10833.0,38.65843201087868,0.0
10834,10834.0,37.793604276329035,0.0
10835,10835.0,38.207356336733646,0.0
10836,10836.0,37.80684013258572,0.0
10837,10837.0,37.33192624898857,0.0
10838,10838.0,37.17748835923369,0.0
10839,10839.0,37.062517145600985,0.0
10840,10840.0,36.776514553172746,0.0
10841,10841.0,36.7931407022837,0.0
10842,10842.0,36.42479434047959,0.0
10843,10843.0,36.274943156305724,0.0
10844,10844.0,36.09311562240882,0.0
10845,10845.0,35.687281949437484,0.0
10846,10846.0,35.57036937422205,0.0
10847,10847.0,35.96761446250159,0.0
10848,10848.0,35.51783223103907,0.0
10849,10849.0,35.82268781533203,0.0
10850,10850.0,35.15935607438579,0.0
10851,10851.0,35.14018880429213,0.0
10852,10852.0,34.83569559260314,0.0
10853,10853.0,35.078850034403224,0.0
10854,10854.0,34.87146177469533,0.0
10855,10855.0,35.11326816152463,0.0
10856,10856.0,34.61664062737788,0.0
10857,10857.0,34.773727517794995,0.0
10858,10858.0,34.28623217636401,0.0
10859,10859.0,34.39025049144779,0.0
10860,10860.0,34.07707703511628,0.0
10861,10861.0,34.262460951429865,0.0
10862,10862.0,33.43871403710988,0.0
10863,10863.0,33.102371313179425,0.0
10864,10864.0,33.000606088240424,0.0
10865,10865.0,33.25027175469372,0.0
10866,10866.0,32.694061076897164,0.0
10867,10867.0,33.40442929149887,0.0
10868,10868.0,33.23315508000667,0.0
10869,10869.0,33.003606040924076,0.0
10870,10870.0,32.49299991877142,0.0
10871,10871.0,32.485148968153915,0.0
10872,10872.0,32.632577921940005,0.0
10873,10873.0,32.72027068247489,0.0
10874,10874.0,32.42128125046409,0.0
10875,10875.0,32.26623141890965,0.0
10876,10876.0,31.644094089062058,0.0
10877,10877.0,31.620192394359673,0.0
10878,10878.0,31.799631128799437,0.0
10879,10879.0,31.846461694607125,0.0
10880,10880.0,31.91263215761882,0.0
10881,10881.0,31.702597600920576,0.0
10882,10882.0,31.386800497471686,0.0
10883,10883.0,30.907064737124156,0.0
10884,10884.0,31.551620956944724,0.0
10885,10885.0,31.56436962025908,0.0
10886,10886.0,30.86001172285312,0.0
10887,10887.0,30.43481186887081,0.0
10888,10888.0,30.44834283513798,0.0
10889,10889.0,30.78281517065619,0.0
10890,10890.0,30.610420369183053,0.0
10891,10891.0,30.18059419542046,0.0
10892,10892.0,30.72933428361396,0.0
10893,10893.0,30.8584421630521,0.0
10894,10894.0,30.486445097694645,0.0
10895,10895.0,30.111274347587262,0.0
10896,10896.0,29.956923689059053,0.0
10897,10897.0,30.466249674386603,0.0
10898,10898.0,29.604073986086565,0.0
10899,10899.0,29.8566915725127,0.0
10900,10900.0,29.634666649324853,0.0
10901,10901.0,29.32374958863255,0.0
10902,10902.0,29.621220866522005,0.0
10903,10903.0,29.39901703298271,0.0
10904,10904.0,29.178361188628948,0.0
10905,10905.0,29.491742824622538,0.0
10906,10906.0,28.98685208757718,0.0
10907,10907.0,28.89561826402548,0.0
10908,10908.0,28.754005240776348,0.0
10909,10909.0,28.917588322351605,0.0
10910,10910.0,28.667761007939745,0.0
10911,10911.0,28.56299151392386,0.0
10912,10912.0,28.821989125348836,0.0
10913,10913.0,28.330286830225152,0.0
10914,10914.0,29.056619218007437,0.0
10915,10915.0,29.0107492438172,0.0
10916,10916.0,28.71672690565189,0.0
10917,10917.0,28.940211385439333,0.0
10918,10918.0,28.794850532270562,0.0
10919,10919.0,28.49085205700858,0.0
10920,10920.0,27.944097455675735,0.0
10921,10921.0,28.56894630010394,0.0
10922,10922.0,27.617063459734513,0.0
10923,10923.0,27.831289712650957,0.0
10924,10924.0,28.28084002238565,0.0
10925,10925.0,27.879613055606246,0.0
10926,10926.0,28.01382303022069,0.0
10927,10927.0,27.63349739397938,0.0
10928,10928.0,28.15300107682631,0.0
10929,10929.0,27.347725295391353,0.0
10930,10930.0,27.705813134249595,0.0
10931,10931.0,28.014323366475132,0.0
10932,10932.0,27.24612675471561,0.0
10933,10933.0,27.748285010463192,0.0
10934,10934.0,27.32874608224979,0.0
10935,10935.0,27.74766564777695,0.0
10936,10936.0,27.279461291801553,0.0
10937,10937.0,27.027841706754526,0.0
10938,10938.0,27.160253518000196,0.0
10939,10939.0,27.30699151002487,0.0
10940,10940.0,26.948576675695836,0.0
10941,10941.0,27.067697145804395,0.0
10942,10942.0,26.770575280014835,0.0
10943,10943.0,26.38675673684206,0.0
10944,10944.0,26.767920513825374,0.0
10945,10945.0,27.024419238389115,0.0
10946,10946.0,26.369710671557286,0.0
10947,10947.0,26.505407774944636,0.0
10948,10948.0,26.512693864688945,0.0
10949,10949.0,26.977234045843435,0.0
10950,10950.0,26.7557253411174,0.0
10951,10951.0,26.101561212050374,0.0
10952,10952.0,26.06642160473674,0.0
10953,10953.0,25.785879223941063,0.0
10954,10954.0,25.9785169817676,0.0
10955,10955.0,26.28195896623024,0.0
10956,10956.0,26.44763981586954,0.0
10957,10957.0,26.503666254667355,0.0
10958,10958.0,26.030080532018523,0.0
10959,10959.0,25.58747434886346,0.0
10960,10960.0,25.435173511188204,0.0
10961,10961.0,25.379032587604755,0.0
10962,10962.0,25.765168764577016,0.0
10963,10963.0,25.44745687818822,0.0
10964,10964.0,25.59090998401475,0.0
10965,10965.0,26.145993872135705,0.0
10966,10966.0,25.858742119777094,0.0
10967,10967.0,25.55801914472591,0.0
10968,10968.0,25.146716617186744,0.0
10969,10969.0,25.190901969244266,0.0
10970,10970.0,25.903175572223606,0.0
10971,10971.0,25.46782177822433,0.0
10972,10972.0,25.663572744519527,0.0
10973,10973.0,25.452683713774974,0.0
10974,10974.0,25.73611241347972,0.0
10975,10975.0,25.5877588172165,0.0
10976,10976.0,25.00333990910377,0.0
10977,10977.0,24.83014096502436,0.0
10978,10978.0,25.309965296703606,0.0
10979,10979.0,25.426607760476255,0.0
10980,10980.0,25.381950639572636,0.0
10981,10981.0,24.976496444387937,0.0
10982,10982.0,25.03059349031889,0.0
10983,10983.0,24.726901542364082,0.0
10984,10984.0,24.40341515275736,0.0
10985,10985.0,24.501905034778954,0.0
10986,10986.0,24.638804933199438,0.0
10987,10987.0,24.97271805772008,0.0
10988,10988.0,24.666462504757703,0.0
10989,10989.0,24.25832627130862,0.0
10990,10990.0,24.22306839505972,0.0
10991,10991.0,24.456883352862356,0.0
10992,10992.0,24.597193658180426,0.0
10993,10993.0,24.451556749346977,0.0
10994,10994.0,24.79562141355707,0.0
10995,10995.0,24.653661246114734,0.0
10996,10996.0,24.065416263691617,0.0
10997,10997.0,24.171168606655154,0.0
10998,10998.0,24.688850005603165,0.0
10999,10999.0,24.505016049863695,0.0
11000,11000.0,24.442185559596332,0.0
11001,11001.0,24.40548749385693,0.0
11002,11002.0,23.959981221479243,0.0
11003,11003.0,24.552899892476955,0.0
11004,11004.0,23.753861221906416,0.0
11005,11005.0,23.921538569192663,0.0
11006,11006.0,24.234384960352394,0.0
11007,11007.0,24.342921392485046,0.0
11008,11008.0,23.83366838886755,0.0
11009,11009.0,23.669006560891933,0.0
11010,11010.0,23.699930849309133,0.0
11011,11011.0,24.379550733219517,0.0
11012,11012.0,23.945731296888738,0.0
11013,11013.0,23.77057160254887,0.0
11014,11014.0,24.297024716503305,0.0
11015,11015.0,23.815656553649863,0.0
11016,11016.0,24.173588512638045,0.0
11017,11017.0,24.208458195447218,0.0
11018,11018.0,23.90147184460455,0.0
11019,11019.0,23.613797688576785,0.0
11020,11020.0,23.46070613389946,0.0
11021,11021.0,23.660314241431195,0.0
11022,11022.0,23.85483237607033,0.0
11023,11023.0,23.749613435042484,0.0
11024,11024.0,23.992514439546145,0.0
11025,11025.0,23.29893369397565,0.0
11026,11026.0,23.403514137383088,0.0
11027,11027.0,23.387713301720556,0.0
11028,11028.0,23.485353068739943,0.0
11029,11029.0,23.01835041702782,0.0
11030,11030.0,23.205939558413736,0.0
11031,11031.0,23.80495803046246,0.0
11032,11032.0,22.90437238230864,0.0
11033,11033.0,23.236109188237943,0.0
11034,11034.0,23.207664680641997,0.0
11035,11035.0,23.066300096394666,0.0
11036,11036.0,23.214290040508626,0.0
11037,11037.0,23.27740857227943,0.0
11038,11038.0,22.64242931314599,0.0
11039,11039.0,22.820160596430817,0.0
11040,11040.0,22.986495271340463,0.0
11041,11041.0,23.027327877576205,0.0
11042,11042.0,23.478018413860884,0.0
11043,11043.0,22.787303519499517,0.0
11044,11044.0,22.56999506636589,0.0
11045,11045.0,22.685684845717596,0.0
11046,11046.0,22.801089743510758,0.0
11047,11047.0,23.212477319030707,0.0
11048,11048.0,22.54198238457026,0.0
11049,11049.0,22.57295494721792,0.0
11050,11050.0,23.20838911006488,0.0
11051,11051.0,22.564203507061407,0.0
11052,11052.0,23.083369906084293,0.0
11053,11053.0,23.055452860269135,0.0
11054,11054.0,23.007044818200356,0.0
11055,11055.0,22.525324858486094,0.0
11056,11056.0,22.90244589415172,0.0
11057,11057.0,22.24961241332583,0.0
11058,11058.0,23.161355863286516,0.0
11059,11059.0,22.90470765704072,0.0
11060,11060.0,22.74241191084187,0.0
11061,11061.0,22.34932639590917,0.0
11062,11062.0,22.27621304973436,0.0
11063,11063.0,22.285777178021995,0.0
11064,11064.0,22.8546366301545,0.0
11065,11065.0,22.378398933661277,0.0
11066,11066.0,22.841014818418444,0.0
11067,11067.0,22.11497266688648,0.0
11068,11068.0,22.76560026246343,0.0
11069,11069.0,22.70395822246516,0.0
11070,11070.0,21.950111673535023,0.0
11071,11071.0,22.345770362124554,0.0
11072,11072.0,22.888548404712854,0.0
11073,11073.0,22.734721041941256,0.0
11074,11074.0,22.797169239954172,0.0
11075,11075.0,22.74485545674719,0.0
11076,11076.0,22.762272424502367,0.0
11077,11077.0,21.979461643093927,0.0
11078,11078.0,22.788490190041898,0.0
11079,11079.0,22.110344016681843,0.0
11080,11080.0,22.734235749606615,0.0
11081,11081.0,22.55113643116222,0.0
11082,11082.0,21.93723557699496,0.0
11083,11083.0,22.55689676970481,0.0
11084,11084.0,22.394228588606364,0.0
11085,11085.0,22.29529821258742,0.0
11086,11086.0,22.563881138893116,0.0
11087,11087.0,22.46950644779048,0.0
11088,11088.0,21.692065643178587,0.0
11089,11089.0,21.855233997720955,0.0
11090,11090.0,22.44721671814876,0.0
11091,11091.0,21.895204916771377,0.0
11092,11092.0,22.544697042700456,0.0
11093,11093.0,22.364418685902216,0.0
11094,11094.0,22.44345581559748,0.0
11095,11095.0,22.071650947852127,0.0
11096,11096.0,22.155334361049874,0.0
11097,11097.0,22.200827470368655,0.0
11098,11098.0,21.82936372338176,0.0
11099,11099.0,21.912615475398614,0.0
11100,11100.0,22.37983470175091,0.0
11101,11101.0,21.68490169352722,0.0
11102,11102.0,21.940438702215875,0.0
11103,11103.0,22.22853319652272,0.0
11104,11104.0,21.4588413684328,0.0
11105,11105.0,22.29765296495722,0.0
11106,11106.0,21.56061749636176,0.0
11107,11107.0,21.515502285727816,0.0
11108,11108.0,21.72243468554429,0.0
11109,11109.0,21.552761588103177,0.0
11110,11110.0,22.327033475855732,0.0
11111,11111.0,21.72844558196715,0.0
11112,11112.0,21.621593553463835,0.0
11113,11113.0,21.4073012376838,0.0
11114,11114.0,22.25558980244808,0.0
11115,11115.0,21.585437455428487,0.0
11116,11116.0,21.450302339567706,0.0
11117,11117.0,22.264115423660495,0.0
11118,11118.0,22.11744551955914,0.0
11119,11119.0,22.034735803661977,0.0
11120,11120.0,22.128883168724716,0.0
11121,11121.0,21.493341565883586,0.0
11122,11122.0,21.36613837151403,0.0
11123,11123.0,22.145801812626384,0.0
11124,11124.0,22.20277528431875,0.0
11125,11125.0,21.241476534798007,0.0
11126,11126.0,21.944817204410437,0.0
11127,11127.0,22.170488311104386,0.0
11128,11128.0,22.08925804457355,0.0
11129,11129.0,21.7381225466321,0.0
11130,11130.0,21.96941998281975,0.0
11131,11131.0,21.97958997561717,0.0
11132,11132.0,21.866796564503318,0.0
11133,11133.0,22.133686732721827,0.0
11134,11134.0,21.64836819099954,0.0
11135,11135.0,21.95913914813813,0.0
11136,11136.0,21.277972339923114,0.0
11137,11137.0,21.75472420090009,0.0
11138,11138.0,21.17326628268832,0.0
11139,11139.0,21.388230804607193,0.0
11140,11140.0,21.24690155088303,0.0
11141,11141.0,21.316072742333727,0.0
11142,11142.0,21.890483244300615,0.0
11143,11143.0,22.039119603128928,0.0
11144,11144.0,21.350121171960197,0.0
11145,11145.0,21.32162781145884,0.0
11146,11146.0,21.666137478096402,0.0
11147,11147.0,21.60653935145759,0.0
11148,11148.0,21.891731826254087,0.0
11149,11149.0,21.810732713065104,0.0
11150,11150.0,21.922841295737705,0.0
11151,11151.0,21.872969923587878,0.0
11152,11152.0,21.814498125755414,0.0
11153,11153.0,21.358464528896327,0.0
11154,11154.0,21.323651557874335,0.0
11155,11155.0,21.912072102650146,0.0
11156,11156.0,21.67869767230118,0.0
11157,11157.0,21.34227804596923,0.0
11158,11158.0,21.714330681881574,0.0
11159,11159.0,21.99210243944581,0.0
11160,11160.0,21.682594258008518,0.0
11161,11161.0,21.895942649283484,0.0
11162,11162.0,21.132506532408396,0.0
11163,11163.0,21.334578235705816,0.0
11164,11164.0,21.174366920816375,0.0
11165,11165.0,21.787947174144712,0.0
11166,11166.0,21.461524251630244,0.0
11167,11167.0,21.15619212649334,0.0
11168,11168.0,21.120695376726367,0.0
11169,11169.0,21.294537596686943,0.0
11170,11170.0,21.98368028249652,0.0
11171,11171.0,21.44535281569288,0.0
11172,11172.0,21.39508785531721,0.0
11173,11173.0,21.76258576274505,0.0
11174,11174.0,21.591956164754144,0.0
11175,11175.0,21.70043615263134,0.0
11176,11176.0,21.947994004193724,0.0
11177,11177.0,21.327324198082614,0.0
11178,11178.0,21.25733336307775,95.0
11179,11179.0,27.43583471612217,95.0
11180,11180.0,30.966163058823867,95.0
11181,11181.0,33.740888007023706,95.0
11182,11182.0,36.35280400905673,95.0
11183,11183.0,38.3628413028889,95.0
11184,11184.0,40.43472653754157,95.0
11185,11185.0,41.91055428111097,95.0
11186,11186.0,43.45917200435687,95.0
11187,11187.0,44.08543036302929,95.0
11188,11188.0,45.65223876596186,95.0
11189,11189.0,46.40896834210511,95.0
11190,11190.0,47.016944473431145,95.0
11191,11191.0,48.733295566916695,95.0
11192,11192.0,48.61032480255431,95.0
11193,11193.0,50.258865622870175,95.0
11194,11194.0,50.20772282697223,95.0
11195,11195.0,50.816946384788494,95.0
11196,11196.0,52.273832406405994,95.0
11197,11197.0,52.82422134896029,95.0
11198,11198.0,53.3759024269215,95.0
11199,11199.0,53.88329197890564,95.0
11200,11200.0,53.839826345650124,95.0
11201,11201.0,54.690517939751274,95.0
11202,11202.0,55.25694277689904,95.0
11203,11203.0,55.494632390011894,95.0
11204,11204.0,56.579027756955625,95.0
11205,11205.0,56.47393751307703,95.0
11206,11206.0,57.10814937975657,95.0
11207,11207.0,57.78174839757892,95.0
11208,11208.0,57.52576379337306,95.0
11209,11209.0,57.62027847346252,95.0
11210,11210.0,58.66795538474275,95.0
11211,11211.0,58.422048378956106,95.0
11212,11212.0,59.12602506809861,95.0
11213,11213.0,59.93404080051453,95.0
11214,11214.0,59.420322658529784,95.0
11215,11215.0,60.43183709614989,95.0
11216,11216.0,60.37066978762842,95.0
11217,11217.0,60.58992115573653,95.0
11218,11218.0,61.465861552623906,95.0
11219,11219.0,61.07443817425261,95.0
11220,11220.0,61.55130760057077,95.0
11221,11221.0,62.194697365892715,95.0
11222,11222.0,62.43428206976083,95.0
11223,11223.0,62.27697179055369,95.0
11224,11224.0,62.68170769914899,95.0
11225,11225.0,62.54366425121206,95.0
11226,11226.0,63.041387862953826,95.0
11227,11227.0,62.80112321016425,95.0
11228,11228.0,63.39016712889931,95.0
11229,11229.0,63.366582922438795,95.0
11230,11230.0,64.04591748728903,95.0
11231,11231.0,64.08307992009696,95.0
11232,11232.0,64.14698560468486,95.0
11233,11233.0,64.58572917010422,95.0
11234,11234.0,65.0000327796756,95.0
11235,11235.0,65.35276787201279,95.0
11236,11236.0,65.08547932114841,95.0
11237,11237.0,65.33739680030699,95.0
11238,11238.0,65.36811756493259,95.0
11239,11239.0,65.15273734273303,95.0
11240,11240.0,65.30561035821967,95.0
11241,11241.0,65.55501161559897,95.0
11242,11242.0,66.43070238522257,95.0
11243,11243.0,66.72624421364748,95.0
11244,11244.0,66.78594278555468,95.0
11245,11245.0,66.74072048254992,95.0
11246,11246.0,66.75021929830352,95.0
11247,11247.0,67.12598311814413,95.0
11248,11248.0,66.61927773408755,95.0
11249,11249.0,67.29763098054413,95.0
11250,11250.0,67.46922035123859,95.0
11251,11251.0,67.31027253953017,95.0
11252,11252.0,67.37978736268691,95.0
11253,11253.0,68.13377151191946,95.0
11254,11254.0,68.20517854501428,95.0
11255,11255.0,67.81879142057134,95.0
11256,11256.0,68.46043513529212,95.0
11257,11257.0,68.26348401566638,95.0
11258,11258.0,68.75666029729236,95.0
11259,11259.0,68.38396999922517,95.0
11260,11260.0,68.91114013923388,95.0
11261,11261.0,69.08545487998815,95.0
11262,11262.0,68.74955513419518,95.0
11263,11263.0,69.17360707736,95.0
11264,11264.0,68.59359321231625,95.0
11265,11265.0,69.55420310835954,95.0
11266,11266.0,69.5138320029414,95.0
11267,11267.0,69.65858372692101,95.0
11268,11268.0,69.66875324683446,95.0
11269,11269.0,69.6108002903986,95.0
11270,11270.0,69.23537265610513,95.0
11271,11271.0,69.45804432708917,95.0
11272,11272.0,70.25007039853915,95.0
11273,11273.0,69.80537944725633,95.0
11274,11274.0,70.19776056717471,95.0
11275,11275.0,69.84045836055446,95.0
11276,11276.0,70.13232411617734,95.0
11277,11277.0,70.58435676249303,95.0
11278,11278.0,70.22212599844693,95.0
11279,11279.0,70.27459331576253,95.0
11280,11280.0,70.28757960998834,95.0
11281,11281.0,70.39667952395044,95.0
11282,11282.0,70.47291335507222,95.0
11283,11283.0,70.49075943623563,95.0
11284,11284.0,70.38685928142415,95.0
11285,11285.0,70.51173193903699,95.0
11286,11286.0,70.73888767744987,95.0
11287,11287.0,70.65490892746725,95.0
11288,11288.0,71.37369843815094,95.0
11289,11289.0,70.91053192303137,95.0
11290,11290.0,71.46501609562611,95.0
11291,11291.0,71.34283305241867,95.0
11292,11292.0,71.79981028825198,95.0
11293,11293.0,71.99494890848968,95.0
11294,11294.0,72.02031659545746,95.0
11295,11295.0,71.9658289504704,95.0
11296,11296.0,71.67761898558548,95.0
11297,11297.0,71.64787520772772,95.0
11298,11298.0,72.27899936240794,95.0
11299,11299.0,71.70052946607674,95.0
11300,11300.0,71.48298615999767,95.0
11301,11301.0,72.0203957440501,95.0
11302,11302.0,72.32955553300663,95.0
11303,11303.0,72.34067982933105,95.0
11304,11304.0,72.05606694748047,95.0
11305,11305.0,71.79639395410558,95.0
11306,11306.0,72.70149436440924,95.0
11307,11307.0,72.0614051652475,95.0
11308,11308.0,72.33482061049895,95.0
11309,11309.0,72.12769237492317,95.0
11310,11310.0,72.748997109207,95.0
11311,11311.0,72.23669206652562,95.0
11312,11312.0,72.99023590688076,95.0
11313,11313.0,72.71604686916062,95.0
11314,11314.0,72.50849355150626,95.0
11315,11315.0,72.80801129179414,95.0
11316,11316.0,72.58148783541417,95.0
11317,11317.0,72.63993753568344,95.0
11318,11318.0,72.7039097229533,95.0
11319,11319.0,72.6091524751859,95.0
11320,11320.0,72.6268570273136,95.0
11321,11321.0,73.40156898071534,95.0
11322,11322.0,72.87730000530306,95.0
11323,11323.0,73.20823995384075,95.0
11324,11324.0,73.37802431370119,95.0
11325,11325.0,73.59927731022375,95.0
11326,11326.0,72.95579160251624,95.0
11327,11327.0,73.2872066228503,95.0
11328,11328.0,73.15706369045287,95.0
11329,11329.0,72.88073211841713,95.0
11330,11330.0,73.78088689265132,95.0
11331,11331.0,73.1793994062152,95.0
11332,11332.0,73.20592791771197,95.0
11333,11333.0,73.23466062285064,95.0
11334,11334.0,73.1133864320186,95.0
11335,11335.0,73.72940460305243,95.0
11336,11336.0,73.39157702199597,95.0
11337,11337.0,73.29272052807916,95.0
11338,11338.0,73.49702420493745,95.0
11339,11339.0,73.38146323935993,95.0
11340,11340.0,73.4778379591678,95.0
11341,11341.0,73.97997544646799,95.0
11342,11342.0,73.48209050637128,95.0
11343,11343.0,73.64274674697839,95.0
11344,11344.0,73.40375352770229,95.0
11345,11345.0,73.56634737859552,95.0
11346,11346.0,73.70083241731145,95.0
11347,11347.0,73.9884504798648,95.0
11348,11348.0,74.17834115569791,95.0
11349,11349.0,74.11136301831434,95.0
11350,11350.0,73.81906130649716,95.0
11351,11351.0,73.65786279304781,95.0
11352,11352.0,74.12741651140507,95.0
11353,11353.0,74.28767022384157,95.0
11354,11354.0,73.9718086372776,95.0
11355,11355.0,74.05843582995665,95.0
11356,11356.0,73.96540102321697,95.0
11357,11357.0,74.31119337775372,95.0
11358,11358.0,74.41898113099299,95.0
11359,11359.0,74.45292622662079,95.0
11360,11360.0,74.44431071743209,95.0
11361,11361.0,74.3230712151244,95.0
11362,11362.0,73.94046780940464,95.0
11363,11363.0,74.54009465063785,95.0
11364,11364.0,74.1490122417601,95.0
11365,11365.0,73.78764151442661,95.0
11366,11366.0,74.53998724952815,95.0
11367,11367.0,74.34847124556461,95.0
11368,11368.0,73.8002504110441,95.0
11369,11369.0,73.78480221900071,95.0
11370,11370.0,74.52725370370408,95.0
11371,11371.0,73.80004771779959,95.0
11372,11372.0,74.58479765330299,95.0
11373,11373.0,73.66053763734392,95.0
11374,11374.0,73.89190333281941,95.0
11375,11375.0,73.78301165856156,95.0
11376,11376.0,73.8945008891081,95.0
11377,11377.0,74.34094389677615,95.0
11378,11378.0,73.98397571391205,95.0
11379,11379.0,74.02278252750597,95.0
11380,11380.0,73.73931936771832,95.0
11381,11381.0,74.19301311196165,95.0
11382,11382.0,73.81091093741027,95.0
11383,11383.0,73.70448277115385,95.0
11384,11384.0,73.83413607968794,95.0
11385,11385.0,73.71270827620215,95.0
11386,11386.0,74.50390775068941,95.0
11387,11387.0,73.76547589039069,95.0
11388,11388.0,73.79544647298492,95.0
11389,11389.0,74.4228527890704,95.0
11390,11390.0,73.83184246613249,95.0
11391,11391.0,73.69317474067624,95.0
11392,11392.0,74.52931568923552,95.0
11393,11393.0,74.36666933803932,95.0
11394,11394.0,74.42013206154114,95.0
11395,11395.0,74.33039516423626,95.0
11396,11396.0,74.3403499456087,95.0
11397,11397.0,73.73249115789406,95.0
11398,11398.0,74.39741715300359,0.0
11399,11399.0,70.62543496939401,0.0
11400,11400.0,68.82035130708361,0.0
11401,11401.0,66.5704605486059,0.0
11402,11402.0,64.90784414212116,0.0
11403,11403.0,63.64919560377299,0.0
11404,11404.0,62.118652827033955,0.0
11405,11405.0,60.23375948383089,0.0
11406,11406.0,58.93950335610255,0.0
11407,11407.0,58.441373200533064,0.0
11408,11408.0,57.63124029577035,0.0
11409,11409.0,56.58497112677773,0.0
11410,11410.0,55.39770218988475,0.0
11411,11411.0,54.96952235548715,0.0
11412,11412.0,53.63413332868474,0.0
11413,11413.0,52.903618950675835,0.0
11414,11414.0,53.015063610575325,0.0
11415,11415.0,51.7186221493473,0.0
11416,11416.0,51.83735523294328,0.0
11417,11417.0,51.25864088143942,0.0
11418,11418.0,50.010522899474644,0.0
11419,11419.0,49.63495387054651,0.0
11420,11420.0,49.47818801538362,0.0
11421,11421.0,48.94257881098128,0.0
11422,11422.0,48.26115238395964,0.0
11423,11423.0,48.24105786492355,0.0
11424,11424.0,47.46196410263871,0.0
11425,11425.0,46.99455309608839,0.0
11426,11426.0,46.610418718755554,0.0
11427,11427.0,45.778858998165624,0.0
11428,11428.0,46.10317748351012,0.0
11429,11429.0,45.538531027138035,0.0
11430,11430.0,44.84071431601499,0.0
11431,11431.0,45.16287209687502,0.0
11432,11432.0,44.37042748010075,0.0
11433,11433.0,44.460130664897065,0.0
11434,11434.0,43.9816877666058,0.0
11435,11435.0,43.36861757361494,0.0
11436,11436.0,43.30878602818665,0.0
11437,11437.0,42.44735765585705,0.0
11438,11438.0,42.523967595303645,0.0
11439,11439.0,42.590349584704846,0.0
11440,11440.0,42.202477988563444,0.0
11441,11441.0,41.3222681178844,0.0
11442,11442.0,41.49293427009617,0.0
11443,11443.0,40.865733483874486,0.0
11444,11444.0,41.37680274708832,0.0
11445,11445.0,40.57089023207125,0.0
11446,11446.0,40.11187798845679,0.0
11447,11447.0,40.31448970802306,0.0
11448,11448.0,39.51008488428722,0.0
11449,11449.0,40.17100040827885,0.0
11450,11450.0,39.51692636491665,0.0
11451,11451.0,39.68172395530695,0.0
11452,11452.0,38.918034310365,0.0
11453,11453.0,39.198566146006186,0.0
11454,11454.0,39.157565841741864,0.0
11455,11455.0,38.802635337391635,0.0
11456,11456.0,38.346212198532115,0.0
11457,11457.0,37.74460202291739,0.0
11458,11458.0,37.62510054125167,0.0
11459,11459.0,37.71502002993006,0.0
11460,11460.0,37.88973477253333,0.0
11461,11461.0,37.75569686470122,0.0
11462,11462.0,36.858623195963666,0.0
11463,11463.0,37.12021054570693,0.0
11464,11464.0,36.489305316531215,0.0
11465,11465.0,36.705756685726605,0.0
11466,11466.0,36.05358076726591,0.0
11467,11467.0,35.79391420813306,0.0
11468,11468.0,36.549683048358304,0.0
11469,11469.0,36.26589375407309,0.0
11470,11470.0,35.987822489799896,0.0
11471,11471.0,36.08479443224912,0.0
11472,11472.0,35.8035289490763,0.0
11473,11473.0,34.96757756272559,0.0
11474,11474.0,35.54765327342126,0.0
11475,11475.0,35.432341598691906,0.0
11476,11476.0,34.64236815386868,0.0
11477,11477.0,34.60687702150291,0.0
11478,11478.0,34.64711146580822,0.0
11479,11479.0,34.033799785154116,0.0
11480,11480.0,34.3145172339856,0.0
11481,11481.0,34.08765516953599,0.0
11482,11482.0,33.96981422299517,0.0
11483,11483.0,34.07985909165643,0.0
11484,11484.0,33.549972361093204,0.0
11485,11485.0,33.70481474607863,0.0
11486,11486.0,33.33215233819442,0.0
11487,11487.0,32.938722971509854,0.0
11488,11488.0,33.37130820038816,0.0
11489,11489.0,33.292173768307364,0.0
11490,11490.0,32.69377719644447,0.0
11491,11491.0,32.783017022222,0.0
11492,11492.0,32.72983460654121,0.0
11493,11493.0,32.83460745579401,0.0
11494,11494.0,32.83786851590459,0.0
11495,11495.0,32.732616369574,0.0
11496,11496.0,32.41113307210029,0.0
11497,11497.0,32.01528321328089,0.0
11498,11498.0,31.659196024595353,0.0
11499,11499.0,31.575013324653348,0.0
11500,11500.0,31.817139118842025,0.0
11501,11501.0,31.678939706518946,0.0
11502,11502.0,31.573668938529945,0.0
11503,11503.0,31.82575732930371,0.0
11504,11504.0,31.171597878314163,0.0
11505,11505.0,31.08849226295599,0.0
11506,11506.0,31.412912865838674,0.0
11507,11507.0,31.293135502323537,0.0
11508,11508.0,31.29635166083022,0.0
11509,11509.0,30.69478618127868,0.0
11510,11510.0,30.791897912087606,0.0
11511,11511.0,30.87604442961599,0.0
11512,11512.0,30.56593479711671,0.0
11513,11513.0,30.58712121280881,0.0
11514,11514.0,30.371498378654195,0.0
11515,11515.0,30.82026953453145,0.0
11516,11516.0,30.111577043732815,0.0
11517,11517.0,29.918158267985156,0.0
11518,11518.0,29.721813248549005,0.0
11519,11519.0,30.20390432195222,0.0
11520,11520.0,29.980716784825784,0.0
11521,11521.0,29.644698214175154,0.0
11522,11522.0,30.147328205484165,0.0
11523,11523.0,29.44605254068765,0.0
11524,11524.0,29.968050114982404,0.0
11525,11525.0,30.077767321984133,0.0
11526,11526.0,29.406774628893558,0.0
11527,11527.0,29.089169353624804,0.0
11528,11528.0,29.22035571217738,0.0
11529,11529.0,29.105891403731096,0.0
11530,11530.0,29.046315087940457,0.0
11531,11531.0,29.5841271276239,0.0
11532,11532.0,28.95847030019161,0.0
11533,11533.0,28.970648120577675,0.0
11534,11534.0,28.410749618341562,0.0
11535,11535.0,28.862718913494103,0.0
11536,11536.0,28.698865712093056,0.0
11537,11537.0,28.256043082890386,0.0
11538,11538.0,28.9603567894065,0.0
11539,11539.0,28.22259248477201,0.0
11540,11540.0,28.13026522486358,0.0
11541,11541.0,28.426306167840238,0.0
11542,11542.0,28.03888171859238,0.0
11543,11543.0,28.673755580638236,0.0
11544,11544.0,27.91603047102411,0.0
11545,11545.0,28.015926268508917,0.0
11546,11546.0,28.105693245452247,0.0
11547,11547.0,27.795453243963667,0.0
11548,11548.0,27.72376455650417,0.0
11549,11549.0,27.445878421176637,0.0
11550,11550.0,27.796819289169118,0.0
11551,11551.0,28.110656969438974,0.0
11552,11552.0,27.42438242006287,0.0
11553,11553.0,27.89571007728069,0.0
11554,11554.0,27.152506650947934,0.0
11555,11555.0,27.834901332745797,0.0
11556,11556.0,27.307698764863996,0.0
11557,11557.0,27.34441063734234,0.0
11558,11558.0,26.937355337144396,0.0
11559,11559.0,26.91934364332152,0.0
11560,11560.0,27.005207206847412,0.0
11561,11561.0,27.2467409958191,0.0
11562,11562.0,26.899614762993128,0.0
11563,11563.0,26.726220913673814,0.0
11564,11564.0,26.61581559246096,0.0
11565,11565.0,27.08981140583861,0.0
11566,11566.0,26.49742798004751,0.0
11567,11567.0,26.888366370173504,0.0
11568,11568.0,27.085182399593105,0.0
11569,11569.0,26.714203369982044,0.0
11570,11570.0,26.39884704399551,0.0
11571,11571.0,26.997749646408202,0.0
11572,11572.0,26.789299404483028,0.0
11573,11573.0,26.698950610530066,0.0
11574,11574.0,26.70493108083061,0.0
11575,11575.0,26.079475324492414,0.0
11576,11576.0,26.511310279434653,0.0
11577,11577.0,25.819004254431782,0.0
11578,11578.0,26.06593009903983,0.0
11579,11579.0,25.64413107662161,0.0
11580,11580.0,26.108003447761714,0.0
11581,11581.0,26.267987334602,0.0
11582,11582.0,26.11048472507555,0.0
11583,11583.0,26.000657789727587,0.0
11584,11584.0,26.047480979781643,0.0
11585,11585.0,25.9345677402357,0.0
11586,11586.0,25.87067977109867,0.0
11587,11587.0,25.485383099236763,0.0
11588,11588.0,25.453863681611054,0.0
11589,11589.0,25.13994587505341,0.0
11590,11590.0,25.129876744153535,0.0
11591,11591.0,25.997922608942535,0.0
11592,11592.0,25.658433898818384,0.0
11593,11593.0,25.549734490870488,0.0
11594,11594.0,25.52952465478012,0.0
11595,11595.0,25.835374994355707,0.0
11596,11596.0,25.51104268422425,0.0
11597,11597.0,25.219580416761378,0.0
11598,11598.0,25.718968451108196,0.0
11599,11599.0,24.762993289612478,0.0
11600,11600.0,24.950216986499097,0.0
11601,11601.0,25.434211555902507,0.0
11602,11602.0,24.58094322124689,0.0
11603,11603.0,24.539947906636858,0.0
11604,11604.0,24.609431523400065,0.0
11605,11605.0,24.75172960317936,0.0
11606,11606.0,25.231435072419426,0.0
11607,11607.0,25.225639697072268,0.0
11608,11608.0,24.69565021569289,0.0
11609,11609.0,24.98190847036836,0.0
11610,11610.0,25.16152252849337,0.0
11611,11611.0,24.588870669113348,0.0
11612,11612.0,25.09928660807327,0.0
11613,11613.0,24.284243741057473,0.0
11614,11614.0,24.114280786816856,0.0
11615,11615.0,24.747572340623254,0.0
11616,11616.0,24.37332135869637,0.0
11617,11617.0,24.618183196278995,0.0
11618,11618.0,24.490719853096227,0.0
11619,11619.0,24.406526168532505,0.0
11620,11620.0,23.91041045593798,0.0
11621,11621.0,23.90309051629006,0.0
11622,11622.0,23.878056314955558,0.0
11623,11623.0,24.445277071563865,0.0
11624,11624.0,24.570808791454255,0.0
11625,11625.0,23.784196561420938,0.0
11626,11626.0,24.001800635810174,0.0
11627,11627.0,23.714003217128898,0.0
11628,11628.0,24.19114839249205,0.0
11629,11629.0,24.037142567825313,0.0
11630,11630.0,23.986076866024593,0.0
11631,11631.0,23.954950887933812,0.0
11632,11632.0,24.010923729123853,0.0
11633,11633.0,24.071532655654465,0.0
11634,11634.0,24.025569351017154,0.0
11635,11635.0,23.386633673624143,0.0
11636,11636.0,23.42389542934199,0.0
11637,11637.0,23.837469889801802,0.0
11638,11638.0,23.6919052935195,0.0
11639,11639.0,23.609729434737876,0.0
11640,11640.0,23.914286607511333,0.0
11641,11641.0,23.907791411950186,0.0
11642,11642.0,23.446122575695824,0.0
11643,11643.0,24.00032179155903,0.0
11644,11644.0,23.88538967344646,0.0
11645,11645.0,23.854538320656296,0.0
11646,11646.0,23.766780285209283,0.0
11647,11647.0,23.892847984543216,0.0
11648,11648.0,23.959250710592872,0.0
11649,11649.0,23.12564687574819,0.0
11650,11650.0,23.32066688977841,0.0
11651,11651.0,23.20556585181198,0.0
11652,11652.0,23.022300219087825,0.0
11653,11653.0,23.720420402531225,0.0
11654,11654.0,23.589745114994848,0.0
11655,11655.0,23.5184109166286,0.0
11656,11656.0,22.855633971345526,0.0
11657,11657.0,23.459521180147625,0.0
11658,11658.0,23.564155677994226,0.0
11659,11659.0,23.555495927787437,0.0
11660,11660.0,23.62129701944145,0.0
11661,11661.0,23.082769027725295,0.0
11662,11662.0,23.465426566460426,0.0
11663,11663.0,22.598368581534015,0.0
11664,11664.0,23.466443390753742,0.0
11665,11665.0,23.251526749154497,0.0
11666,11666.0,22.819039941379586,0.0
11667,11667.0,23.28989866809752,0.0
11668,11668.0,23.34569962639088,0.0
11669,11669.0,23.086250015843493,0.0
11670,11670.0,22.49571360967842,0.0
11671,11671.0,23.196810983628417,0.0
11672,11672.0,22.503984239946014,0.0
11673,11673.0,22.456784327228934,0.0
11674,11674.0,23.202307599265925,0.0
11675,11675.0,22.812156690648383,0.0
11676,11676.0,22.780426855351077,0.0
11677,11677.0,23.02154948307477,0.0
11678,11678.0,22.65337710766143,0.0
11679,11679.0,22.455947532521098,0.0
11680,11680.0,22.203531099348176,0.0
11681,11681.0,22.66102410745706,0.0
11682,11682.0,22.409306746605072,0.0
11683,11683.0,22.378750837365878,0.0
11684,11684.0,22.301020274733077,0.0
11685,11685.0,22.098857736724725,0.0
11686,11686.0,22.147780462233204,0.0
11687,11687.0,22.60385923522778,0.0
11688,11688.0,22.549539960599894,0.0
11689,11689.0,22.54752463433084,0.0
11690,11690.0,22.67581698080705,0.0
11691,11691.0,22.796948284558248,0.0
11692,11692.0,21.98114840723634,0.0
11693,11693.0,22.209176491058265,0.0
11694,11694.0,22.373551963180073,0.0
11695,11695.0,22.09580328390778,0.0
11696,11696.0,22.4845027201593,0.0
11697,11697.0,22.571021992235504,0.0
11698,11698.0,22.04400020936906,0.0
11699,11699.0,22.595646554048077,0.0
11700,11700.0,22.404096863961595,0.0
11701,11701.0,21.972118788492704,0.0
11702,11702.0,21.886740992180698,0.0
11703,11703.0,22.29650934917841,0.0
11704,11704.0,21.891301980344508,0.0
11705,11705.0,22.33374942377951,0.0
11706,11706.0,22.17371324958388,0.0
11707,11707.0,21.84216414875543,0.0
11708,11708.0,21.71512520456768,0.0
11709,11709.0,22.000789801872276,0.0
11710,11710.0,22.554426842176813,0.0
11711,11711.0,22.163536319418036,0.0
11712,11712.0,22.532457819222795,0.0
11713,11713.0,22.59504941307497,0.0
11714,11714.0,22.58524301724632,0.0
11715,11715.0,21.930297448410727,0.0
11716,11716.0,22.29393142352017,0.0
11717,11717.0,21.91395678344715,0.0
11718,11718.0,21.685865309075453,0.0
11719,11719.0,22.1049838784531,0.0
11720,11720.0,21.784149852541717,0.0
11721,11721.0,21.984900787031716,0.0
11722,11722.0,21.74838320886061,0.0
11723,11723.0,22.431095848722887,0.0
11724,11724.0,21.53395426860824,0.0
11725,11725.0,21.891742688666206,0.0
11726,11726.0,21.874567148915094,0.0
11727,11727.0,21.84263681207398,0.0
11728,11728.0,21.658774915476197,0.0
11729,11729.0,21.79065944539282,0.0
11730,11730.0,21.557533011537167,0.0
11731,11731.0,22.35097942324444,0.0
11732,11732.0,22.009524266092626,0.0
11733,11733.0,21.40345713304696,0.0
11734,11734.0,21.624416822422663,0.0
11735,11735.0,22.117532025562408,0.0
11736,11736.0,21.788388564501425,0.0
11737,11737.0,21.460611369245363,0.0
11738,11738.0,21.857970571113626,0.0
11739,11739.0,22.033010677066464,0.0
11740,11740.0,21.834800043454738,0.0
11741,11741.0,21.875293661162114,0.0
11742,11742.0,22.225375567041574,0.0
11743,11743.0,21.427879282572412,0.0
11744,11744.0,21.369502495437946,0.0
11745,11745.0,22.151703927525865,0.0
11746,11746.0,21.436025251839737,0.0
11747,11747.0,21.33628126268102,0.0
11748,11748.0,21.526355878340514,0.0
11749,11749.0,21.55260418254773,0.0
11750,11750.0,22.167779175682128,0.0
11751,11751.0,21.396944467696496,0.0
11752,11752.0,21.8441784054831,0.0
11753,11753.0,21.19854648960003,0.0
11754,11754.0,21.453257438379914,0.0
11755,11755.0,21.340087193618018,0.0
11756,11756.0,21.636914796474393,0.0
11757,11757.0,21.607594370545627,0.0
11758,11758.0,21.824135712261906,0.0
11759,11759.0,21.381331994027043,0.0
11760,11760.0,21.419885792359388,0.0
11761,11761.0,21.89026426724039,0.0
11762,11762.0,21.848339171382246,0.0
11763,11763.0,21.160539472857845,0.0
11764,11764.0,21.55039271831689,0.0
11765,11765.0,21.595690891840594,0.0
11766,11766.0,21.553338700252485,0.0
11767,11767.0,21.48330338686231,0.0
11768,11768.0,21.19333295570846,0.0
11769,11769.0,21.174682951435237,0.0
11770,11770.0,21.43406156350853,0.0
11771,11771.0,22.00730406580654,0.0
11772,11772.0,21.550176684753566,0.0
11773,11773.0,21.565047689120398,0.0
11774,11774.0,21.79840826351767,0.0
11775,11775.0,21.562312940848948,0.0
11776,11776.0,21.84133681586374,0.0
11777,11777.0,21.222381509574642,0.0
11778,11778.0,21.888339144747693,0.0
11779,11779.0,21.569879857399993,0.0
11780,11780.0,21.02894840759408,0.0
11781,11781.0,21.207409632308718,0.0
11782,11782.0,21.30594268891393,0.0
11783,11783.0,21.55653671193631,0.0
11784,11784.0,21.615639172533026,0.0
11785,11785.0,21.599734518584928,0.0
11786,11786.0,21.23993027991255,0.0
11787,11787.0,21.880917906925063,0.0
11788,11788.0,21.18570505428397,0.0
11789,11789.0,21.0960248533193,0.0
11790,11790.0,21.82558436085314,0.0
11791,11791.0,21.989385360220634,0.0
11792,11792.0,21.009551000790413,0.0
11793,11793.0,21.66612088151965,0.0
11794,11794.0,21.11528349490829,0.0
11795,11795.0,21.88284136484716,0.0
11796,11796.0,21.19001227883697,0.0
11797,11797.0,21.367641306753733,0.0
11798,11798.0,21.9403838109122,0.0
11799,11799.0,21.771856831134865,100.0
11800,11800.0,27.619436677696775,100.0
11801,11801.0,31.39568627154788,100.0
11802,11802.0,34.01642288063378,100.0
11803,11803.0,37.014701138554926,100.0
11804,11804.0,38.987802005009385,100.0
11805,11805.0,41.12394969386341,100.0
11806,11806.0,42.209496808339324,100.0
11807,11807.0,44.19407232407,100.0
11808,11808.0,45.160273399644645,100.0
11809,11809.0,46.18225671835042,100.0
11810,11810.0,47.569420735430704,100.0
11811,11811.0,48.16779134340265,100.0
11812,11812.0,48.62019823303144,100.0
11813,11813.0,50.15404415596058,100.0
11814,11814.0,50.24341212868953,100.0
11815,11815.0,51.43845054326247,100.0
11816,11816.0,52.50896730613783,100.0
11817,11817.0,53.21675293907997,100.0
11818,11818.0,53.674663899577425,100.0
11819,11819.0,53.85104022513436,100.0
11820,11820.0,54.769502007746304,100.0
11821,11821.0,55.321734487100876,100.0
11822,11822.0,55.92874745582037,100.0
11823,11823.0,56.26760837356494,100.0
11824,11824.0,56.52987135550039,100.0
11825,11825.0,56.863575760603204,100.0
11826,11826.0,57.88810650165269,100.0
11827,11827.0,57.88958298222719,100.0
11828,11828.0,58.48291552463509,100.0
11829,11829.0,59.07176168138401,100.0
11830,11830.0,58.878147566514734,100.0
11831,11831.0,59.29017281363909,100.0
11832,11832.0,59.83434195104773,100.0
11833,11833.0,59.89519777039118,100.0
11834,11834.0,60.76818878249112,100.0
11835,11835.0,60.707162067547884,100.0
11836,11836.0,60.98454908530976,100.0
11837,11837.0,61.79788814353093,100.0
11838,11838.0,61.366387738186646,100.0
11839,11839.0,62.40551967761048,100.0
11840,11840.0,62.757402795622,100.0
11841,11841.0,62.685577908794116,100.0
11842,11842.0,63.27790622740518,100.0
11843,11843.0,63.04835407101467,100.0
11844,11844.0,63.69710290483806,100.0
11845,11845.0,63.33654075898223,100.0
11846,11846.0,63.702065224266406,100.0
11847,11847.0,64.5909725014351,100.0
11848,11848.0,64.83209639315858,100.0
11849,11849.0,64.70211248730037,100.0
11850,11850.0,64.49368270969998,100.0
11851,11851.0,65.16974123444912,100.0
11852,11852.0,65.3128731374988,100.0
11853,11853.0,64.98715796743255,100.0
11854,11854.0,66.04949010885396,100.0
11855,11855.0,65.74547855939849,100.0
11856,11856.0,65.90915666044708,100.0
11857,11857.0,66.37102191524005,100.0
11858,11858.0,66.42754452391392,100.0
11859,11859.0,66.66880621046882,100.0
11860,11860.0,66.55868553920509,100.0
11861,11861.0,66.65344337657189,100.0
11862,11862.0,66.72896960204922,100.0
11863,11863.0,67.71308066191504,100.0
11864,11864.0,67.61773965103117,100.0
11865,11865.0,67.53483811108921,100.0
11866,11866.0,67.67803559082601,100.0
11867,11867.0,67.91426984895449,100.0
11868,11868.0,68.22328552689636,100.0
11869,11869.0,67.99350337524761,100.0
11870,11870.0,68.32401462658024,100.0
11871,11871.0,68.65643361646107,100.0
11872,11872.0,68.65217605844919,100.0
11873,11873.0,68.61412716198255,100.0
11874,11874.0,69.37305480765708,100.0
11875,11875.0,68.72417547120448,100.0
11876,11876.0,69.42343182636505,100.0
11877,11877.0,69.24687244562925,100.0
11878,11878.0,69.2328161912355,100.0
11879,11879.0,69.13882795899362,100.0
11880,11880.0,69.5764721955797,100.0
11881,11881.0,69.46554091599208,100.0
11882,11882.0,70.00284134080763,100.0
11883,11883.0,70.36863441195003,100.0
11884,11884.0,69.86687630324703,100.0
11885,11885.0,70.43992845941625,100.0
11886,11886.0,69.9854530807996,100.0
11887,11887.0,70.9061720834205,100.0
11888,11888.0,70.18340042413634,100.0
11889,11889.0,71.2252401800588,100.0
11890,11890.0,70.91420466821148,100.0
11891,11891.0,70.64671038510343,100.0
11892,11892.0,71.20159568024671,100.0
11893,11893.0,70.64978516040372,100.0
11894,11894.0,71.31159717217888,100.0
11895,11895.0,71.26150670768514,100.0
11896,11896.0,71.01683727620936,100.0
11897,11897.0,71.79977390582336,100.0
11898,11898.0,71.22856535091162,100.0
11899,11899.0,71.69260876339105,100.0
11900,11900.0,71.40242003612265,100.0
11901,11901.0,71.92229842941988,100.0
11902,11902.0,72.21122407186725,100.0
11903,11903.0,71.90508511649604,100.0
11904,11904.0,72.50776752345617,100.0
11905,11905.0,72.38041918311917,100.0
11906,11906.0,71.92605739365683,100.0
11907,11907.0,72.43180725938501,100.0
11908,11908.0,72.75556711116424,100.0
11909,11909.0,72.3719347808468,100.0
11910,11910.0,72.50883505284497,100.0
11911,11911.0,72.83921689286387,100.0
11912,11912.0,73.02322348914001,100.0
11913,11913.0,72.31051422075704,100.0
11914,11914.0,72.96155446085334,100.0
11915,11915.0,72.7808056534175,100.0
11916,11916.0,72.54721333127355,100.0
11917,11917.0,72.8392134597953,100.0
11918,11918.0,72.78782435935192,100.0
11919,11919.0,73.31880083228654,100.0
11920,11920.0,73.20316107704168,100.0
11921,11921.0,73.78309176398854,100.0
11922,11922.0,73.52970872672313,100.0
11923,11923.0,73.59656185617963,100.0
11924,11924.0,73.45711173676446,100.0
11925,11925.0,73.26020046189021,100.0
11926,11926.0,73.16908374548642,100.0
11927,11927.0,74.14522067910934,100.0
11928,11928.0,73.45576689996372,100.0
11929,11929.0,74.23127108123788,100.0
11930,11930.0,73.64802239550214,100.0
11931,11931.0,74.36030776059485,100.0
11932,11932.0,74.17108757719743,100.0
11933,11933.0,73.4787570610747,100.0
11934,11934.0,74.2728367216311,100.0
11935,11935.0,74.34093654783346,100.0
11936,11936.0,74.19488190748072,100.0
11937,11937.0,74.02104545337342,100.0
11938,11938.0,74.50548919372274,100.0
11939,11939.0,74.68250273525277,100.0
11940,11940.0,74.21307055787013,100.0
11941,11941.0,73.97300430797415,100.0
11942,11942.0,74.01052394105368,100.0
11943,11943.0,74.15027556280118,100.0
11944,11944.0,74.71918974751051,100.0
11945,11945.0,74.68603085218672,100.0
11946,11946.0,74.48854520571277,100.0
11947,11947.0,74.25426651768956,100.0
11948,11948.0,74.53775078190804,100.0
11949,11949.0,74.22112740818342,100.0
11950,11950.0,75.04639518455505,100.0
11951,11951.0,74.2298887759719,100.0
11952,11952.0,74.87830266508222,100.0
11953,11953.0,74.68165118461347,100.0
11954,11954.0,75.18281474558583,100.0
11955,11955.0,74.84788841200363,100.0
11956,11956.0,74.52075089592799,100.0
11957,11957.0,75.21123904490952,100.0
11958,11958.0,74.95694212032225,100.0
11959,11959.0,75.16215747777133,100.0
11960,11960.0,74.79686828133089,100.0
11961,11961.0,74.96093318921464,100.0
11962,11962.0,74.7731273233427,100.0
11963,11963.0,74.74533571938805,100.0
11964,11964.0,74.97335883610198,100.0
11965,11965.0,74.74912123725994,100.0
11966,11966.0,75.07572100475328,100.0
11967,11967.0,74.8630190413911,100.0
11968,11968.0,75.54760146058668,100.0
11969,11969.0,75.30804564313262,100.0
11970,11970.0,74.86635059477744,100.0
11971,11971.0,74.80939509831414,100.0
11972,11972.0,75.34625067388576,100.0
11973,11973.0,75.02547258584616,100.0
11974,11974.0,75.78979875337676,100.0
11975,11975.0,75.45834673022485,100.0
11976,11976.0,75.17090961873019,100.0
11977,11977.0,74.8796503536043,100.0
11978,11978.0,75.812774286612,100.0
11979,11979.0,74.93005506800684,100.0
11980,11980.0,75.57508756163017,100.0
11981,11981.0,75.7711048115048,100.0
11982,11982.0,74.91419212378723,100.0
11983,11983.0,75.7901713103032,100.0
11984,11984.0,75.69283756561398,100.0
11985,11985.0,75.79057399976283,100.0
11986,11986.0,75.08178638160899,100.0
11987,11987.0,75.73677353026503,100.0
11988,11988.0,75.04217541313395,100.0
11989,11989.0,75.63057762985545,100.0
11990,11990.0,75.29395304627752,100.0
11991,11991.0,75.27354102821623,100.0
11992,11992.0,75.23679600447124,100.0
11993,11993.0,75.28609013330434,100.0
11994,11994.0,75.34921086545171,100.0
11995,11995.0,75.44455361145756,100.0
11996,11996.0,75.60314447185173,100.0
11997,11997.0,75.43675960744822,100.0
11998,11998.0,75.65197044784162,100.0
11999,11999.0,75.3446662267943,100.0
12000,12000.0,75.80319438360347,100.0
12001,12001.0,75.34768830920201,100.0
12002,12002.0,75.03184215341385,100.0
12003,12003.0,75.12835134905083,100.0
12004,12004.0,75.81797664668508,100.0
12005,12005.0,75.44220018521217,100.0
12006,12006.0,75.98142690187873,100.0
12007,12007.0,75.40410275650454,100.0
12008,12008.0,75.18093298163733,100.0
12009,12009.0,75.77775633194099,100.0
12010,12010.0,75.10204033597999,100.0
12011,12011.0,75.58996804985374,100.0
12012,12012.0,75.12058522220539,100.0
12013,12013.0,75.88489032291915,100.0
12014,12014.0,75.42670010010058,100.0
12015,12015.0,75.36830072788678,100.0
12016,12016.0,75.37881568913366,100.0
12017,12017.0,75.86510475082451,100.0
12018,12018.0,75.77052854637836,100.0
12019,12019.0,75.09647041647773,0.0
12020,12020.0,71.98788474764622,0.0
12021,12021.0,69.72505833551477,0.0
12022,12022.0,67.22479601354532,0.0
12023,12023.0,65.8725640227699,0.0
12024,12024.0,63.911061651645895,0.0
12025,12025.0,62.26855917871138,0.0
12026,12026.0,61.52079979336608,0.0
12027,12027.0,60.22091938671311,0.0
12028,12028.0,58.92661725582295,0.0
12029,12029.0,58.46486122437214,0.0
12030,12030.0,57.174405982994585,0.0
12031,12031.0,56.50039553995367,0.0
12032,12032.0,55.313235755124296,0.0
12033,12033.0,55.0870092921301,0.0
12034,12034.0,53.92690014218886,0.0
12035,12035.0,52.87684985783735,0.0
12036,12036.0,52.2887502966333,0.0
12037,12037.0,51.96621149843012,0.0
12038,12038.0,50.992884459865216,0.0
12039,12039.0,51.13013104615811,0.0
12040,12040.0,49.95779163221398,0.0
12041,12041.0,50.13630646568098,0.0
12042,12042.0,48.86072173332531,0.0
12043,12043.0,48.833855721848586,0.0
12044,12044.0,48.248494897774705,0.0
12045,12045.0,47.94001998377895,0.0
12046,12046.0,47.0310524660414,0.0
12047,12047.0,47.18648512304377,0.0
12048,12048.0,46.229211659743186,0.0
12049,12049.0,45.79927619658649,0.0
12050,12050.0,45.7186116198275,0.0
12051,12051.0,45.0785748257427,0.0
12052,12052.0,45.53619731474636,0.0
12053,12053.0,44.34647643544091,0.0
12054,12054.0,44.863154054373176,0.0
12055,12055.0,43.91331364193074,0.0
12056,12056.0,43.75661295529914,0.0
12057,12057.0,43.15343575676198,0.0
12058,12058.0,42.93009019320938,0.0
12059,12059.0,43.4047696983521,0.0
12060,12060.0,42.60691391676299,0.0
12061,12061.0,42.72778507469242,0.0
12062,12062.0,42.45754762764036,0.0
12063,12063.0,41.86458586009624,0.0
12064,12064.0,41.18767992781005,0.0
12065,12065.0,40.86360550257595,0.0
12066,12066.0,41.09482311765356,0.0
12067,12067.0,40.448218163715524,0.0
12068,12068.0,41.01207645667668,0.0
12069,12069.0,39.9199410252258,0.0
12070,12070.0,40.36019632578913,0.0
12071,12071.0,40.316709023137285,0.0
12072,12072.0,39.55302316677647,0.0
12073,12073.0,39.73135232239893,0.0
12074,12074.0,39.581541354826776,0.0
12075,12075.0,39.03671899485449,0.0
12076,12076.0,38.43808514106953,0.0
12077,12077.0,38.48892270581299,0.0
12078,12078.0,37.92017036057765,0.0
12079,12079.0,38.64973648460033,0.0
12080,12080.0,37.55450786866764,0.0
12081,12081.0,38.22567481710643,0.0
12082,12082.0,37.275042927831755,0.0
12083,12083.0,37.57053187886309,0.0
12084,12084.0,37.7607759726497,0.0
12085,12085.0,37.23256075520365,0.0
12086,12086.0,37.13371765205243,0.0
12087,12087.0,36.94546572343314,0.0
12088,12088.0,36.17115888965793,0.0
12089,12089.0,36.68400516252482,0.0
12090,12090.0,36.17004245752494,0.0
12091,12091.0,35.78571733536458,0.0
12092,12092.0,36.026331730362514,0.0
12093,12093.0,35.541395753542055,0.0
12094,12094.0,35.87320685413068,0.0
12095,12095.0,35.45680084516368,0.0
12096,12096.0,35.60468384498466,0.0
12097,12097.0,35.50669340783738,0.0
12098,12098.0,35.24658650025459,0.0
12099,12099.0,34.43060360135089,0.0
12100,12100.0,34.97661482609622,0.0
12101,12101.0,34.921618002735286,0.0
12102,12102.0,34.69560778792298,0.0
12103,12103.0,34.309754726632534,0.0
12104,12104.0,34.048546044503944,0.0
12105,12105.0,33.67797979067512,0.0
12106,12106.0,34.03445195845051,0.0
12107,12107.0,33.834927587970185,0.0
12108,12108.0,33.86506753852664,0.0
12109,12109.0,33.84015659945446,0.0
12110,12110.0,33.783115697618875,0.0
12111,12111.0,33.3194568365972,0.0
12112,12112.0,33.15391629737076,0.0
12113,12113.0,32.57520327989977,0.0
12114,12114.0,32.78205030508025,0.0
12115,12115.0,32.71095795789647,0.0
12116,12116.0,32.86760748741242,0.0
12117,12117.0,32.86643848419055,0.0
12118,12118.0,32.879454710665165,0.0
12119,12119.0,32.02125396048866,0.0
12120,12120.0,32.0621715361579,0.0
12121,12121.0,31.85185752229854,0.0
12122,12122.0,31.931887916552785,0.0
12123,12123.0,32.39769079327378,0.0
12124,12124.0,31.810827625454817,0.0
12125,12125.0,31.38445185834478,0.0
12126,12126.0,32.01019268318942,0.0
12127,12127.0,31.932122518487844,0.0
12128,12128.0,31.002724592390816,0.0
12129,12129.0,31.423359265190985,0.0
12130,12130.0,31.462401590072787,0.0
12131,12131.0,31.383504045265738,0.0
12132,12132.0,31.479852468995645,0.0
12133,12133.0,30.94007238195351,0.0
12134,12134.0,31.13381339666128,0.0
12135,12135.0,30.437063667162647,0.0
12136,12136.0,30.57439507943866,0.0
12137,12137.0,30.499155081793212,0.0
12138,12138.0,30.34424521773743,0.0
12139,12139.0,30.189855013981298,0.0
12140,12140.0,29.90190858762525,0.0
12141,12141.0,29.730549083729986,0.0
12142,12142.0,29.96510689533971,0.0
12143,12143.0,29.81923596828894,0.0
12144,12144.0,30.1503648569948,0.0
12145,12145.0,29.9744314309718,0.0
12146,12146.0,29.478443108844925,0.0
12147,12147.0,29.265246033073968,0.0
12148,12148.0,29.70357036938426,0.0
12149,12149.0,29.333657446468703,0.0
12150,12150.0,28.997226050101794,0.0
12151,12151.0,29.11000214912374,0.0
12152,12152.0,29.24916708532548,0.0
12153,12153.0,29.324662761723314,0.0
12154,12154.0,28.716523630063612,0.0
12155,12155.0,29.481641285779,0.0
12156,12156.0,29.460885594509886,0.0
12157,12157.0,28.890902305228014,0.0
12158,12158.0,28.54806688817603,0.0
12159,12159.0,29.091410970325683,0.0
12160,12160.0,28.30195166494463,0.0
12161,12161.0,28.267097006920455,0.0
12162,12162.0,28.087663183824375,0.0
12163,12163.0,28.380498137802668,0.0
12164,12164.0,28.722496024070466,0.0
12165,12165.0,28.23741649242174,0.0
12166,12166.0,27.782251111602953,0.0
12167,12167.0,27.711010515253644,0.0
12168,12168.0,28.04309595387534,0.0
12169,12169.0,27.61324198908707,0.0
12170,12170.0,28.38853507076651,0.0
12171,12171.0,28.34544540638495,0.0
12172,12172.0,27.584810917312453,0.0
12173,12173.0,28.26071378359944,0.0
12174,12174.0,27.944706516711133,0.0
12175,12175.0,27.152853826172787,0.0
12176,12176.0,27.138100542924658,0.0
12177,12177.0,27.466339914790517,0.0
12178,12178.0,27.669197914307755,0.0
12179,12179.0,27.400590206354625,0.0
12180,12180.0,26.92025211389769,0.0
12181,12181.0,27.2554568490726,0.0
12182,12182.0,27.61429956260189,0.0
12183,12183.0,27.446581081943457,0.0
12184,12184.0,26.824103345232153,0.0
12185,12185.0,26.76561315204512,0.0
12186,12186.0,27.39528718115869,0.0
12187,12187.0,26.860245321164804,0.0
12188,12188.0,27.306492388799715,0.0
12189,12189.0,27.01077876770148,0.0
12190,12190.0,27.231954919765908,0.0
12191,12191.0,26.213396468869224,0.0
12192,12192.0,26.582094078246687,0.0
12193,12193.0,26.34506932145446,0.0
12194,12194.0,26.203831379897487,0.0
12195,12195.0,26.152502816846418,0.0
12196,12196.0,26.266866213957947,0.0
12197,12197.0,26.64851170524107,0.0
12198,12198.0,26.417204436058526,0.0
12199,12199.0,26.303579817886902,0.0
12200,12200.0,25.76868608115337,0.0
12201,12201.0,25.94132616639315,0.0
12202,12202.0,26.478657155063075,0.0
12203,12203.0,26.151484473899007,0.0
12204,12204.0,26.135181904093237,0.0
12205,12205.0,25.74209063165526,0.0
12206,12206.0,26.047662203591447,0.0
12207,12207.0,26.266149992924262,0.0
12208,12208.0,26.259292565084174,0.0
12209,12209.0,25.395956711962494,0.0
12210,12210.0,25.445123837954878,0.0
12211,12211.0,25.52766030731322,0.0
12212,12212.0,25.318457849559085,0.0
12213,12213.0,25.307095733380923,0.0
12214,12214.0,25.892155789816655,0.0
12215,12215.0,25.790675348393986,0.0
12216,12216.0,25.51727787434857,0.0
12217,12217.0,25.754326292674246,0.0
12218,12218.0,25.2894841144497,0.0
12219,12219.0,25.452518531731155,0.0
12220,12220.0,25.209849224851475,0.0
12221,12221.0,25.709537714907164,0.0
12222,12222.0,24.922298334558032,0.0
12223,12223.0,24.731163352721016,0.0
12224,12224.0,24.89122737358829,0.0
12225,12225.0,24.948850890907362,0.0
12226,12226.0,25.06290030039541,0.0
12227,12227.0,25.37917753729211,0.0
12228,12228.0,24.954629803352727,0.0
12229,12229.0,24.72250613852062,0.0
12230,12230.0,24.98973905545202,0.0
12231,12231.0,25.160034790323717,0.0
12232,12232.0,24.3871716437636,0.0
12233,12233.0,24.93447450603199,0.0
12234,12234.0,25.15556430635392,0.0
12235,12235.0,25.137368209688685,0.0
12236,12236.0,24.992859170996628,0.0
12237,12237.0,24.98250475365096,0.0
12238,12238.0,24.838965166079877,0.0
12239,12239.0,24.196128976787044,0.0
12240,12240.0,24.756583655683432,0.0
12241,12241.0,24.394057812334285,0.0
12242,12242.0,24.826095960643926,0.0
12243,12243.0,24.548906722831315,0.0
12244,12244.0,24.236684725420677,0.0
12245,12245.0,23.783368729652157,0.0
12246,12246.0,24.513830856700498,0.0
12247,12247.0,23.95555563521104,0.0
12248,12248.0,23.762430765730947,0.0
12249,12249.0,24.26135502492996,0.0
12250,12250.0,24.38937561782331,0.0
12251,12251.0,23.844716085222654,0.0
12252,12252.0,24.440868009818104,0.0
12253,12253.0,23.666930269882435,0.0
12254,12254.0,24.10156859597837,0.0
12255,12255.0,23.651744974095344,0.0
12256,12256.0,23.415532997638355,0.0
12257,12257.0,24.19278443190006,0.0
12258,12258.0,23.486353451055425,0.0
12259,12259.0,24.038835103313943,0.0
12260,12260.0,24.064287700823066,0.0
12261,12261.0,23.5640232802507,0.0
12262,12262.0,23.574439430879124,0.0
12263,12263.0,24.06800186028057,0.0
12264,12264.0,24.03019676265218,0.0
12265,12265.0,24.103432815841952,0.0
12266,12266.0,23.136768893440227,0.0
12267,12267.0,23.762373796679988,0.0
12268,12268.0,23.56118085301208,0.0
12269,12269.0,23.251191627087273,0.0
12270,12270.0,23.97971543991456,0.0
12271,12271.0,23.890906282157868,0.0
12272,12272.0,23.3398371487921,0.0
12273,12273.0,23.007744193482196,0.0
12274,12274.0,23.577210913268118,0.0
12275,12275.0,23.28770741686073,0.0
12276,12276.0,23.224005630078672,0.0
12277,12277.0,23.09228247540032,0.0
12278,12278.0,23.505336300165304,0.0
12279,12279.0,22.958028505634132,0.0
12280,12280.0,22.776736263114802,0.0
12281,12281.0,23.534270086347902,0.0
12282,12282.0,23.64206306493608,0.0
12283,12283.0,23.12394917234496,0.0
12284,12284.0,22.61012619398183,0.0
12285,12285.0,22.620349022575883,0.0
12286,12286.0,23.434163956522035,0.0
12287,12287.0,22.687035127601497,0.0
12288,12288.0,23.1065508579294,0.0
12289,12289.0,22.8536960358164,0.0
12290,12290.0,22.8081953302969,0.0
12291,12291.0,23.10827475882026,0.0
12292,12292.0,22.677688624559845,0.0
12293,12293.0,23.305981700523596,0.0
12294,12294.0,23.180538421866736,0.0
12295,12295.0,22.663668606313294,0.0
12296,12296.0,22.615714342588078,0.0
12297,12297.0,22.977778722426258,0.0
12298,12298.0,23.03098784452708,0.0
12299,12299.0,22.96373265071686,0.0
12300,12300.0,22.33931018436272,0.0
12301,12301.0,22.562958115613917,0.0
12302,12302.0,22.291053957903404,0.0
12303,12303.0,22.455839522219403,0.0
12304,12304.0,22.172820638042282,0.0
12305,12305.0,22.441244737944558,0.0
12306,12306.0,22.409553152192913,0.0
12307,12307.0,22.418012361497688,0.0
12308,12308.0,22.85702198865925,0.0
12309,12309.0,22.81529747458036,0.0
12310,12310.0,22.165248640353212,0.0
12311,12311.0,22.82114732913724,0.0
12312,12312.0,22.162858634475903,0.0
12313,12313.0,22.59471259316105,0.0
12314,12314.0,22.020075344806816,0.0
12315,12315.0,22.585046299094834,0.0
12316,12316.0,22.250170897494147,0.0
12317,12317.0,22.446097281658858,0.0
12318,12318.0,22.033874928461167,0.0
12319,12319.0,22.14868022865144,0.0
12320,12320.0,22.764729797464227,0.0
12321,12321.0,22.650140457079086,0.0
12322,12322.0,21.85286677223006,0.0
12323,12323.0,22.618548040014574,0.0
12324,12324.0,21.841516147027235,0.0
12325,12325.0,22.62565387341908,0.0
12326,12326.0,21.877561554516173,0.0
12327,12327.0,22.423109937535717,0.0
12328,12328.0,21.864999027063053,0.0
12329,12329.0,22.617389364936464,0.0
12330,12330.0,22.21793278334989,0.0
12331,12331.0,22.118213201963048,0.0
12332,12332.0,22.21773975859002,0.0
12333,12333.0,21.773053562868387,0.0
12334,12334.0,22.518037536824796,0.0
12335,12335.0,21.754109153239302,0.0
12336,12336.0,22.405057789151904,0.0
12337,12337.0,22.36864444271252,0.0
12338,12338.0,22.197332615436597,0.0
12339,12339.0,22.053535189448493,0.0
12340,12340.0,21.876984432466656,0.0
12341,12341.0,22.036100828066523,0.0
12342,12342.0,22.09383672256666,0.0
12343,12343.0,21.93118381939542,0.0
12344,12344.0,21.805558635967078,0.0
12345,12345.0,22.187110705189315,0.0
12346,12346.0,22.065969473310634,0.0
12347,12347.0,22.37921230792657,0.0
12348,12348.0,22.118573360614736,0.0
12349,12349.0,21.53652878683916,0.0
12350,12350.0,22.35088970274211,0.0
12351,12351.0,21.681816682233723,0.0
12352,12352.0,21.516048495361446,0.0
12353,12353.0,22.068784040966445,0.0
12354,12354.0,22.03727481412746,0.0
12355,12355.0,21.52620565544615,0.0
12356,12356.0,22.308674893998027,0.0
12357,12357.0,22.161844592457346,0.0
12358,12358.0,21.7958124412878,0.0
12359,12359.0,21.997646703646353,0.0
12360,12360.0,22.05074025245543,0.0
12361,12361.0,21.435210648546217,0.0
12362,12362.0,21.501343289370862,0.0
12363,12363.0,22.01956164256846,0.0
12364,12364.0,21.397692961450076,0.0
12365,12365.0,21.60486680211112,0.0
12366,12366.0,22.11375757535552,0.0
12367,12367.0,21.626308775555927,0.0
12368,12368.0,22.05522663025745,0.0
12369,12369.0,21.566862519061022,0.0
12370,12370.0,21.921439423823635,0.0
12371,12371.0,22.076641308228435,0.0
12372,12372.0,21.55803056020116,0.0
12373,12373.0,21.75911586039006,0.0
12374,12374.0,21.318547345921367,0.0
12375,12375.0,21.500966105668528,0.0
12376,12376.0,22.03666758760724,0.0
12377,12377.0,21.815401975158895,0.0
12378,12378.0,21.936459666587645,0.0
12379,12379.0,21.469924805769665,0.0
12380,12380.0,21.12767684381202,0.0
12381,12381.0,21.234276460236202,0.0
12382,12382.0,21.67731321488714,0.0
12383,12383.0,21.929332684564358,0.0
12384,12384.0,21.856559424423622,0.0
12385,12385.0,21.84399065167649,0.0
12386,12386.0,21.503736696054826,0.0
12387,12387.0,21.818277887722182,0.0
12388,12388.0,21.851609570624905,0.0
12389,12389.0,21.84376608088444,0.0
12390,12390.0,21.763135627582546,0.0
12391,12391.0,21.864915138150167,0.0
12392,12392.0,21.454220073023993,0.0
12393,12393.0,21.79858298056422,0.0
12394,12394.0,21.369458925356017,0.0
12395,12395.0,21.833986444593943,0.0
12396,12396.0,22.012822004743985,0.0
12397,12397.0,21.7372567253296,0.0
12398,12398.0,21.694275284325457,0.0
12399,12399.0,21.036844693486863,0.0
12400,12400.0,21.815674293240345,0.0
12401,12401.0,21.852346647074217,0.0
12402,12402.0,21.855769899552865,0.0
12403,12403.0,21.164690830194225,0.0
12404,12404.0,21.431059595606246,0.0
12405,12405.0,21.31203407558112,0.0
12406,12406.0,21.310786226253235,0.0
12407,12407.0,21.41423020689806,0.0
12408,12408.0,21.231106493679036,0.0
12409,12409.0,21.1821938340472,0.0
12410,12410.0,21.036467966626667,0.0
12411,12411.0,21.417951026916242,0.0
12412,12412.0,21.799505400524602,0.0
12413,12413.0,21.727725881926446,0.0
12414,12414.0,21.155819063108545,0.0
12415,12415.0,21.723733111745112,0.0
12416,12416.0,21.92780598612485,0.0
12417,12417.0,21.59742983495561,0.0
12418,12418.0,21.588826147084646,0.0
12419,12419.0,21.046335033507724,0.0
12420,12420.0,21.056707790739374,0.0
